Key,File,Type,UsedInMainMenu,NoTranslate,KeepLoaded,english,Context / Alternate Text,german,spanish,french,italian,japanese,koreana,polish,brazilian,russian,turkish,schinese,tchinese
PZAECBuildPartsR2,items,BuildCores,,,,Rank 2 Tactical Components,,,,,,,,,,,,2 阶战术组件,2 阶战术组件
PZAECBuildPartsR2Desc,items,BuildCores,,,,Earn 3 from a T16 trial or 5 from T16 base defense. Use 6 with legendary parts and metals to craft any rank 2 build core at a workbench. No lower-rank core required. Not sold by traders.,,,,,,,,,,,,完成 T16 传奇试炼获得 3 个，基地防守获得 5 个。在工作台用 6 个组件、传奇零件和金属制作任意 2 阶流派核心；不需低阶核心。商人不出售。,完成 T16 传奇试炼获得 3 个，基地防守获得 5 个。在工作台用 6 个组件、传奇零件和金属制作任意 2 阶流派核心；不需低阶核心。商人不出售。
modPZAECPrecisionR2,items,BuildCores,,,,Eagle Eye Core - Rank 2,,,,,,,,,,,,鹰眼核心·2 阶,鹰眼核心·2 阶
modPZAECPrecisionR2Desc,items,BuildCores,,,,"Firearms only. Headshot modifier +30%; aimed spread -10%. Trade-off: fire rate -15%; hip spread +20%. One build core per weapon. Fixed rank 2, independent of weapon quality. Craft with rank 2 tactical components from T16 encounters.",,,,,,,,,,,,枪械专用；爆头伤害系数 +30%，瞄准散布 -10%；代价：射速 -15%、腰射散布 +20%。同一武器只能安装一个流派核心。固定 2 阶，不随武器品质变化；使用 T16 挑战产出的同阶战术组件制作。百分比与原有同项加成相加，非最终独立倍数。,枪械专用；爆头伤害系数 +30%，瞄准散布 -10%；代价：射速 -15%、腰射散布 +20%。同一武器只能安装一个流派核心。固定 2 阶，不随武器品质变化；使用 T16 挑战产出的同阶战术组件制作。百分比与原有同项加成相加，非最终独立倍数。
modPZAECBreakerR2,items,BuildCores,,,,Breaker Core - Rank 2,,,,,,,,,,,,破军核心·2 阶,破军核心·2 阶
modPZAECBreakerR2Desc,items,BuildCores,,,,"Melee weapons only. Power-attack damage modifier +35%. Trade-off: normal-attack damage modifier -10%; power-attack stamina cost modifier +15%. One build core per weapon. Fixed rank 2, independent of weapon quality. Craft with rank 2 tactical components from T16 encounters.",,,,,,,,,,,,近战武器专用；重击伤害系数 +35%；代价：普通攻击伤害系数 -10%、重击耐力消耗系数 +15%。同一武器只能安装一个流派核心。固定 2 阶，不随武器品质变化；使用 T16 挑战产出的同阶战术组件制作。百分比与原有同项加成相加，非最终独立倍数。,近战武器专用；重击伤害系数 +35%；代价：普通攻击伤害系数 -10%、重击耐力消耗系数 +15%。同一武器只能安装一个流派核心。固定 2 阶，不随武器品质变化；使用 T16 挑战产出的同阶战术组件制作。百分比与原有同项加成相加，非最终独立倍数。
modPZAECBarrageR2,items,BuildCores,,,,Barrage Core - Rank 2,,,,,,,,,,,,弹幕核心·2 阶,弹幕核心·2 阶
modPZAECBarrageR2Desc,items,BuildCores,,,,"Firearms only. Fire-rate modifier +15%; magazine-capacity modifier +10%. Trade-off: reload-speed modifier -10%; hip spread +15%. One build core per weapon. Fixed rank 2, independent of weapon quality. Craft with rank 2 tactical components from T16 encounters.",,,,,,,,,,,,枪械专用；射速系数 +15%、弹匣容量系数 +10%；代价：换弹速度系数 -10%、腰射散布 +15%。同一武器只能安装一个流派核心。固定 2 阶，不随武器品质变化；使用 T16 挑战产出的同阶战术组件制作。百分比与原有同项加成相加，非最终独立倍数。,枪械专用；射速系数 +15%、弹匣容量系数 +10%；代价：换弹速度系数 -10%、腰射散布 +15%。同一武器只能安装一个流派核心。固定 2 阶，不随武器品质变化；使用 T16 挑战产出的同阶战术组件制作。百分比与原有同项加成相加，非最终独立倍数。
modPZAECSkirmisherR2,items,BuildCores,,,,Skirmisher Core - Rank 2,,,,,,,,,,,,游击核心·2 阶,游击核心·2 阶
modPZAECSkirmisherR2Desc,items,BuildCores,,,,"Chest armor only. Maximum stamina +30; run-speed modifier +4%. Trade-off: armor rating -2. One chest core; can pair with a weapon core. Unequipping removes its effects. Fixed rank 2, independent of weapon quality. Craft with rank 2 tactical components from T16 encounters.",,,,,,,,,,,,胸甲专用；最大耐力 +30、奔跑速度系数 +4%；代价：护甲值 -2。只能装一个，可与武器流派核心搭配；卸下胸甲即失效。固定 2 阶，不随武器品质变化；使用 T16 挑战产出的同阶战术组件制作。百分比与原有同项加成相加，非最终独立倍数。,胸甲专用；最大耐力 +30、奔跑速度系数 +4%；代价：护甲值 -2。只能装一个，可与武器流派核心搭配；卸下胸甲即失效。固定 2 阶，不随武器品质变化；使用 T16 挑战产出的同阶战术组件制作。百分比与原有同项加成相加，非最终独立倍数。
PZAECBuildPartsR3,items,BuildCores,,,,Rank 3 Tactical Components,,,,,,,,,,,,3 阶战术组件,3 阶战术组件
PZAECBuildPartsR3Desc,items,BuildCores,,,,Earn 3 from a T17 trial or 5 from T17 base defense. Use 6 with legendary parts and metals to craft any rank 3 build core at a workbench. No lower-rank core required. Not sold by traders.,,,,,,,,,,,,完成 T17 传奇试炼获得 3 个，基地防守获得 5 个。在工作台用 6 个组件、传奇零件和金属制作任意 3 阶流派核心；不需低阶核心。商人不出售。,完成 T17 传奇试炼获得 3 个，基地防守获得 5 个。在工作台用 6 个组件、传奇零件和金属制作任意 3 阶流派核心；不需低阶核心。商人不出售。
modPZAECPrecisionR3,items,BuildCores,,,,Eagle Eye Core - Rank 3,,,,,,,,,,,,鹰眼核心·3 阶,鹰眼核心·3 阶
modPZAECPrecisionR3Desc,items,BuildCores,,,,"Firearms only. Headshot modifier +45%; aimed spread -15%. Trade-off: fire rate -15%; hip spread +20%. One build core per weapon. Fixed rank 3, independent of weapon quality. Craft with rank 3 tactical components from T17 encounters.",,,,,,,,,,,,枪械专用；爆头伤害系数 +45%，瞄准散布 -15%；代价：射速 -15%、腰射散布 +20%。同一武器只能安装一个流派核心。固定 3 阶，不随武器品质变化；使用 T17 挑战产出的同阶战术组件制作。百分比与原有同项加成相加，非最终独立倍数。,枪械专用；爆头伤害系数 +45%，瞄准散布 -15%；代价：射速 -15%、腰射散布 +20%。同一武器只能安装一个流派核心。固定 3 阶，不随武器品质变化；使用 T17 挑战产出的同阶战术组件制作。百分比与原有同项加成相加，非最终独立倍数。
modPZAECBreakerR3,items,BuildCores,,,,Breaker Core - Rank 3,,,,,,,,,,,,破军核心·3 阶,破军核心·3 阶
modPZAECBreakerR3Desc,items,BuildCores,,,,"Melee weapons only. Power-attack damage modifier +50%. Trade-off: normal-attack damage modifier -10%; power-attack stamina cost modifier +15%. One build core per weapon. Fixed rank 3, independent of weapon quality. Craft with rank 3 tactical components from T17 encounters.",,,,,,,,,,,,近战武器专用；重击伤害系数 +50%；代价：普通攻击伤害系数 -10%、重击耐力消耗系数 +15%。同一武器只能安装一个流派核心。固定 3 阶，不随武器品质变化；使用 T17 挑战产出的同阶战术组件制作。百分比与原有同项加成相加，非最终独立倍数。,近战武器专用；重击伤害系数 +50%；代价：普通攻击伤害系数 -10%、重击耐力消耗系数 +15%。同一武器只能安装一个流派核心。固定 3 阶，不随武器品质变化；使用 T17 挑战产出的同阶战术组件制作。百分比与原有同项加成相加，非最终独立倍数。
modPZAECBarrageR3,items,BuildCores,,,,Barrage Core - Rank 3,,,,,,,,,,,,弹幕核心·3 阶,弹幕核心·3 阶
modPZAECBarrageR3Desc,items,BuildCores,,,,"Firearms only. Fire-rate modifier +20%; magazine-capacity modifier +20%. Trade-off: reload-speed modifier -10%; hip spread +15%. One build core per weapon. Fixed rank 3, independent of weapon quality. Craft with rank 3 tactical components from T17 encounters.",,,,,,,,,,,,枪械专用；射速系数 +20%、弹匣容量系数 +20%；代价：换弹速度系数 -10%、腰射散布 +15%。同一武器只能安装一个流派核心。固定 3 阶，不随武器品质变化；使用 T17 挑战产出的同阶战术组件制作。百分比与原有同项加成相加，非最终独立倍数。,枪械专用；射速系数 +20%、弹匣容量系数 +20%；代价：换弹速度系数 -10%、腰射散布 +15%。同一武器只能安装一个流派核心。固定 3 阶，不随武器品质变化；使用 T17 挑战产出的同阶战术组件制作。百分比与原有同项加成相加，非最终独立倍数。
modPZAECSkirmisherR3,items,BuildCores,,,,Skirmisher Core - Rank 3,,,,,,,,,,,,游击核心·3 阶,游击核心·3 阶
modPZAECSkirmisherR3Desc,items,BuildCores,,,,"Chest armor only. Maximum stamina +45; run-speed modifier +6%. Trade-off: armor rating -2. One chest core; can pair with a weapon core. Unequipping removes its effects. Fixed rank 3, independent of weapon quality. Craft with rank 3 tactical components from T17 encounters.",,,,,,,,,,,,胸甲专用；最大耐力 +45、奔跑速度系数 +6%；代价：护甲值 -2。只能装一个，可与武器流派核心搭配；卸下胸甲即失效。固定 3 阶，不随武器品质变化；使用 T17 挑战产出的同阶战术组件制作。百分比与原有同项加成相加，非最终独立倍数。,胸甲专用；最大耐力 +45、奔跑速度系数 +6%；代价：护甲值 -2。只能装一个，可与武器流派核心搭配；卸下胸甲即失效。固定 3 阶，不随武器品质变化；使用 T17 挑战产出的同阶战术组件制作。百分比与原有同项加成相加，非最终独立倍数。
PZAECBuildPartsR4,items,BuildCores,,,,Rank 4 Tactical Components,,,,,,,,,,,,4 阶战术组件,4 阶战术组件
PZAECBuildPartsR4Desc,items,BuildCores,,,,Earn 3 from a T18 trial or 5 from T18 base defense. Use 6 with legendary parts and metals to craft any rank 4 build core at a workbench. No lower-rank core required. Not sold by traders.,,,,,,,,,,,,完成 T18 传奇试炼获得 3 个，基地防守获得 5 个。在工作台用 6 个组件、传奇零件和金属制作任意 4 阶流派核心；不需低阶核心。商人不出售。,完成 T18 传奇试炼获得 3 个，基地防守获得 5 个。在工作台用 6 个组件、传奇零件和金属制作任意 4 阶流派核心；不需低阶核心。商人不出售。
modPZAECPrecisionR4,items,BuildCores,,,,Eagle Eye Core - Rank 4,,,,,,,,,,,,鹰眼核心·4 阶,鹰眼核心·4 阶
modPZAECPrecisionR4Desc,items,BuildCores,,,,"Firearms only. Headshot modifier +60%; aimed spread -20%. Trade-off: fire rate -15%; hip spread +20%. One build core per weapon. Fixed rank 4, independent of weapon quality. Craft with rank 4 tactical components from T18 encounters.",,,,,,,,,,,,枪械专用；爆头伤害系数 +60%，瞄准散布 -20%；代价：射速 -15%、腰射散布 +20%。同一武器只能安装一个流派核心。固定 4 阶，不随武器品质变化；使用 T18 挑战产出的同阶战术组件制作。百分比与原有同项加成相加，非最终独立倍数。,枪械专用；爆头伤害系数 +60%，瞄准散布 -20%；代价：射速 -15%、腰射散布 +20%。同一武器只能安装一个流派核心。固定 4 阶，不随武器品质变化；使用 T18 挑战产出的同阶战术组件制作。百分比与原有同项加成相加，非最终独立倍数。
modPZAECBreakerR4,items,BuildCores,,,,Breaker Core - Rank 4,,,,,,,,,,,,破军核心·4 阶,破军核心·4 阶
modPZAECBreakerR4Desc,items,BuildCores,,,,"Melee weapons only. Power-attack damage modifier +70%. Trade-off: normal-attack damage modifier -10%; power-attack stamina cost modifier +15%. One build core per weapon. Fixed rank 4, independent of weapon quality. Craft with rank 4 tactical components from T18 encounters.",,,,,,,,,,,,近战武器专用；重击伤害系数 +70%；代价：普通攻击伤害系数 -10%、重击耐力消耗系数 +15%。同一武器只能安装一个流派核心。固定 4 阶，不随武器品质变化；使用 T18 挑战产出的同阶战术组件制作。百分比与原有同项加成相加，非最终独立倍数。,近战武器专用；重击伤害系数 +70%；代价：普通攻击伤害系数 -10%、重击耐力消耗系数 +15%。同一武器只能安装一个流派核心。固定 4 阶，不随武器品质变化；使用 T18 挑战产出的同阶战术组件制作。百分比与原有同项加成相加，非最终独立倍数。
modPZAECBarrageR4,items,BuildCores,,,,Barrage Core - Rank 4,,,,,,,,,,,,弹幕核心·4 阶,弹幕核心·4 阶
modPZAECBarrageR4Desc,items,BuildCores,,,,"Firearms only. Fire-rate modifier +25%; magazine-capacity modifier +30%. Trade-off: reload-speed modifier -10%; hip spread +15%. One build core per weapon. Fixed rank 4, independent of weapon quality. Craft with rank 4 tactical components from T18 encounters.",,,,,,,,,,,,枪械专用；射速系数 +25%、弹匣容量系数 +30%；代价：换弹速度系数 -10%、腰射散布 +15%。同一武器只能安装一个流派核心。固定 4 阶，不随武器品质变化；使用 T18 挑战产出的同阶战术组件制作。百分比与原有同项加成相加，非最终独立倍数。,枪械专用；射速系数 +25%、弹匣容量系数 +30%；代价：换弹速度系数 -10%、腰射散布 +15%。同一武器只能安装一个流派核心。固定 4 阶，不随武器品质变化；使用 T18 挑战产出的同阶战术组件制作。百分比与原有同项加成相加，非最终独立倍数。
modPZAECSkirmisherR4,items,BuildCores,,,,Skirmisher Core - Rank 4,,,,,,,,,,,,游击核心·4 阶,游击核心·4 阶
modPZAECSkirmisherR4Desc,items,BuildCores,,,,"Chest armor only. Maximum stamina +60; run-speed modifier +8%. Trade-off: armor rating -2. One chest core; can pair with a weapon core. Unequipping removes its effects. Fixed rank 4, independent of weapon quality. Craft with rank 4 tactical components from T18 encounters.",,,,,,,,,,,,胸甲专用；最大耐力 +60、奔跑速度系数 +8%；代价：护甲值 -2。只能装一个，可与武器流派核心搭配；卸下胸甲即失效。固定 4 阶，不随武器品质变化；使用 T18 挑战产出的同阶战术组件制作。百分比与原有同项加成相加，非最终独立倍数。,胸甲专用；最大耐力 +60、奔跑速度系数 +8%；代价：护甲值 -2。只能装一个，可与武器流派核心搭配；卸下胸甲即失效。固定 4 阶，不随武器品质变化；使用 T18 挑战产出的同阶战术组件制作。百分比与原有同项加成相加，非最终独立倍数。
PZAECBuildPartsR5,items,BuildCores,,,,Rank 5 Tactical Components,,,,,,,,,,,,5 阶战术组件,5 阶战术组件
PZAECBuildPartsR5Desc,items,BuildCores,,,,Earn 3 from a T19 trial or 5 from T19 base defense. Use 6 with legendary parts and metals to craft any rank 5 build core at a workbench. No lower-rank core required. Not sold by traders.,,,,,,,,,,,,完成 T19 传奇试炼获得 3 个，基地防守获得 5 个。在工作台用 6 个组件、传奇零件和金属制作任意 5 阶流派核心；不需低阶核心。商人不出售。,完成 T19 传奇试炼获得 3 个，基地防守获得 5 个。在工作台用 6 个组件、传奇零件和金属制作任意 5 阶流派核心；不需低阶核心。商人不出售。
modPZAECPrecisionR5,items,BuildCores,,,,Eagle Eye Core - Rank 5,,,,,,,,,,,,鹰眼核心·5 阶,鹰眼核心·5 阶
modPZAECPrecisionR5Desc,items,BuildCores,,,,"Firearms only. Headshot modifier +80%; aimed spread -25%. Trade-off: fire rate -15%; hip spread +20%. One build core per weapon. Fixed rank 5, independent of weapon quality. Craft with rank 5 tactical components from T19 encounters.",,,,,,,,,,,,枪械专用；爆头伤害系数 +80%，瞄准散布 -25%；代价：射速 -15%、腰射散布 +20%。同一武器只能安装一个流派核心。固定 5 阶，不随武器品质变化；使用 T19 挑战产出的同阶战术组件制作。百分比与原有同项加成相加，非最终独立倍数。,枪械专用；爆头伤害系数 +80%，瞄准散布 -25%；代价：射速 -15%、腰射散布 +20%。同一武器只能安装一个流派核心。固定 5 阶，不随武器品质变化；使用 T19 挑战产出的同阶战术组件制作。百分比与原有同项加成相加，非最终独立倍数。
modPZAECBreakerR5,items,BuildCores,,,,Breaker Core - Rank 5,,,,,,,,,,,,破军核心·5 阶,破军核心·5 阶
modPZAECBreakerR5Desc,items,BuildCores,,,,"Melee weapons only. Power-attack damage modifier +90%. Trade-off: normal-attack damage modifier -10%; power-attack stamina cost modifier +15%. One build core per weapon. Fixed rank 5, independent of weapon quality. Craft with rank 5 tactical components from T19 encounters.",,,,,,,,,,,,近战武器专用；重击伤害系数 +90%；代价：普通攻击伤害系数 -10%、重击耐力消耗系数 +15%。同一武器只能安装一个流派核心。固定 5 阶，不随武器品质变化；使用 T19 挑战产出的同阶战术组件制作。百分比与原有同项加成相加，非最终独立倍数。,近战武器专用；重击伤害系数 +90%；代价：普通攻击伤害系数 -10%、重击耐力消耗系数 +15%。同一武器只能安装一个流派核心。固定 5 阶，不随武器品质变化；使用 T19 挑战产出的同阶战术组件制作。百分比与原有同项加成相加，非最终独立倍数。
modPZAECBarrageR5,items,BuildCores,,,,Barrage Core - Rank 5,,,,,,,,,,,,弹幕核心·5 阶,弹幕核心·5 阶
modPZAECBarrageR5Desc,items,BuildCores,,,,"Firearms only. Fire-rate modifier +30%; magazine-capacity modifier +40%. Trade-off: reload-speed modifier -10%; hip spread +15%. One build core per weapon. Fixed rank 5, independent of weapon quality. Craft with rank 5 tactical components from T19 encounters.",,,,,,,,,,,,枪械专用；射速系数 +30%、弹匣容量系数 +40%；代价：换弹速度系数 -10%、腰射散布 +15%。同一武器只能安装一个流派核心。固定 5 阶，不随武器品质变化；使用 T19 挑战产出的同阶战术组件制作。百分比与原有同项加成相加，非最终独立倍数。,枪械专用；射速系数 +30%、弹匣容量系数 +40%；代价：换弹速度系数 -10%、腰射散布 +15%。同一武器只能安装一个流派核心。固定 5 阶，不随武器品质变化；使用 T19 挑战产出的同阶战术组件制作。百分比与原有同项加成相加，非最终独立倍数。
modPZAECSkirmisherR5,items,BuildCores,,,,Skirmisher Core - Rank 5,,,,,,,,,,,,游击核心·5 阶,游击核心·5 阶
modPZAECSkirmisherR5Desc,items,BuildCores,,,,"Chest armor only. Maximum stamina +80; run-speed modifier +10%. Trade-off: armor rating -2. One chest core; can pair with a weapon core. Unequipping removes its effects. Fixed rank 5, independent of weapon quality. Craft with rank 5 tactical components from T19 encounters.",,,,,,,,,,,,胸甲专用；最大耐力 +80、奔跑速度系数 +10%；代价：护甲值 -2。只能装一个，可与武器流派核心搭配；卸下胸甲即失效。固定 5 阶，不随武器品质变化；使用 T19 挑战产出的同阶战术组件制作。百分比与原有同项加成相加，非最终独立倍数。,胸甲专用；最大耐力 +80、奔跑速度系数 +10%；代价：护甲值 -2。只能装一个，可与武器流派核心搭配；卸下胸甲即失效。固定 5 阶，不随武器品质变化；使用 T19 挑战产出的同阶战术组件制作。百分比与原有同项加成相加，非最终独立倍数。
AECZombieArleneTier16Transcendent,entityclasses,Entity,,,,[FF55FF]T16 Transcendent[-] Arlene,,,,,,,,,,,,[FF55FF]T16 超越级[-] 阿琳,[FF55FF]T16 Transcendent[-] Arlene
AECZombieBikerTier16Transcendent,entityclasses,Entity,,,,[FF55FF]T16 Transcendent[-] Biker,,,,,,,,,,,,[FF55FF]T16 超越级[-] 摩托车手,[FF55FF]T16 Transcendent[-] Biker
AECZombieBoeTier16Transcendent,entityclasses,Entity,,,,[FF55FF]T16 Transcendent[-] Boe,,,,,,,,,,,,[FF55FF]T16 超越级[-] 波,[FF55FF]T16 Transcendent[-] Boe
AECZombieBowlerTier16Transcendent,entityclasses,Entity,,,,[FF55FF]T16 Transcendent[-] Bowler,,,,,,,,,,,,[FF55FF]T16 超越级[-] 保龄球手,[FF55FF]T16 Transcendent[-] Bowler
AECZombieBurntTier16Transcendent,entityclasses,Entity,,,,[FF55FF]T16 Transcendent[-] Burnt Zombie,,,,,,,,,,,,[FF55FF]T16 超越级[-] 焦尸,[FF55FF]T16 Transcendent[-] Burnt Zombie
AECZombieBusinessManTier16Transcendent,entityclasses,Entity,,,,[FF55FF]T16 Transcendent[-] Business Man,,,,,,,,,,,,[FF55FF]T16 超越级[-] 商务人士,[FF55FF]T16 Transcendent[-] Business Man
AECZombieChuckTier16Transcendent,entityclasses,Entity,,,,[FF55FF]T16 Transcendent[-] Chuck,,,,,,,,,,,,[FF55FF]T16 超越级[-] 查克,[FF55FF]T16 Transcendent[-] Chuck
AECZombieDarleneTier16Transcendent,entityclasses,Entity,,,,[FF55FF]T16 Transcendent[-] Darlene,,,,,,,,,,,,[FF55FF]T16 超越级[-] 达琳,[FF55FF]T16 Transcendent[-] Darlene
AECZombieDemolitionTier16Transcendent,entityclasses,Entity,,,,[FF55FF]T16 Transcendent[-] Demolisher,,,,,,,,,,,,[FF55FF]T16 超越级[-] 爆破者,[FF55FF]T16 Transcendent[-] Demolisher
AECZombieFatCopTier16Transcendent,entityclasses,Entity,,,,[FF55FF]T16 Transcendent[-] Fat Cop,,,,,,,,,,,,[FF55FF]T16 超越级[-] 肥胖警察,[FF55FF]T16 Transcendent[-] Fat Cop
AECZombieFatHawaiianTier16Transcendent,entityclasses,Entity,,,,[FF55FF]T16 Transcendent[-] Fat Hawaiian,,,,,,,,,,,,[FF55FF]T16 超越级[-] 肥胖夏威夷人,[FF55FF]T16 Transcendent[-] Fat Hawaiian
AECZombieFemaleFatTier16Transcendent,entityclasses,Entity,,,,[FF55FF]T16 Transcendent[-] Fat Female,,,,,,,,,,,,[FF55FF]T16 超越级[-] 肥胖女尸,[FF55FF]T16 Transcendent[-] Fat Female
AECZombieInmateTier16Transcendent,entityclasses,Entity,,,,[FF55FF]T16 Transcendent[-] Inmate,,,,,,,,,,,,[FF55FF]T16 超越级[-] 囚犯,[FF55FF]T16 Transcendent[-] Inmate
AECZombieJanitorTier16Transcendent,entityclasses,Entity,,,,[FF55FF]T16 Transcendent[-] Janitor,,,,,,,,,,,,[FF55FF]T16 超越级[-] 清洁工,[FF55FF]T16 Transcendent[-] Janitor
AECZombieJoeTier16Transcendent,entityclasses,Entity,,,,[FF55FF]T16 Transcendent[-] Joe,,,,,,,,,,,,[FF55FF]T16 超越级[-] 乔,[FF55FF]T16 Transcendent[-] Joe
AECZombieLabTier16Transcendent,entityclasses,Entity,,,,[FF55FF]T16 Transcendent[-] Lab Zombie,,,,,,,,,,,,[FF55FF]T16 超越级[-] 实验室僵尸,[FF55FF]T16 Transcendent[-] Lab Zombie
AECZombieLumberjackTier16Transcendent,entityclasses,Entity,,,,[FF55FF]T16 Transcendent[-] Lumberjack,,,,,,,,,,,,[FF55FF]T16 超越级[-] 伐木工,[FF55FF]T16 Transcendent[-] Lumberjack
AECZombieMaleHazmatTier16Transcendent,entityclasses,Entity,,,,[FF55FF]T16 Transcendent[-] Hazmat Zombie,,,,,,,,,,,,[FF55FF]T16 超越级[-] 防化服僵尸,[FF55FF]T16 Transcendent[-] Hazmat Zombie
AECZombieMarleneTier16Transcendent,entityclasses,Entity,,,,[FF55FF]T16 Transcendent[-] Marlene,,,,,,,,,,,,[FF55FF]T16 超越级[-] 玛琳,[FF55FF]T16 Transcendent[-] Marlene
AECZombieMoeTier16Transcendent,entityclasses,Entity,,,,[FF55FF]T16 Transcendent[-] Moe,,,,,,,,,,,,[FF55FF]T16 超越级[-] 莫,[FF55FF]T16 Transcendent[-] Moe
AECZombieMutatedTier16Transcendent,entityclasses,Entity,,,,[FF55FF]T16 Transcendent[-] Mutated Zombie,,,,,,,,,,,,[FF55FF]T16 超越级[-] 变异僵尸,[FF55FF]T16 Transcendent[-] Mutated Zombie
AECZombieNurseTier16Transcendent,entityclasses,Entity,,,,[FF55FF]T16 Transcendent[-] Nurse,,,,,,,,,,,,[FF55FF]T16 超越级[-] 护士,[FF55FF]T16 Transcendent[-] Nurse
AECZombiePartyGirlTier16Transcendent,entityclasses,Entity,,,,[FF55FF]T16 Transcendent[-] Party Girl,,,,,,,,,,,,[FF55FF]T16 超越级[-] 派对女孩,[FF55FF]T16 Transcendent[-] Party Girl
AECZombiePlagueSpitterTier16Transcendent,entityclasses,Entity,,,,[FF55FF]T16 Transcendent[-] Plague Spitter,,,,,,,,,,,,[FF55FF]T16 超越级[-] 瘟疫喷吐者,[FF55FF]T16 Transcendent[-] Plague Spitter
AECZombieRancherTier16Transcendent,entityclasses,Entity,,,,[FF55FF]T16 Transcendent[-] Rancher,,,,,,,,,,,,[FF55FF]T16 超越级[-] 牧场主,[FF55FF]T16 Transcendent[-] Rancher
AECZombieScreamerTier16Transcendent,entityclasses,Entity,,,,[FF55FF]T16 Transcendent[-] Screamer,,,,,,,,,,,,[FF55FF]T16 超越级[-] 尖叫者,[FF55FF]T16 Transcendent[-] Screamer
AECZombieSkateboarderTier16Transcendent,entityclasses,Entity,,,,[FF55FF]T16 Transcendent[-] Skateboarder,,,,,,,,,,,,[FF55FF]T16 超越级[-] 滑板手,[FF55FF]T16 Transcendent[-] Skateboarder
AECZombieSoldierTier16Transcendent,entityclasses,Entity,,,,[FF55FF]T16 Transcendent[-] Soldier,,,,,,,,,,,,[FF55FF]T16 超越级[-] 士兵,[FF55FF]T16 Transcendent[-] Soldier
AECZombieSpiderTier16Transcendent,entityclasses,Entity,,,,[FF55FF]T16 Transcendent[-] Spider Zombie,,,,,,,,,,,,[FF55FF]T16 超越级[-] 蜘蛛僵尸,[FF55FF]T16 Transcendent[-] Spider Zombie
AECZombieSteveCrawlerTier16Transcendent,entityclasses,Entity,,,,[FF55FF]T16 Transcendent[-] Steve Crawler,,,,,,,,,,,,[FF55FF]T16 超越级[-] 爬行者史蒂夫,[FF55FF]T16 Transcendent[-] Steve Crawler
AECZombieSteveTier16Transcendent,entityclasses,Entity,,,,[FF55FF]T16 Transcendent[-] Steve,,,,,,,,,,,,[FF55FF]T16 超越级[-] 史蒂夫,[FF55FF]T16 Transcendent[-] Steve
AECZombieTomClarkTier16Transcendent,entityclasses,Entity,,,,[FF55FF]T16 Transcendent[-] Tom Clark,,,,,,,,,,,,[FF55FF]T16 超越级[-] 汤姆·克拉克,[FF55FF]T16 Transcendent[-] Tom Clark
AECZombieUtilityWorkerTier16Transcendent,entityclasses,Entity,,,,[FF55FF]T16 Transcendent[-] Utility Worker,,,,,,,,,,,,[FF55FF]T16 超越级[-] 公用事业工人,[FF55FF]T16 Transcendent[-] Utility Worker
AECZombieWightFeralTier16Transcendent,entityclasses,Entity,,,,[FF55FF]T16 Transcendent[-] Feral Wight,,,,,,,,,,,,[FF55FF]T16 超越级[-] 狂暴尸王,[FF55FF]T16 Transcendent[-] Feral Wight
AECZombieYoTier16Transcendent,entityclasses,Entity,,,,[FF55FF]T16 Transcendent[-] Yo,,,,,,,,,,,,[FF55FF]T16 超越级[-] 尤,[FF55FF]T16 Transcendent[-] Yo
bossAECDumdumT16,entityclasses,Entity,,,,[00D8FF]BOSS[-] Dumdum T16,,,,,,,,,,,,[00D8FF]首领[-] 呆呆 T16,[00D8FF]BOSS[-] Dumdum T16
RunningKamikazeT16,entityclasses,Entity,,,,[FFAA00]BOSS[-] RunningKamikaze T16,,,,,,,,,,,,[FFAA00]首领[-] 狂奔神风者 T16,[FFAA00]BOSS[-] RunningKamikaze T16
AECDoomlordDemolishmanBossT16,entityclasses,Entity,,,,Doomlord Demolishman Boss T16,,,,,,,,,,,,末日领主爆破者首领 T16,Doomlord Demolishman Boss T16
AECTheWitchAngelBossT16,entityclasses,Entity,,,,The Witch T16,,,,,,,,,,,,女巫 T16,The Witch T16
AECElectricDemonRunnerBossT16,entityclasses,Entity,,,,[00C8FF]BOSS[-] Electric Demon T16,,,,,,,,,,,,[00C8FF]首领[-] 电能恶魔 T16,[00C8FF]BOSS[-] Electric Demon T16
AECExplosiveEagleBossT16,entityclasses,Entity,,,,[FF6A00]BOSS[-] Explosive Eagle T16,,,,,,,,,,,,[FF6A00]首领[-] 爆破之鹰 T16,[FF6A00]BOSS[-] Explosive Eagle T16
AECHammerGuardianT16,entityclasses,Entity,,,,The Hammer Guardian T16,,,,,,,,,,,,巨锤守卫 T16,The Hammer Guardian T16
AECTheMechanicianBossT16,entityclasses,Entity,,,,[FF4500]BOSS[-] The Mechanician T16,,,,,,,,,,,,[FF4500]首领[-] 机械师 T16,[FF4500]BOSS[-] The Mechanician T16
AECTheDruidBossT16,entityclasses,Entity,,,,[FF4500]BOSS[-] The Druid T16,,,,,,,,,,,,[FF4500]首领[-] 德鲁伊 T16,[FF4500]BOSS[-] The Druid T16
AECTheExecutionerBossT16,entityclasses,Entity,,,,[FF4500]BOSS[-] The Executioner T16,,,,,,,,,,,,[FF4500]首领[-] 刽子手 T16,[FF4500]BOSS[-] The Executioner T16
AECPartyBeachBossT16,entityclasses,Entity,,,,[FF69B4]BOSS[-] Party Beach T16,,,,,,,,,,,,[FF69B4]首领[-] 海滩派对 T16,[FF69B4]BOSS[-] Party Beach T16
AECMykirBossT16,entityclasses,Entity,,,,[4CFF4C]BOSS[-] Mykir the Spider Demon T16,,,,,,,,,,,,[4CFF4C]首领[-] 迈基尔蜘蛛恶魔 T16,[4CFF4C]BOSS[-] Mykir the Spider Demon T16
AECHellskyliBossT16,entityclasses,Entity,,,,[FF6A00]BOSS[-] Hellskyli the Burning Demon T16,,,,,,,,,,,,[FF6A00]首领[-] 赫尔斯凯利燃烧恶魔 T16,[FF6A00]BOSS[-] Hellskyli the Burning Demon T16
AECRockbreakerBossT16,entityclasses,Entity,,,,[A0A0A0]BOSS[-] Rockbreaker T16,,,,,,,,,,,,[A0A0A0]首领[-] 碎岩者 T16,[A0A0A0]BOSS[-] Rockbreaker T16
AECSingerieBossT16,entityclasses,Entity,,,,[3CB371]BOSS[-] Singerie T16,,,,,,,,,,,,[3CB371]首领[-] 歌姬 T16,[3CB371]BOSS[-] Singerie T16
AECGhostBossT16,entityclasses,Entity,,,,[CDD7E3]The Ghost T16[-],,,,,,,,,,,,[CDD7E3]幽灵 T16[-],[CDD7E3]The Ghost T16[-]
AECSirenHeadBossT16,entityclasses,Entity,,,,[B85C38]BOSS[-] Siren Head T16,,,,,,,,,,,,[B85C38]首领[-] 警笛头 T16,[B85C38]BOSS[-] Siren Head T16
AECMushroomBossT16,entityclasses,Entity,,,,Mushroom Boss T16,,,,,,,,,,,,蘑菇怪首领 T16,Mushroom Boss T16
AECTheArcherBossT16,entityclasses,Entity,,,,The Archer Boss T16,,,,,,,,,,,,弓手首领 T16,The Archer Boss T16
AECSheriffBossT16,entityclasses,Entity,,,,The Sheriff T16,,,,,,,,,,,,警长 T16,The Sheriff T16
AECHeadlessBossT16,entityclasses,Entity,,,,[FF2A2A]The Headless T16[-],,,,,,,,,,,,[FF2A2A]无头者 T16[-],[FF2A2A]The Headless T16[-]
itemPZAECBossLootBundleT16,entityclasses,Entity,,,,[FFD700]AEC[-] [F87C63]PZ[-] [99FF99]Boss Loot — T16[-],,,,,,,,,,,,[FFD700]AEC[-] [F87C63]PZ[-] [99FF99]首领战利品 — T16[-],[FFD700]AEC[-] [F87C63]PZ[-] [99FF99]Boss Loot — T16[-]
AECDruidMinionBearT16,entityclasses,Entity,,,,[FF55FF]T16 Transcendent[-] Druid Bear,,,,,,,,,,,,[FF55FF]T16 超越级[-] 德鲁伊熊,[FF55FF]T16 Transcendent[-] Druid Bear
AECDruidMinionBoarAggroT16,entityclasses,Entity,,,,[FF55FF]T16 Transcendent[-] Druid Boar,,,,,,,,,,,,[FF55FF]T16 超越级[-] 德鲁伊野猪,[FF55FF]T16 Transcendent[-] Druid Boar
AECDruidMinionBossBoarT16,entityclasses,Entity,,,,[FF55FF]T16 Transcendent[-] Druid Boss Boar,,,,,,,,,,,,[FF55FF]T16 超越级[-] 德鲁伊首领野猪,[FF55FF]T16 Transcendent[-] Druid Boss Boar
AECDruidMinionC4WolfT16,entityclasses,Entity,,,,[FF55FF]T16 Transcendent[-] Druid C4 Wolf,,,,,,,,,,,,[FF55FF]T16 超越级[-] 德鲁伊爆破狼,[FF55FF]T16 Transcendent[-] Druid C4 Wolf
AECDruidMinionDireWolfT16,entityclasses,Entity,,,,[FF55FF]T16 Transcendent[-] Druid Dire Wolf,,,,,,,,,,,,[FF55FF]T16 超越级[-] 德鲁伊恐狼,[FF55FF]T16 Transcendent[-] Druid Dire Wolf
AECDruidMinionWolfAggroT16,entityclasses,Entity,,,,[FF55FF]T16 Transcendent[-] Druid Wolf,,,,,,,,,,,,[FF55FF]T16 超越级[-] 德鲁伊狼,[FF55FF]T16 Transcendent[-] Druid Wolf
AECDruidMinionZombieBearT16,entityclasses,Entity,,,,[FF55FF]T16 Transcendent[-] Druid Zombie Bear,,,,,,,,,,,,[FF55FF]T16 超越级[-] 德鲁伊尸熊,[FF55FF]T16 Transcendent[-] Druid Zombie Bear
AECSheriffWolfMinion01T16,entityclasses,Entity,,,,[FF55FF]T16 Transcendent[-] Sheriff Wolf,,,,,,,,,,,,[FF55FF]T16 超越级[-] 警长战狼,[FF55FF]T16 Transcendent[-] Sheriff Wolf
AECZombieArleneTier17Ascendant,entityclasses,Entity,,,,[FFAA33]T17 Ascendant[-] Arlene,,,,,,,,,,,,[FFAA33]T17 飞升级[-] 阿琳,[FFAA33]T17 Ascendant[-] Arlene
AECZombieBikerTier17Ascendant,entityclasses,Entity,,,,[FFAA33]T17 Ascendant[-] Biker,,,,,,,,,,,,[FFAA33]T17 飞升级[-] 摩托车手,[FFAA33]T17 Ascendant[-] Biker
AECZombieBoeTier17Ascendant,entityclasses,Entity,,,,[FFAA33]T17 Ascendant[-] Boe,,,,,,,,,,,,[FFAA33]T17 飞升级[-] 波,[FFAA33]T17 Ascendant[-] Boe
AECZombieBowlerTier17Ascendant,entityclasses,Entity,,,,[FFAA33]T17 Ascendant[-] Bowler,,,,,,,,,,,,[FFAA33]T17 飞升级[-] 保龄球手,[FFAA33]T17 Ascendant[-] Bowler
AECZombieBurntTier17Ascendant,entityclasses,Entity,,,,[FFAA33]T17 Ascendant[-] Burnt Zombie,,,,,,,,,,,,[FFAA33]T17 飞升级[-] 焦尸,[FFAA33]T17 Ascendant[-] Burnt Zombie
AECZombieBusinessManTier17Ascendant,entityclasses,Entity,,,,[FFAA33]T17 Ascendant[-] Business Man,,,,,,,,,,,,[FFAA33]T17 飞升级[-] 商务人士,[FFAA33]T17 Ascendant[-] Business Man
AECZombieChuckTier17Ascendant,entityclasses,Entity,,,,[FFAA33]T17 Ascendant[-] Chuck,,,,,,,,,,,,[FFAA33]T17 飞升级[-] 查克,[FFAA33]T17 Ascendant[-] Chuck
AECZombieDarleneTier17Ascendant,entityclasses,Entity,,,,[FFAA33]T17 Ascendant[-] Darlene,,,,,,,,,,,,[FFAA33]T17 飞升级[-] 达琳,[FFAA33]T17 Ascendant[-] Darlene
AECZombieDemolitionTier17Ascendant,entityclasses,Entity,,,,[FFAA33]T17 Ascendant[-] Demolisher,,,,,,,,,,,,[FFAA33]T17 飞升级[-] 爆破者,[FFAA33]T17 Ascendant[-] Demolisher
AECZombieFatCopTier17Ascendant,entityclasses,Entity,,,,[FFAA33]T17 Ascendant[-] Fat Cop,,,,,,,,,,,,[FFAA33]T17 飞升级[-] 肥胖警察,[FFAA33]T17 Ascendant[-] Fat Cop
AECZombieFatHawaiianTier17Ascendant,entityclasses,Entity,,,,[FFAA33]T17 Ascendant[-] Fat Hawaiian,,,,,,,,,,,,[FFAA33]T17 飞升级[-] 肥胖夏威夷人,[FFAA33]T17 Ascendant[-] Fat Hawaiian
AECZombieFemaleFatTier17Ascendant,entityclasses,Entity,,,,[FFAA33]T17 Ascendant[-] Fat Female,,,,,,,,,,,,[FFAA33]T17 飞升级[-] 肥胖女尸,[FFAA33]T17 Ascendant[-] Fat Female
AECZombieInmateTier17Ascendant,entityclasses,Entity,,,,[FFAA33]T17 Ascendant[-] Inmate,,,,,,,,,,,,[FFAA33]T17 飞升级[-] 囚犯,[FFAA33]T17 Ascendant[-] Inmate
AECZombieJanitorTier17Ascendant,entityclasses,Entity,,,,[FFAA33]T17 Ascendant[-] Janitor,,,,,,,,,,,,[FFAA33]T17 飞升级[-] 清洁工,[FFAA33]T17 Ascendant[-] Janitor
AECZombieJoeTier17Ascendant,entityclasses,Entity,,,,[FFAA33]T17 Ascendant[-] Joe,,,,,,,,,,,,[FFAA33]T17 飞升级[-] 乔,[FFAA33]T17 Ascendant[-] Joe
AECZombieLabTier17Ascendant,entityclasses,Entity,,,,[FFAA33]T17 Ascendant[-] Lab Zombie,,,,,,,,,,,,[FFAA33]T17 飞升级[-] 实验室僵尸,[FFAA33]T17 Ascendant[-] Lab Zombie
AECZombieLumberjackTier17Ascendant,entityclasses,Entity,,,,[FFAA33]T17 Ascendant[-] Lumberjack,,,,,,,,,,,,[FFAA33]T17 飞升级[-] 伐木工,[FFAA33]T17 Ascendant[-] Lumberjack
AECZombieMaleHazmatTier17Ascendant,entityclasses,Entity,,,,[FFAA33]T17 Ascendant[-] Hazmat Zombie,,,,,,,,,,,,[FFAA33]T17 飞升级[-] 防化服僵尸,[FFAA33]T17 Ascendant[-] Hazmat Zombie
AECZombieMarleneTier17Ascendant,entityclasses,Entity,,,,[FFAA33]T17 Ascendant[-] Marlene,,,,,,,,,,,,[FFAA33]T17 飞升级[-] 玛琳,[FFAA33]T17 Ascendant[-] Marlene
AECZombieMoeTier17Ascendant,entityclasses,Entity,,,,[FFAA33]T17 Ascendant[-] Moe,,,,,,,,,,,,[FFAA33]T17 飞升级[-] 莫,[FFAA33]T17 Ascendant[-] Moe
AECZombieMutatedTier17Ascendant,entityclasses,Entity,,,,[FFAA33]T17 Ascendant[-] Mutated Zombie,,,,,,,,,,,,[FFAA33]T17 飞升级[-] 变异僵尸,[FFAA33]T17 Ascendant[-] Mutated Zombie
AECZombieNurseTier17Ascendant,entityclasses,Entity,,,,[FFAA33]T17 Ascendant[-] Nurse,,,,,,,,,,,,[FFAA33]T17 飞升级[-] 护士,[FFAA33]T17 Ascendant[-] Nurse
AECZombiePartyGirlTier17Ascendant,entityclasses,Entity,,,,[FFAA33]T17 Ascendant[-] Party Girl,,,,,,,,,,,,[FFAA33]T17 飞升级[-] 派对女孩,[FFAA33]T17 Ascendant[-] Party Girl
AECZombiePlagueSpitterTier17Ascendant,entityclasses,Entity,,,,[FFAA33]T17 Ascendant[-] Plague Spitter,,,,,,,,,,,,[FFAA33]T17 飞升级[-] 瘟疫喷吐者,[FFAA33]T17 Ascendant[-] Plague Spitter
AECZombieRancherTier17Ascendant,entityclasses,Entity,,,,[FFAA33]T17 Ascendant[-] Rancher,,,,,,,,,,,,[FFAA33]T17 飞升级[-] 牧场主,[FFAA33]T17 Ascendant[-] Rancher
AECZombieScreamerTier17Ascendant,entityclasses,Entity,,,,[FFAA33]T17 Ascendant[-] Screamer,,,,,,,,,,,,[FFAA33]T17 飞升级[-] 尖叫者,[FFAA33]T17 Ascendant[-] Screamer
AECZombieSkateboarderTier17Ascendant,entityclasses,Entity,,,,[FFAA33]T17 Ascendant[-] Skateboarder,,,,,,,,,,,,[FFAA33]T17 飞升级[-] 滑板手,[FFAA33]T17 Ascendant[-] Skateboarder
AECZombieSoldierTier17Ascendant,entityclasses,Entity,,,,[FFAA33]T17 Ascendant[-] Soldier,,,,,,,,,,,,[FFAA33]T17 飞升级[-] 士兵,[FFAA33]T17 Ascendant[-] Soldier
AECZombieSpiderTier17Ascendant,entityclasses,Entity,,,,[FFAA33]T17 Ascendant[-] Spider Zombie,,,,,,,,,,,,[FFAA33]T17 飞升级[-] 蜘蛛僵尸,[FFAA33]T17 Ascendant[-] Spider Zombie
AECZombieSteveCrawlerTier17Ascendant,entityclasses,Entity,,,,[FFAA33]T17 Ascendant[-] Steve Crawler,,,,,,,,,,,,[FFAA33]T17 飞升级[-] 爬行者史蒂夫,[FFAA33]T17 Ascendant[-] Steve Crawler
AECZombieSteveTier17Ascendant,entityclasses,Entity,,,,[FFAA33]T17 Ascendant[-] Steve,,,,,,,,,,,,[FFAA33]T17 飞升级[-] 史蒂夫,[FFAA33]T17 Ascendant[-] Steve
AECZombieTomClarkTier17Ascendant,entityclasses,Entity,,,,[FFAA33]T17 Ascendant[-] Tom Clark,,,,,,,,,,,,[FFAA33]T17 飞升级[-] 汤姆·克拉克,[FFAA33]T17 Ascendant[-] Tom Clark
AECZombieUtilityWorkerTier17Ascendant,entityclasses,Entity,,,,[FFAA33]T17 Ascendant[-] Utility Worker,,,,,,,,,,,,[FFAA33]T17 飞升级[-] 公用事业工人,[FFAA33]T17 Ascendant[-] Utility Worker
AECZombieWightFeralTier17Ascendant,entityclasses,Entity,,,,[FFAA33]T17 Ascendant[-] Feral Wight,,,,,,,,,,,,[FFAA33]T17 飞升级[-] 狂暴尸王,[FFAA33]T17 Ascendant[-] Feral Wight
AECZombieYoTier17Ascendant,entityclasses,Entity,,,,[FFAA33]T17 Ascendant[-] Yo,,,,,,,,,,,,[FFAA33]T17 飞升级[-] 尤,[FFAA33]T17 Ascendant[-] Yo
bossAECDumdumT17,entityclasses,Entity,,,,[00D8FF]BOSS[-] Dumdum T17,,,,,,,,,,,,[00D8FF]首领[-] 呆呆 T17,[00D8FF]BOSS[-] Dumdum T17
RunningKamikazeT17,entityclasses,Entity,,,,[FFAA00]BOSS[-] RunningKamikaze T17,,,,,,,,,,,,[FFAA00]首领[-] 狂奔神风者 T17,[FFAA00]BOSS[-] RunningKamikaze T17
AECDoomlordDemolishmanBossT17,entityclasses,Entity,,,,Doomlord Demolishman Boss T17,,,,,,,,,,,,末日领主爆破者首领 T17,Doomlord Demolishman Boss T17
AECTheWitchAngelBossT17,entityclasses,Entity,,,,The Witch T17,,,,,,,,,,,,女巫 T17,The Witch T17
AECElectricDemonRunnerBossT17,entityclasses,Entity,,,,[00C8FF]BOSS[-] Electric Demon T17,,,,,,,,,,,,[00C8FF]首领[-] 电能恶魔 T17,[00C8FF]BOSS[-] Electric Demon T17
AECExplosiveEagleBossT17,entityclasses,Entity,,,,[FF6A00]BOSS[-] Explosive Eagle T17,,,,,,,,,,,,[FF6A00]首领[-] 爆破之鹰 T17,[FF6A00]BOSS[-] Explosive Eagle T17
AECHammerGuardianT17,entityclasses,Entity,,,,The Hammer Guardian T17,,,,,,,,,,,,巨锤守卫 T17,The Hammer Guardian T17
AECTheMechanicianBossT17,entityclasses,Entity,,,,[FF4500]BOSS[-] The Mechanician T17,,,,,,,,,,,,[FF4500]首领[-] 机械师 T17,[FF4500]BOSS[-] The Mechanician T17
AECTheDruidBossT17,entityclasses,Entity,,,,[FF4500]BOSS[-] The Druid T17,,,,,,,,,,,,[FF4500]首领[-] 德鲁伊 T17,[FF4500]BOSS[-] The Druid T17
AECTheExecutionerBossT17,entityclasses,Entity,,,,[FF4500]BOSS[-] The Executioner T17,,,,,,,,,,,,[FF4500]首领[-] 刽子手 T17,[FF4500]BOSS[-] The Executioner T17
AECPartyBeachBossT17,entityclasses,Entity,,,,[FF69B4]BOSS[-] Party Beach T17,,,,,,,,,,,,[FF69B4]首领[-] 海滩派对 T17,[FF69B4]BOSS[-] Party Beach T17
AECMykirBossT17,entityclasses,Entity,,,,[4CFF4C]BOSS[-] Mykir the Spider Demon T17,,,,,,,,,,,,[4CFF4C]首领[-] 迈基尔蜘蛛恶魔 T17,[4CFF4C]BOSS[-] Mykir the Spider Demon T17
AECHellskyliBossT17,entityclasses,Entity,,,,[FF6A00]BOSS[-] Hellskyli the Burning Demon T17,,,,,,,,,,,,[FF6A00]首领[-] 赫尔斯凯利燃烧恶魔 T17,[FF6A00]BOSS[-] Hellskyli the Burning Demon T17
AECRockbreakerBossT17,entityclasses,Entity,,,,[A0A0A0]BOSS[-] Rockbreaker T17,,,,,,,,,,,,[A0A0A0]首领[-] 碎岩者 T17,[A0A0A0]BOSS[-] Rockbreaker T17
AECSingerieBossT17,entityclasses,Entity,,,,[3CB371]BOSS[-] Singerie T17,,,,,,,,,,,,[3CB371]首领[-] 歌姬 T17,[3CB371]BOSS[-] Singerie T17
AECGhostBossT17,entityclasses,Entity,,,,[CDD7E3]The Ghost T17[-],,,,,,,,,,,,[CDD7E3]幽灵 T17[-],[CDD7E3]The Ghost T17[-]
AECSirenHeadBossT17,entityclasses,Entity,,,,[B85C38]BOSS[-] Siren Head T17,,,,,,,,,,,,[B85C38]首领[-] 警笛头 T17,[B85C38]BOSS[-] Siren Head T17
AECMushroomBossT17,entityclasses,Entity,,,,Mushroom Boss T17,,,,,,,,,,,,蘑菇怪首领 T17,Mushroom Boss T17
AECTheArcherBossT17,entityclasses,Entity,,,,The Archer Boss T17,,,,,,,,,,,,弓手首领 T17,The Archer Boss T17
AECSheriffBossT17,entityclasses,Entity,,,,The Sheriff T17,,,,,,,,,,,,警长 T17,The Sheriff T17
AECHeadlessBossT17,entityclasses,Entity,,,,[FF2A2A]The Headless T17[-],,,,,,,,,,,,[FF2A2A]无头者 T17[-],[FF2A2A]The Headless T17[-]
AECDruidMinionBearT17,entityclasses,Entity,,,,[FFAA33]T17 Ascendant[-] Druid Bear,,,,,,,,,,,,[FFAA33]T17 飞升级[-] 德鲁伊熊,[FFAA33]T17 Ascendant[-] Druid Bear
AECDruidMinionBoarAggroT17,entityclasses,Entity,,,,[FFAA33]T17 Ascendant[-] Druid Boar,,,,,,,,,,,,[FFAA33]T17 飞升级[-] 德鲁伊野猪,[FFAA33]T17 Ascendant[-] Druid Boar
AECDruidMinionBossBoarT17,entityclasses,Entity,,,,[FFAA33]T17 Ascendant[-] Druid Boss Boar,,,,,,,,,,,,[FFAA33]T17 飞升级[-] 德鲁伊首领野猪,[FFAA33]T17 Ascendant[-] Druid Boss Boar
AECDruidMinionC4WolfT17,entityclasses,Entity,,,,[FFAA33]T17 Ascendant[-] Druid C4 Wolf,,,,,,,,,,,,[FFAA33]T17 飞升级[-] 德鲁伊爆破狼,[FFAA33]T17 Ascendant[-] Druid C4 Wolf
AECDruidMinionDireWolfT17,entityclasses,Entity,,,,[FFAA33]T17 Ascendant[-] Druid Dire Wolf,,,,,,,,,,,,[FFAA33]T17 飞升级[-] 德鲁伊恐狼,[FFAA33]T17 Ascendant[-] Druid Dire Wolf
AECDruidMinionWolfAggroT17,entityclasses,Entity,,,,[FFAA33]T17 Ascendant[-] Druid Wolf,,,,,,,,,,,,[FFAA33]T17 飞升级[-] 德鲁伊狼,[FFAA33]T17 Ascendant[-] Druid Wolf
AECDruidMinionZombieBearT17,entityclasses,Entity,,,,[FFAA33]T17 Ascendant[-] Druid Zombie Bear,,,,,,,,,,,,[FFAA33]T17 飞升级[-] 德鲁伊尸熊,[FFAA33]T17 Ascendant[-] Druid Zombie Bear
AECSheriffWolfMinion01T17,entityclasses,Entity,,,,[FFAA33]T17 Ascendant[-] Sheriff Wolf,,,,,,,,,,,,[FFAA33]T17 飞升级[-] 警长战狼,[FFAA33]T17 Ascendant[-] Sheriff Wolf
AECZombieArleneTier18Eternal,entityclasses,Entity,,,,[55FFFF]T18 Eternal[-] Arlene,,,,,,,,,,,,[55FFFF]T18 永恒级[-] 阿琳,[55FFFF]T18 Eternal[-] Arlene
AECZombieBikerTier18Eternal,entityclasses,Entity,,,,[55FFFF]T18 Eternal[-] Biker,,,,,,,,,,,,[55FFFF]T18 永恒级[-] 摩托车手,[55FFFF]T18 Eternal[-] Biker
AECZombieBoeTier18Eternal,entityclasses,Entity,,,,[55FFFF]T18 Eternal[-] Boe,,,,,,,,,,,,[55FFFF]T18 永恒级[-] 波,[55FFFF]T18 Eternal[-] Boe
AECZombieBowlerTier18Eternal,entityclasses,Entity,,,,[55FFFF]T18 Eternal[-] Bowler,,,,,,,,,,,,[55FFFF]T18 永恒级[-] 保龄球手,[55FFFF]T18 Eternal[-] Bowler
AECZombieBurntTier18Eternal,entityclasses,Entity,,,,[55FFFF]T18 Eternal[-] Burnt Zombie,,,,,,,,,,,,[55FFFF]T18 永恒级[-] 焦尸,[55FFFF]T18 Eternal[-] Burnt Zombie
AECZombieBusinessManTier18Eternal,entityclasses,Entity,,,,[55FFFF]T18 Eternal[-] Business Man,,,,,,,,,,,,[55FFFF]T18 永恒级[-] 商务人士,[55FFFF]T18 Eternal[-] Business Man
AECZombieChuckTier18Eternal,entityclasses,Entity,,,,[55FFFF]T18 Eternal[-] Chuck,,,,,,,,,,,,[55FFFF]T18 永恒级[-] 查克,[55FFFF]T18 Eternal[-] Chuck
AECZombieDarleneTier18Eternal,entityclasses,Entity,,,,[55FFFF]T18 Eternal[-] Darlene,,,,,,,,,,,,[55FFFF]T18 永恒级[-] 达琳,[55FFFF]T18 Eternal[-] Darlene
AECZombieDemolitionTier18Eternal,entityclasses,Entity,,,,[55FFFF]T18 Eternal[-] Demolisher,,,,,,,,,,,,[55FFFF]T18 永恒级[-] 爆破者,[55FFFF]T18 Eternal[-] Demolisher
AECZombieFatCopTier18Eternal,entityclasses,Entity,,,,[55FFFF]T18 Eternal[-] Fat Cop,,,,,,,,,,,,[55FFFF]T18 永恒级[-] 肥胖警察,[55FFFF]T18 Eternal[-] Fat Cop
AECZombieFatHawaiianTier18Eternal,entityclasses,Entity,,,,[55FFFF]T18 Eternal[-] Fat Hawaiian,,,,,,,,,,,,[55FFFF]T18 永恒级[-] 肥胖夏威夷人,[55FFFF]T18 Eternal[-] Fat Hawaiian
AECZombieFemaleFatTier18Eternal,entityclasses,Entity,,,,[55FFFF]T18 Eternal[-] Fat Female,,,,,,,,,,,,[55FFFF]T18 永恒级[-] 肥胖女尸,[55FFFF]T18 Eternal[-] Fat Female
AECZombieInmateTier18Eternal,entityclasses,Entity,,,,[55FFFF]T18 Eternal[-] Inmate,,,,,,,,,,,,[55FFFF]T18 永恒级[-] 囚犯,[55FFFF]T18 Eternal[-] Inmate
AECZombieJanitorTier18Eternal,entityclasses,Entity,,,,[55FFFF]T18 Eternal[-] Janitor,,,,,,,,,,,,[55FFFF]T18 永恒级[-] 清洁工,[55FFFF]T18 Eternal[-] Janitor
AECZombieJoeTier18Eternal,entityclasses,Entity,,,,[55FFFF]T18 Eternal[-] Joe,,,,,,,,,,,,[55FFFF]T18 永恒级[-] 乔,[55FFFF]T18 Eternal[-] Joe
AECZombieLabTier18Eternal,entityclasses,Entity,,,,[55FFFF]T18 Eternal[-] Lab Zombie,,,,,,,,,,,,[55FFFF]T18 永恒级[-] 实验室僵尸,[55FFFF]T18 Eternal[-] Lab Zombie
AECZombieLumberjackTier18Eternal,entityclasses,Entity,,,,[55FFFF]T18 Eternal[-] Lumberjack,,,,,,,,,,,,[55FFFF]T18 永恒级[-] 伐木工,[55FFFF]T18 Eternal[-] Lumberjack
AECZombieMaleHazmatTier18Eternal,entityclasses,Entity,,,,[55FFFF]T18 Eternal[-] Hazmat Zombie,,,,,,,,,,,,[55FFFF]T18 永恒级[-] 防化服僵尸,[55FFFF]T18 Eternal[-] Hazmat Zombie
AECZombieMarleneTier18Eternal,entityclasses,Entity,,,,[55FFFF]T18 Eternal[-] Marlene,,,,,,,,,,,,[55FFFF]T18 永恒级[-] 玛琳,[55FFFF]T18 Eternal[-] Marlene
AECZombieMoeTier18Eternal,entityclasses,Entity,,,,[55FFFF]T18 Eternal[-] Moe,,,,,,,,,,,,[55FFFF]T18 永恒级[-] 莫,[55FFFF]T18 Eternal[-] Moe
AECZombieMutatedTier18Eternal,entityclasses,Entity,,,,[55FFFF]T18 Eternal[-] Mutated Zombie,,,,,,,,,,,,[55FFFF]T18 永恒级[-] 变异僵尸,[55FFFF]T18 Eternal[-] Mutated Zombie
AECZombieNurseTier18Eternal,entityclasses,Entity,,,,[55FFFF]T18 Eternal[-] Nurse,,,,,,,,,,,,[55FFFF]T18 永恒级[-] 护士,[55FFFF]T18 Eternal[-] Nurse
AECZombiePartyGirlTier18Eternal,entityclasses,Entity,,,,[55FFFF]T18 Eternal[-] Party Girl,,,,,,,,,,,,[55FFFF]T18 永恒级[-] 派对女孩,[55FFFF]T18 Eternal[-] Party Girl
AECZombiePlagueSpitterTier18Eternal,entityclasses,Entity,,,,[55FFFF]T18 Eternal[-] Plague Spitter,,,,,,,,,,,,[55FFFF]T18 永恒级[-] 瘟疫喷吐者,[55FFFF]T18 Eternal[-] Plague Spitter
AECZombieRancherTier18Eternal,entityclasses,Entity,,,,[55FFFF]T18 Eternal[-] Rancher,,,,,,,,,,,,[55FFFF]T18 永恒级[-] 牧场主,[55FFFF]T18 Eternal[-] Rancher
AECZombieScreamerTier18Eternal,entityclasses,Entity,,,,[55FFFF]T18 Eternal[-] Screamer,,,,,,,,,,,,[55FFFF]T18 永恒级[-] 尖叫者,[55FFFF]T18 Eternal[-] Screamer
AECZombieSkateboarderTier18Eternal,entityclasses,Entity,,,,[55FFFF]T18 Eternal[-] Skateboarder,,,,,,,,,,,,[55FFFF]T18 永恒级[-] 滑板手,[55FFFF]T18 Eternal[-] Skateboarder
AECZombieSoldierTier18Eternal,entityclasses,Entity,,,,[55FFFF]T18 Eternal[-] Soldier,,,,,,,,,,,,[55FFFF]T18 永恒级[-] 士兵,[55FFFF]T18 Eternal[-] Soldier
AECZombieSpiderTier18Eternal,entityclasses,Entity,,,,[55FFFF]T18 Eternal[-] Spider Zombie,,,,,,,,,,,,[55FFFF]T18 永恒级[-] 蜘蛛僵尸,[55FFFF]T18 Eternal[-] Spider Zombie
AECZombieSteveCrawlerTier18Eternal,entityclasses,Entity,,,,[55FFFF]T18 Eternal[-] Steve Crawler,,,,,,,,,,,,[55FFFF]T18 永恒级[-] 爬行者史蒂夫,[55FFFF]T18 Eternal[-] Steve Crawler
AECZombieSteveTier18Eternal,entityclasses,Entity,,,,[55FFFF]T18 Eternal[-] Steve,,,,,,,,,,,,[55FFFF]T18 永恒级[-] 史蒂夫,[55FFFF]T18 Eternal[-] Steve
AECZombieTomClarkTier18Eternal,entityclasses,Entity,,,,[55FFFF]T18 Eternal[-] Tom Clark,,,,,,,,,,,,[55FFFF]T18 永恒级[-] 汤姆·克拉克,[55FFFF]T18 Eternal[-] Tom Clark
AECZombieUtilityWorkerTier18Eternal,entityclasses,Entity,,,,[55FFFF]T18 Eternal[-] Utility Worker,,,,,,,,,,,,[55FFFF]T18 永恒级[-] 公用事业工人,[55FFFF]T18 Eternal[-] Utility Worker
AECZombieWightFeralTier18Eternal,entityclasses,Entity,,,,[55FFFF]T18 Eternal[-] Feral Wight,,,,,,,,,,,,[55FFFF]T18 永恒级[-] 狂暴尸王,[55FFFF]T18 Eternal[-] Feral Wight
AECZombieYoTier18Eternal,entityclasses,Entity,,,,[55FFFF]T18 Eternal[-] Yo,,,,,,,,,,,,[55FFFF]T18 永恒级[-] 尤,[55FFFF]T18 Eternal[-] Yo
bossAECDumdumT18,entityclasses,Entity,,,,[00D8FF]BOSS[-] Dumdum T18,,,,,,,,,,,,[00D8FF]首领[-] 呆呆 T18,[00D8FF]BOSS[-] Dumdum T18
RunningKamikazeT18,entityclasses,Entity,,,,[FFAA00]BOSS[-] RunningKamikaze T18,,,,,,,,,,,,[FFAA00]首领[-] 狂奔神风者 T18,[FFAA00]BOSS[-] RunningKamikaze T18
AECDoomlordDemolishmanBossT18,entityclasses,Entity,,,,Doomlord Demolishman Boss T18,,,,,,,,,,,,末日领主爆破者首领 T18,Doomlord Demolishman Boss T18
AECTheWitchAngelBossT18,entityclasses,Entity,,,,The Witch T18,,,,,,,,,,,,女巫 T18,The Witch T18
AECElectricDemonRunnerBossT18,entityclasses,Entity,,,,[00C8FF]BOSS[-] Electric Demon T18,,,,,,,,,,,,[00C8FF]首领[-] 电能恶魔 T18,[00C8FF]BOSS[-] Electric Demon T18
AECExplosiveEagleBossT18,entityclasses,Entity,,,,[FF6A00]BOSS[-] Explosive Eagle T18,,,,,,,,,,,,[FF6A00]首领[-] 爆破之鹰 T18,[FF6A00]BOSS[-] Explosive Eagle T18
AECHammerGuardianT18,entityclasses,Entity,,,,The Hammer Guardian T18,,,,,,,,,,,,巨锤守卫 T18,The Hammer Guardian T18
AECTheMechanicianBossT18,entityclasses,Entity,,,,[FF4500]BOSS[-] The Mechanician T18,,,,,,,,,,,,[FF4500]首领[-] 机械师 T18,[FF4500]BOSS[-] The Mechanician T18
AECTheDruidBossT18,entityclasses,Entity,,,,[FF4500]BOSS[-] The Druid T18,,,,,,,,,,,,[FF4500]首领[-] 德鲁伊 T18,[FF4500]BOSS[-] The Druid T18
AECTheExecutionerBossT18,entityclasses,Entity,,,,[FF4500]BOSS[-] The Executioner T18,,,,,,,,,,,,[FF4500]首领[-] 刽子手 T18,[FF4500]BOSS[-] The Executioner T18
AECPartyBeachBossT18,entityclasses,Entity,,,,[FF69B4]BOSS[-] Party Beach T18,,,,,,,,,,,,[FF69B4]首领[-] 海滩派对 T18,[FF69B4]BOSS[-] Party Beach T18
AECMykirBossT18,entityclasses,Entity,,,,[4CFF4C]BOSS[-] Mykir the Spider Demon T18,,,,,,,,,,,,[4CFF4C]首领[-] 迈基尔蜘蛛恶魔 T18,[4CFF4C]BOSS[-] Mykir the Spider Demon T18
AECHellskyliBossT18,entityclasses,Entity,,,,[FF6A00]BOSS[-] Hellskyli the Burning Demon T18,,,,,,,,,,,,[FF6A00]首领[-] 赫尔斯凯利燃烧恶魔 T18,[FF6A00]BOSS[-] Hellskyli the Burning Demon T18
AECRockbreakerBossT18,entityclasses,Entity,,,,[A0A0A0]BOSS[-] Rockbreaker T18,,,,,,,,,,,,[A0A0A0]首领[-] 碎岩者 T18,[A0A0A0]BOSS[-] Rockbreaker T18
AECSingerieBossT18,entityclasses,Entity,,,,[3CB371]BOSS[-] Singerie T18,,,,,,,,,,,,[3CB371]首领[-] 歌姬 T18,[3CB371]BOSS[-] Singerie T18
AECGhostBossT18,entityclasses,Entity,,,,[CDD7E3]The Ghost T18[-],,,,,,,,,,,,[CDD7E3]幽灵 T18[-],[CDD7E3]The Ghost T18[-]
AECSirenHeadBossT18,entityclasses,Entity,,,,[B85C38]BOSS[-] Siren Head T18,,,,,,,,,,,,[B85C38]首领[-] 警笛头 T18,[B85C38]BOSS[-] Siren Head T18
AECMushroomBossT18,entityclasses,Entity,,,,Mushroom Boss T18,,,,,,,,,,,,蘑菇怪首领 T18,Mushroom Boss T18
AECTheArcherBossT18,entityclasses,Entity,,,,The Archer Boss T18,,,,,,,,,,,,弓手首领 T18,The Archer Boss T18
AECSheriffBossT18,entityclasses,Entity,,,,The Sheriff T18,,,,,,,,,,,,警长 T18,The Sheriff T18
AECHeadlessBossT18,entityclasses,Entity,,,,[FF2A2A]The Headless T18[-],,,,,,,,,,,,[FF2A2A]无头者 T18[-],[FF2A2A]The Headless T18[-]
AECDruidMinionBearT18,entityclasses,Entity,,,,[55FFFF]T18 Eternal[-] Druid Bear,,,,,,,,,,,,[55FFFF]T18 永恒级[-] 德鲁伊熊,[55FFFF]T18 Eternal[-] Druid Bear
AECDruidMinionBoarAggroT18,entityclasses,Entity,,,,[55FFFF]T18 Eternal[-] Druid Boar,,,,,,,,,,,,[55FFFF]T18 永恒级[-] 德鲁伊野猪,[55FFFF]T18 Eternal[-] Druid Boar
AECDruidMinionBossBoarT18,entityclasses,Entity,,,,[55FFFF]T18 Eternal[-] Druid Boss Boar,,,,,,,,,,,,[55FFFF]T18 永恒级[-] 德鲁伊首领野猪,[55FFFF]T18 Eternal[-] Druid Boss Boar
AECDruidMinionC4WolfT18,entityclasses,Entity,,,,[55FFFF]T18 Eternal[-] Druid C4 Wolf,,,,,,,,,,,,[55FFFF]T18 永恒级[-] 德鲁伊爆破狼,[55FFFF]T18 Eternal[-] Druid C4 Wolf
AECDruidMinionDireWolfT18,entityclasses,Entity,,,,[55FFFF]T18 Eternal[-] Druid Dire Wolf,,,,,,,,,,,,[55FFFF]T18 永恒级[-] 德鲁伊恐狼,[55FFFF]T18 Eternal[-] Druid Dire Wolf
AECDruidMinionWolfAggroT18,entityclasses,Entity,,,,[55FFFF]T18 Eternal[-] Druid Wolf,,,,,,,,,,,,[55FFFF]T18 永恒级[-] 德鲁伊狼,[55FFFF]T18 Eternal[-] Druid Wolf
AECDruidMinionZombieBearT18,entityclasses,Entity,,,,[55FFFF]T18 Eternal[-] Druid Zombie Bear,,,,,,,,,,,,[55FFFF]T18 永恒级[-] 德鲁伊尸熊,[55FFFF]T18 Eternal[-] Druid Zombie Bear
AECSheriffWolfMinion01T18,entityclasses,Entity,,,,[55FFFF]T18 Eternal[-] Sheriff Wolf,,,,,,,,,,,,[55FFFF]T18 永恒级[-] 警长战狼,[55FFFF]T18 Eternal[-] Sheriff Wolf
AECZombieArleneTier19Apocalyptic,entityclasses,Entity,,,,[FF3333]T19 Apocalyptic[-] Arlene,,,,,,,,,,,,[FF3333]T19 末日级[-] 阿琳,[FF3333]T19 Apocalyptic[-] Arlene
AECZombieBikerTier19Apocalyptic,entityclasses,Entity,,,,[FF3333]T19 Apocalyptic[-] Biker,,,,,,,,,,,,[FF3333]T19 末日级[-] 摩托车手,[FF3333]T19 Apocalyptic[-] Biker
AECZombieBoeTier19Apocalyptic,entityclasses,Entity,,,,[FF3333]T19 Apocalyptic[-] Boe,,,,,,,,,,,,[FF3333]T19 末日级[-] 波,[FF3333]T19 Apocalyptic[-] Boe
AECZombieBowlerTier19Apocalyptic,entityclasses,Entity,,,,[FF3333]T19 Apocalyptic[-] Bowler,,,,,,,,,,,,[FF3333]T19 末日级[-] 保龄球手,[FF3333]T19 Apocalyptic[-] Bowler
AECZombieBurntTier19Apocalyptic,entityclasses,Entity,,,,[FF3333]T19 Apocalyptic[-] Burnt Zombie,,,,,,,,,,,,[FF3333]T19 末日级[-] 焦尸,[FF3333]T19 Apocalyptic[-] Burnt Zombie
AECZombieBusinessManTier19Apocalyptic,entityclasses,Entity,,,,[FF3333]T19 Apocalyptic[-] Business Man,,,,,,,,,,,,[FF3333]T19 末日级[-] 商务人士,[FF3333]T19 Apocalyptic[-] Business Man
AECZombieChuckTier19Apocalyptic,entityclasses,Entity,,,,[FF3333]T19 Apocalyptic[-] Chuck,,,,,,,,,,,,[FF3333]T19 末日级[-] 查克,[FF3333]T19 Apocalyptic[-] Chuck
AECZombieDarleneTier19Apocalyptic,entityclasses,Entity,,,,[FF3333]T19 Apocalyptic[-] Darlene,,,,,,,,,,,,[FF3333]T19 末日级[-] 达琳,[FF3333]T19 Apocalyptic[-] Darlene
AECZombieDemolitionTier19Apocalyptic,entityclasses,Entity,,,,[FF3333]T19 Apocalyptic[-] Demolisher,,,,,,,,,,,,[FF3333]T19 末日级[-] 爆破者,[FF3333]T19 Apocalyptic[-] Demolisher
AECZombieFatCopTier19Apocalyptic,entityclasses,Entity,,,,[FF3333]T19 Apocalyptic[-] Fat Cop,,,,,,,,,,,,[FF3333]T19 末日级[-] 肥胖警察,[FF3333]T19 Apocalyptic[-] Fat Cop
AECZombieFatHawaiianTier19Apocalyptic,entityclasses,Entity,,,,[FF3333]T19 Apocalyptic[-] Fat Hawaiian,,,,,,,,,,,,[FF3333]T19 末日级[-] 肥胖夏威夷人,[FF3333]T19 Apocalyptic[-] Fat Hawaiian
AECZombieFemaleFatTier19Apocalyptic,entityclasses,Entity,,,,[FF3333]T19 Apocalyptic[-] Fat Female,,,,,,,,,,,,[FF3333]T19 末日级[-] 肥胖女尸,[FF3333]T19 Apocalyptic[-] Fat Female
AECZombieInmateTier19Apocalyptic,entityclasses,Entity,,,,[FF3333]T19 Apocalyptic[-] Inmate,,,,,,,,,,,,[FF3333]T19 末日级[-] 囚犯,[FF3333]T19 Apocalyptic[-] Inmate
AECZombieJanitorTier19Apocalyptic,entityclasses,Entity,,,,[FF3333]T19 Apocalyptic[-] Janitor,,,,,,,,,,,,[FF3333]T19 末日级[-] 清洁工,[FF3333]T19 Apocalyptic[-] Janitor
AECZombieJoeTier19Apocalyptic,entityclasses,Entity,,,,[FF3333]T19 Apocalyptic[-] Joe,,,,,,,,,,,,[FF3333]T19 末日级[-] 乔,[FF3333]T19 Apocalyptic[-] Joe
AECZombieLabTier19Apocalyptic,entityclasses,Entity,,,,[FF3333]T19 Apocalyptic[-] Lab Zombie,,,,,,,,,,,,[FF3333]T19 末日级[-] 实验室僵尸,[FF3333]T19 Apocalyptic[-] Lab Zombie
AECZombieLumberjackTier19Apocalyptic,entityclasses,Entity,,,,[FF3333]T19 Apocalyptic[-] Lumberjack,,,,,,,,,,,,[FF3333]T19 末日级[-] 伐木工,[FF3333]T19 Apocalyptic[-] Lumberjack
AECZombieMaleHazmatTier19Apocalyptic,entityclasses,Entity,,,,[FF3333]T19 Apocalyptic[-] Hazmat Zombie,,,,,,,,,,,,[FF3333]T19 末日级[-] 防化服僵尸,[FF3333]T19 Apocalyptic[-] Hazmat Zombie
AECZombieMarleneTier19Apocalyptic,entityclasses,Entity,,,,[FF3333]T19 Apocalyptic[-] Marlene,,,,,,,,,,,,[FF3333]T19 末日级[-] 玛琳,[FF3333]T19 Apocalyptic[-] Marlene
AECZombieMoeTier19Apocalyptic,entityclasses,Entity,,,,[FF3333]T19 Apocalyptic[-] Moe,,,,,,,,,,,,[FF3333]T19 末日级[-] 莫,[FF3333]T19 Apocalyptic[-] Moe
AECZombieMutatedTier19Apocalyptic,entityclasses,Entity,,,,[FF3333]T19 Apocalyptic[-] Mutated Zombie,,,,,,,,,,,,[FF3333]T19 末日级[-] 变异僵尸,[FF3333]T19 Apocalyptic[-] Mutated Zombie
AECZombieNurseTier19Apocalyptic,entityclasses,Entity,,,,[FF3333]T19 Apocalyptic[-] Nurse,,,,,,,,,,,,[FF3333]T19 末日级[-] 护士,[FF3333]T19 Apocalyptic[-] Nurse
AECZombiePartyGirlTier19Apocalyptic,entityclasses,Entity,,,,[FF3333]T19 Apocalyptic[-] Party Girl,,,,,,,,,,,,[FF3333]T19 末日级[-] 派对女孩,[FF3333]T19 Apocalyptic[-] Party Girl
AECZombiePlagueSpitterTier19Apocalyptic,entityclasses,Entity,,,,[FF3333]T19 Apocalyptic[-] Plague Spitter,,,,,,,,,,,,[FF3333]T19 末日级[-] 瘟疫喷吐者,[FF3333]T19 Apocalyptic[-] Plague Spitter
AECZombieRancherTier19Apocalyptic,entityclasses,Entity,,,,[FF3333]T19 Apocalyptic[-] Rancher,,,,,,,,,,,,[FF3333]T19 末日级[-] 牧场主,[FF3333]T19 Apocalyptic[-] Rancher
AECZombieScreamerTier19Apocalyptic,entityclasses,Entity,,,,[FF3333]T19 Apocalyptic[-] Screamer,,,,,,,,,,,,[FF3333]T19 末日级[-] 尖叫者,[FF3333]T19 Apocalyptic[-] Screamer
AECZombieSkateboarderTier19Apocalyptic,entityclasses,Entity,,,,[FF3333]T19 Apocalyptic[-] Skateboarder,,,,,,,,,,,,[FF3333]T19 末日级[-] 滑板手,[FF3333]T19 Apocalyptic[-] Skateboarder
AECZombieSoldierTier19Apocalyptic,entityclasses,Entity,,,,[FF3333]T19 Apocalyptic[-] Soldier,,,,,,,,,,,,[FF3333]T19 末日级[-] 士兵,[FF3333]T19 Apocalyptic[-] Soldier
AECZombieSpiderTier19Apocalyptic,entityclasses,Entity,,,,[FF3333]T19 Apocalyptic[-] Spider Zombie,,,,,,,,,,,,[FF3333]T19 末日级[-] 蜘蛛僵尸,[FF3333]T19 Apocalyptic[-] Spider Zombie
AECZombieSteveCrawlerTier19Apocalyptic,entityclasses,Entity,,,,[FF3333]T19 Apocalyptic[-] Steve Crawler,,,,,,,,,,,,[FF3333]T19 末日级[-] 爬行者史蒂夫,[FF3333]T19 Apocalyptic[-] Steve Crawler
AECZombieSteveTier19Apocalyptic,entityclasses,Entity,,,,[FF3333]T19 Apocalyptic[-] Steve,,,,,,,,,,,,[FF3333]T19 末日级[-] 史蒂夫,[FF3333]T19 Apocalyptic[-] Steve
AECZombieTomClarkTier19Apocalyptic,entityclasses,Entity,,,,[FF3333]T19 Apocalyptic[-] Tom Clark,,,,,,,,,,,,[FF3333]T19 末日级[-] 汤姆·克拉克,[FF3333]T19 Apocalyptic[-] Tom Clark
AECZombieUtilityWorkerTier19Apocalyptic,entityclasses,Entity,,,,[FF3333]T19 Apocalyptic[-] Utility Worker,,,,,,,,,,,,[FF3333]T19 末日级[-] 公用事业工人,[FF3333]T19 Apocalyptic[-] Utility Worker
AECZombieWightFeralTier19Apocalyptic,entityclasses,Entity,,,,[FF3333]T19 Apocalyptic[-] Feral Wight,,,,,,,,,,,,[FF3333]T19 末日级[-] 狂暴尸王,[FF3333]T19 Apocalyptic[-] Feral Wight
AECZombieYoTier19Apocalyptic,entityclasses,Entity,,,,[FF3333]T19 Apocalyptic[-] Yo,,,,,,,,,,,,[FF3333]T19 末日级[-] 尤,[FF3333]T19 Apocalyptic[-] Yo
bossAECDumdumT19,entityclasses,Entity,,,,[00D8FF]BOSS[-] Dumdum T19,,,,,,,,,,,,[00D8FF]首领[-] 呆呆 T19,[00D8FF]BOSS[-] Dumdum T19
RunningKamikazeT19,entityclasses,Entity,,,,[FFAA00]BOSS[-] RunningKamikaze T19,,,,,,,,,,,,[FFAA00]首领[-] 狂奔神风者 T19,[FFAA00]BOSS[-] RunningKamikaze T19
AECDoomlordDemolishmanBossT19,entityclasses,Entity,,,,Doomlord Demolishman Boss T19,,,,,,,,,,,,末日领主爆破者首领 T19,Doomlord Demolishman Boss T19
AECTheWitchAngelBossT19,entityclasses,Entity,,,,The Witch T19,,,,,,,,,,,,女巫 T19,The Witch T19
AECElectricDemonRunnerBossT19,entityclasses,Entity,,,,[00C8FF]BOSS[-] Electric Demon T19,,,,,,,,,,,,[00C8FF]首领[-] 电能恶魔 T19,[00C8FF]BOSS[-] Electric Demon T19
AECExplosiveEagleBossT19,entityclasses,Entity,,,,[FF6A00]BOSS[-] Explosive Eagle T19,,,,,,,,,,,,[FF6A00]首领[-] 爆破之鹰 T19,[FF6A00]BOSS[-] Explosive Eagle T19
AECHammerGuardianT19,entityclasses,Entity,,,,The Hammer Guardian T19,,,,,,,,,,,,巨锤守卫 T19,The Hammer Guardian T19
AECTheMechanicianBossT19,entityclasses,Entity,,,,[FF4500]BOSS[-] The Mechanician T19,,,,,,,,,,,,[FF4500]首领[-] 机械师 T19,[FF4500]BOSS[-] The Mechanician T19
AECTheDruidBossT19,entityclasses,Entity,,,,[FF4500]BOSS[-] The Druid T19,,,,,,,,,,,,[FF4500]首领[-] 德鲁伊 T19,[FF4500]BOSS[-] The Druid T19
AECTheExecutionerBossT19,entityclasses,Entity,,,,[FF4500]BOSS[-] The Executioner T19,,,,,,,,,,,,[FF4500]首领[-] 刽子手 T19,[FF4500]BOSS[-] The Executioner T19
AECPartyBeachBossT19,entityclasses,Entity,,,,[FF69B4]BOSS[-] Party Beach T19,,,,,,,,,,,,[FF69B4]首领[-] 海滩派对 T19,[FF69B4]BOSS[-] Party Beach T19
AECMykirBossT19,entityclasses,Entity,,,,[4CFF4C]BOSS[-] Mykir the Spider Demon T19,,,,,,,,,,,,[4CFF4C]首领[-] 迈基尔蜘蛛恶魔 T19,[4CFF4C]BOSS[-] Mykir the Spider Demon T19
AECHellskyliBossT19,entityclasses,Entity,,,,[FF6A00]BOSS[-] Hellskyli the Burning Demon T19,,,,,,,,,,,,[FF6A00]首领[-] 赫尔斯凯利燃烧恶魔 T19,[FF6A00]BOSS[-] Hellskyli the Burning Demon T19
AECRockbreakerBossT19,entityclasses,Entity,,,,[A0A0A0]BOSS[-] Rockbreaker T19,,,,,,,,,,,,[A0A0A0]首领[-] 碎岩者 T19,[A0A0A0]BOSS[-] Rockbreaker T19
AECSingerieBossT19,entityclasses,Entity,,,,[3CB371]BOSS[-] Singerie T19,,,,,,,,,,,,[3CB371]首领[-] 歌姬 T19,[3CB371]BOSS[-] Singerie T19
AECGhostBossT19,entityclasses,Entity,,,,[CDD7E3]The Ghost T19[-],,,,,,,,,,,,[CDD7E3]幽灵 T19[-],[CDD7E3]The Ghost T19[-]
AECSirenHeadBossT19,entityclasses,Entity,,,,[B85C38]BOSS[-] Siren Head T19,,,,,,,,,,,,[B85C38]首领[-] 警笛头 T19,[B85C38]BOSS[-] Siren Head T19
AECMushroomBossT19,entityclasses,Entity,,,,Mushroom Boss T19,,,,,,,,,,,,蘑菇怪首领 T19,Mushroom Boss T19
AECTheArcherBossT19,entityclasses,Entity,,,,The Archer Boss T19,,,,,,,,,,,,弓手首领 T19,The Archer Boss T19
AECSheriffBossT19,entityclasses,Entity,,,,The Sheriff T19,,,,,,,,,,,,警长 T19,The Sheriff T19
AECHeadlessBossT19,entityclasses,Entity,,,,[FF2A2A]The Headless T19[-],,,,,,,,,,,,[FF2A2A]无头者 T19[-],[FF2A2A]The Headless T19[-]
AECDruidMinionBearT19,entityclasses,Entity,,,,[FF3333]T19 Apocalyptic[-] Druid Bear,,,,,,,,,,,,[FF3333]T19 末日级[-] 德鲁伊熊,[FF3333]T19 Apocalyptic[-] Druid Bear
AECDruidMinionBoarAggroT19,entityclasses,Entity,,,,[FF3333]T19 Apocalyptic[-] Druid Boar,,,,,,,,,,,,[FF3333]T19 末日级[-] 德鲁伊野猪,[FF3333]T19 Apocalyptic[-] Druid Boar
AECDruidMinionBossBoarT19,entityclasses,Entity,,,,[FF3333]T19 Apocalyptic[-] Druid Boss Boar,,,,,,,,,,,,[FF3333]T19 末日级[-] 德鲁伊首领野猪,[FF3333]T19 Apocalyptic[-] Druid Boss Boar
AECDruidMinionC4WolfT19,entityclasses,Entity,,,,[FF3333]T19 Apocalyptic[-] Druid C4 Wolf,,,,,,,,,,,,[FF3333]T19 末日级[-] 德鲁伊爆破狼,[FF3333]T19 Apocalyptic[-] Druid C4 Wolf
AECDruidMinionDireWolfT19,entityclasses,Entity,,,,[FF3333]T19 Apocalyptic[-] Druid Dire Wolf,,,,,,,,,,,,[FF3333]T19 末日级[-] 德鲁伊恐狼,[FF3333]T19 Apocalyptic[-] Druid Dire Wolf
AECDruidMinionWolfAggroT19,entityclasses,Entity,,,,[FF3333]T19 Apocalyptic[-] Druid Wolf,,,,,,,,,,,,[FF3333]T19 末日级[-] 德鲁伊狼,[FF3333]T19 Apocalyptic[-] Druid Wolf
AECDruidMinionZombieBearT19,entityclasses,Entity,,,,[FF3333]T19 Apocalyptic[-] Druid Zombie Bear,,,,,,,,,,,,[FF3333]T19 末日级[-] 德鲁伊尸熊,[FF3333]T19 Apocalyptic[-] Druid Zombie Bear
AECSheriffWolfMinion01T19,entityclasses,Entity,,,,[FF3333]T19 Apocalyptic[-] Sheriff Wolf,,,,,,,,,,,,[FF3333]T19 末日级[-] 警长战狼,[FF3333]T19 Apocalyptic[-] Sheriff Wolf
pzaec_aec_master_hub_title,dialogs,Dialog,false,,,[FF66CC]Master Operations[-] [AAAAAA]— AEC T11–T15[-],,,,,,,,,,[FF66CC]Операции мастера[-] [AAAAAA]— AEC T11–T15[-],,[FF66CC]大师行动[-] [AAAAAA]— AEC T11–T15[-],[FF66CC]大师行动[-] [AAAAAA]— AEC T11–T15[-]
pzaec_aec_open_legendary,dialogs,Dialog,false,,,[FFD700]Legendary Operations[-] [AAAAAA](AEC T16–T19)[-],,,,,,,,,,,,[FFD700]传奇行动[-] [AAAAAA]（AEC T16–T19）[-],[FFD700]传奇行动[-] [AAAAAA]（AEC T16–T19）[-]
pzaec_aec_legendary_hub_title,dialogs,Dialog,false,,,[FFD700]Legendary Operations[-] | T16–T19 | T17 GS 240000 / T18 GS 270000 / T19 GS 300000,,,,,,,,,,,,[FFD700]传奇行动[-]｜T16–T19｜T17：GS 240000 / T18：GS 270000 / T19：GS 300000,[FFD700]传奇行动[-]｜T16–T19｜T17：GS 240000 / T18：GS 270000 / T19：GS 300000
pzaec_aec_return_to_legendary_menu,dialogs,Dialog,false,,,[AAAAAA]← Return to Legendary Operations[-],,,,,,,,,,,,[AAAAAA]← 返回传奇行动[-],[AAAAAA]← 返回传奇行动[-]
pzaec_aec_browse_t17,dialogs,Dialog,false,,,[FFAA33]AEC T17 contracts[-] (GS 240000+),,,,,,,,,,,,[FFAA33]AEC T17 契约[-]（GS 240000 起）,[FFAA33]AEC T17 契约[-]（GS 240000 起）
aec_dialog_a1_t17_header,dialogs,Dialog,false,,,Legendary Operations | Small POI | [FFAA33]T17[-] | Up to 6 missions,,,,,,,,,,,,传奇行动｜小型地标｜[FFAA33]T17[-]｜最多 6 个任务,传奇行动｜小型地标｜[FFAA33]T17[-]｜最多 6 个任务
aec_dialog_a2_t17_header,dialogs,Dialog,false,,,Legendary Operations | Medium POI | [FFAA33]T17[-] | Up to 6 missions,,,,,,,,,,,,传奇行动｜中型地标｜[FFAA33]T17[-]｜最多 6 个任务,传奇行动｜中型地标｜[FFAA33]T17[-]｜最多 6 个任务
aec_dialog_a3_t17_header,dialogs,Dialog,false,,,Legendary Operations | Large POI | [FFAA33]T17[-] | Up to 6 missions,,,,,,,,,,,,传奇行动｜大型地标｜[FFAA33]T17[-]｜最多 6 个任务,传奇行动｜大型地标｜[FFAA33]T17[-]｜最多 6 个任务
aec_dialog_a4_t17_header,dialogs,Dialog,false,,,Legendary Operations | Huge POI | [FFAA33]T17[-] | Up to 6 missions,,,,,,,,,,,,传奇行动｜巨型地标｜[FFAA33]T17[-]｜最多 6 个任务,传奇行动｜巨型地标｜[FFAA33]T17[-]｜最多 6 个任务
aec_dialog_a5_t17_header,dialogs,Dialog,false,,,Legendary Operations | Massive POI | [FFAA33]T17[-] | Up to 6 missions,,,,,,,,,,,,传奇行动｜超大型地标｜[FFAA33]T17[-]｜最多 6 个任务,传奇行动｜超大型地标｜[FFAA33]T17[-]｜最多 6 个任务
pzaec_aec_browse_t18,dialogs,Dialog,false,,,[55FFFF]AEC T18 contracts[-] (GS 270000+),,,,,,,,,,,,[55FFFF]AEC T18 契约[-]（GS 270000 起）,[55FFFF]AEC T18 契约[-]（GS 270000 起）
aec_dialog_a1_t18_header,dialogs,Dialog,false,,,Legendary Operations | Small POI | [55FFFF]T18[-] | Up to 6 missions,,,,,,,,,,,,传奇行动｜小型地标｜[55FFFF]T18[-]｜最多 6 个任务,传奇行动｜小型地标｜[55FFFF]T18[-]｜最多 6 个任务
aec_dialog_a2_t18_header,dialogs,Dialog,false,,,Legendary Operations | Medium POI | [55FFFF]T18[-] | Up to 6 missions,,,,,,,,,,,,传奇行动｜中型地标｜[55FFFF]T18[-]｜最多 6 个任务,传奇行动｜中型地标｜[55FFFF]T18[-]｜最多 6 个任务
aec_dialog_a3_t18_header,dialogs,Dialog,false,,,Legendary Operations | Large POI | [55FFFF]T18[-] | Up to 6 missions,,,,,,,,,,,,传奇行动｜大型地标｜[55FFFF]T18[-]｜最多 6 个任务,传奇行动｜大型地标｜[55FFFF]T18[-]｜最多 6 个任务
aec_dialog_a4_t18_header,dialogs,Dialog,false,,,Legendary Operations | Huge POI | [55FFFF]T18[-] | Up to 6 missions,,,,,,,,,,,,传奇行动｜巨型地标｜[55FFFF]T18[-]｜最多 6 个任务,传奇行动｜巨型地标｜[55FFFF]T18[-]｜最多 6 个任务
aec_dialog_a5_t18_header,dialogs,Dialog,false,,,Legendary Operations | Massive POI | [55FFFF]T18[-] | Up to 6 missions,,,,,,,,,,,,传奇行动｜超大型地标｜[55FFFF]T18[-]｜最多 6 个任务,传奇行动｜超大型地标｜[55FFFF]T18[-]｜最多 6 个任务
pzaec_aec_browse_t19,dialogs,Dialog,false,,,[FF3333]AEC T19 contracts[-] (GS 300000+),,,,,,,,,,,,[FF3333]AEC T19 契约[-]（GS 300000 起）,[FF3333]AEC T19 契约[-]（GS 300000 起）
aec_dialog_a1_t19_header,dialogs,Dialog,false,,,Legendary Operations | Small POI | [FF3333]T19[-] | Up to 6 missions,,,,,,,,,,,,传奇行动｜小型地标｜[FF3333]T19[-]｜最多 6 个任务,传奇行动｜小型地标｜[FF3333]T19[-]｜最多 6 个任务
aec_dialog_a2_t19_header,dialogs,Dialog,false,,,Legendary Operations | Medium POI | [FF3333]T19[-] | Up to 6 missions,,,,,,,,,,,,传奇行动｜中型地标｜[FF3333]T19[-]｜最多 6 个任务,传奇行动｜中型地标｜[FF3333]T19[-]｜最多 6 个任务
aec_dialog_a3_t19_header,dialogs,Dialog,false,,,Legendary Operations | Large POI | [FF3333]T19[-] | Up to 6 missions,,,,,,,,,,,,传奇行动｜大型地标｜[FF3333]T19[-]｜最多 6 个任务,传奇行动｜大型地标｜[FF3333]T19[-]｜最多 6 个任务
aec_dialog_a4_t19_header,dialogs,Dialog,false,,,Legendary Operations | Huge POI | [FF3333]T19[-] | Up to 6 missions,,,,,,,,,,,,传奇行动｜巨型地标｜[FF3333]T19[-]｜最多 6 个任务,传奇行动｜巨型地标｜[FF3333]T19[-]｜最多 6 个任务
aec_dialog_a5_t19_header,dialogs,Dialog,false,,,Legendary Operations | Massive POI | [FF3333]T19[-] | Up to 6 missions,,,,,,,,,,,,传奇行动｜超大型地标｜[FF3333]T19[-]｜最多 6 个任务,传奇行动｜超大型地标｜[FF3333]T19[-]｜最多 6 个任务
aec_quest_T16_A1_clear_hunter_name,quests,Adventure,,,,[FFAA33]T16 Hunters[-] | Area 1,,,,,,,,,,,,[FFAA33]T16 猎杀者[-]｜区域 1,[FFAA33]T16 猎杀者[-]｜区域 1
aec_quest_T16_A1_clear_bulwark_name,quests,Adventure,,,,[FFAA33]T16 Overheating Bulwarks[-] | Area 1,,,,,,,,,,,,[FFAA33]T16 裂甲守卫[-]｜区域 1,[FFAA33]T16 裂甲守卫[-]｜区域 1
aec_quest_T16_A1_clear_storm_name,quests,Adventure,,,,[FFAA33]T16 Ranged Suppression[-] | Area 1,,,,,,,,,,,,[FFAA33]T16 远程压制[-]｜区域 1,[FFAA33]T16 远程压制[-]｜区域 1
aec_quest_T16_A2_clear_hunter_name,quests,Adventure,,,,[FFAA33]T16 Hunters[-] | Area 2,,,,,,,,,,,,[FFAA33]T16 猎杀者[-]｜区域 2,[FFAA33]T16 猎杀者[-]｜区域 2
aec_quest_T16_A2_clear_bulwark_name,quests,Adventure,,,,[FFAA33]T16 Overheating Bulwarks[-] | Area 2,,,,,,,,,,,,[FFAA33]T16 裂甲守卫[-]｜区域 2,[FFAA33]T16 裂甲守卫[-]｜区域 2
aec_quest_T16_A2_clear_storm_name,quests,Adventure,,,,[FFAA33]T16 Ranged Suppression[-] | Area 2,,,,,,,,,,,,[FFAA33]T16 远程压制[-]｜区域 2,[FFAA33]T16 远程压制[-]｜区域 2
aec_quest_T16_A3_clear_hunter_name,quests,Adventure,,,,[FFAA33]T16 Hunters[-] | Area 3,,,,,,,,,,,,[FFAA33]T16 猎杀者[-]｜区域 3,[FFAA33]T16 猎杀者[-]｜区域 3
aec_quest_T16_A3_clear_bulwark_name,quests,Adventure,,,,[FFAA33]T16 Overheating Bulwarks[-] | Area 3,,,,,,,,,,,,[FFAA33]T16 裂甲守卫[-]｜区域 3,[FFAA33]T16 裂甲守卫[-]｜区域 3
aec_quest_T16_A3_clear_storm_name,quests,Adventure,,,,[FFAA33]T16 Ranged Suppression[-] | Area 3,,,,,,,,,,,,[FFAA33]T16 远程压制[-]｜区域 3,[FFAA33]T16 远程压制[-]｜区域 3
aec_quest_T16_A4_clear_hunter_name,quests,Adventure,,,,[FFAA33]T16 Hunters[-] | Area 4,,,,,,,,,,,,[FFAA33]T16 猎杀者[-]｜区域 4,[FFAA33]T16 猎杀者[-]｜区域 4
aec_quest_T16_A4_clear_bulwark_name,quests,Adventure,,,,[FFAA33]T16 Overheating Bulwarks[-] | Area 4,,,,,,,,,,,,[FFAA33]T16 裂甲守卫[-]｜区域 4,[FFAA33]T16 裂甲守卫[-]｜区域 4
aec_quest_T16_A4_clear_storm_name,quests,Adventure,,,,[FFAA33]T16 Ranged Suppression[-] | Area 4,,,,,,,,,,,,[FFAA33]T16 远程压制[-]｜区域 4,[FFAA33]T16 远程压制[-]｜区域 4
aec_quest_T16_A5_clear_hunter_name,quests,Adventure,,,,[FFAA33]T16 Hunters[-] | Area 5,,,,,,,,,,,,[FFAA33]T16 猎杀者[-]｜区域 5,[FFAA33]T16 猎杀者[-]｜区域 5
aec_quest_T16_A5_clear_bulwark_name,quests,Adventure,,,,[FFAA33]T16 Overheating Bulwarks[-] | Area 5,,,,,,,,,,,,[FFAA33]T16 裂甲守卫[-]｜区域 5,[FFAA33]T16 裂甲守卫[-]｜区域 5
aec_quest_T16_A5_clear_storm_name,quests,Adventure,,,,[FFAA33]T16 Ranged Suppression[-] | Area 5,,,,,,,,,,,,[FFAA33]T16 远程压制[-]｜区域 5,[FFAA33]T16 远程压制[-]｜区域 5
aec_quest_T17_A1_clear_hunter_name,quests,Adventure,,,,[FFAA33]T17 Hunters[-] | Area 1,,,,,,,,,,,,[FFAA33]T17 猎杀者[-]｜区域 1,[FFAA33]T17 猎杀者[-]｜区域 1
aec_quest_T17_A1_clear_bulwark_name,quests,Adventure,,,,[FFAA33]T17 Overheating Bulwarks[-] | Area 1,,,,,,,,,,,,[FFAA33]T17 裂甲守卫[-]｜区域 1,[FFAA33]T17 裂甲守卫[-]｜区域 1
aec_quest_T17_A1_clear_storm_name,quests,Adventure,,,,[FFAA33]T17 Ranged Suppression[-] | Area 1,,,,,,,,,,,,[FFAA33]T17 远程压制[-]｜区域 1,[FFAA33]T17 远程压制[-]｜区域 1
aec_quest_T17_A2_clear_hunter_name,quests,Adventure,,,,[FFAA33]T17 Hunters[-] | Area 2,,,,,,,,,,,,[FFAA33]T17 猎杀者[-]｜区域 2,[FFAA33]T17 猎杀者[-]｜区域 2
aec_quest_T17_A2_clear_bulwark_name,quests,Adventure,,,,[FFAA33]T17 Overheating Bulwarks[-] | Area 2,,,,,,,,,,,,[FFAA33]T17 裂甲守卫[-]｜区域 2,[FFAA33]T17 裂甲守卫[-]｜区域 2
aec_quest_T17_A2_clear_storm_name,quests,Adventure,,,,[FFAA33]T17 Ranged Suppression[-] | Area 2,,,,,,,,,,,,[FFAA33]T17 远程压制[-]｜区域 2,[FFAA33]T17 远程压制[-]｜区域 2
aec_quest_T17_A3_clear_hunter_name,quests,Adventure,,,,[FFAA33]T17 Hunters[-] | Area 3,,,,,,,,,,,,[FFAA33]T17 猎杀者[-]｜区域 3,[FFAA33]T17 猎杀者[-]｜区域 3
aec_quest_T17_A3_clear_bulwark_name,quests,Adventure,,,,[FFAA33]T17 Overheating Bulwarks[-] | Area 3,,,,,,,,,,,,[FFAA33]T17 裂甲守卫[-]｜区域 3,[FFAA33]T17 裂甲守卫[-]｜区域 3
aec_quest_T17_A3_clear_storm_name,quests,Adventure,,,,[FFAA33]T17 Ranged Suppression[-] | Area 3,,,,,,,,,,,,[FFAA33]T17 远程压制[-]｜区域 3,[FFAA33]T17 远程压制[-]｜区域 3
aec_quest_T17_A4_clear_hunter_name,quests,Adventure,,,,[FFAA33]T17 Hunters[-] | Area 4,,,,,,,,,,,,[FFAA33]T17 猎杀者[-]｜区域 4,[FFAA33]T17 猎杀者[-]｜区域 4
aec_quest_T17_A4_clear_bulwark_name,quests,Adventure,,,,[FFAA33]T17 Overheating Bulwarks[-] | Area 4,,,,,,,,,,,,[FFAA33]T17 裂甲守卫[-]｜区域 4,[FFAA33]T17 裂甲守卫[-]｜区域 4
aec_quest_T17_A4_clear_storm_name,quests,Adventure,,,,[FFAA33]T17 Ranged Suppression[-] | Area 4,,,,,,,,,,,,[FFAA33]T17 远程压制[-]｜区域 4,[FFAA33]T17 远程压制[-]｜区域 4
aec_quest_T17_A5_clear_hunter_name,quests,Adventure,,,,[FFAA33]T17 Hunters[-] | Area 5,,,,,,,,,,,,[FFAA33]T17 猎杀者[-]｜区域 5,[FFAA33]T17 猎杀者[-]｜区域 5
aec_quest_T17_A5_clear_bulwark_name,quests,Adventure,,,,[FFAA33]T17 Overheating Bulwarks[-] | Area 5,,,,,,,,,,,,[FFAA33]T17 裂甲守卫[-]｜区域 5,[FFAA33]T17 裂甲守卫[-]｜区域 5
aec_quest_T17_A5_clear_storm_name,quests,Adventure,,,,[FFAA33]T17 Ranged Suppression[-] | Area 5,,,,,,,,,,,,[FFAA33]T17 远程压制[-]｜区域 5,[FFAA33]T17 远程压制[-]｜区域 5
aec_quest_T18_A1_clear_hunter_name,quests,Adventure,,,,[FFAA33]T18 Hunters[-] | Area 1,,,,,,,,,,,,[FFAA33]T18 猎杀者[-]｜区域 1,[FFAA33]T18 猎杀者[-]｜区域 1
aec_quest_T18_A1_clear_bulwark_name,quests,Adventure,,,,[FFAA33]T18 Overheating Bulwarks[-] | Area 1,,,,,,,,,,,,[FFAA33]T18 裂甲守卫[-]｜区域 1,[FFAA33]T18 裂甲守卫[-]｜区域 1
aec_quest_T18_A1_clear_storm_name,quests,Adventure,,,,[FFAA33]T18 Ranged Suppression[-] | Area 1,,,,,,,,,,,,[FFAA33]T18 远程压制[-]｜区域 1,[FFAA33]T18 远程压制[-]｜区域 1
aec_quest_T18_A2_clear_hunter_name,quests,Adventure,,,,[FFAA33]T18 Hunters[-] | Area 2,,,,,,,,,,,,[FFAA33]T18 猎杀者[-]｜区域 2,[FFAA33]T18 猎杀者[-]｜区域 2
aec_quest_T18_A2_clear_bulwark_name,quests,Adventure,,,,[FFAA33]T18 Overheating Bulwarks[-] | Area 2,,,,,,,,,,,,[FFAA33]T18 裂甲守卫[-]｜区域 2,[FFAA33]T18 裂甲守卫[-]｜区域 2
aec_quest_T18_A2_clear_storm_name,quests,Adventure,,,,[FFAA33]T18 Ranged Suppression[-] | Area 2,,,,,,,,,,,,[FFAA33]T18 远程压制[-]｜区域 2,[FFAA33]T18 远程压制[-]｜区域 2
aec_quest_T18_A3_clear_hunter_name,quests,Adventure,,,,[FFAA33]T18 Hunters[-] | Area 3,,,,,,,,,,,,[FFAA33]T18 猎杀者[-]｜区域 3,[FFAA33]T18 猎杀者[-]｜区域 3
aec_quest_T18_A3_clear_bulwark_name,quests,Adventure,,,,[FFAA33]T18 Overheating Bulwarks[-] | Area 3,,,,,,,,,,,,[FFAA33]T18 裂甲守卫[-]｜区域 3,[FFAA33]T18 裂甲守卫[-]｜区域 3
aec_quest_T18_A3_clear_storm_name,quests,Adventure,,,,[FFAA33]T18 Ranged Suppression[-] | Area 3,,,,,,,,,,,,[FFAA33]T18 远程压制[-]｜区域 3,[FFAA33]T18 远程压制[-]｜区域 3
aec_quest_T18_A4_clear_hunter_name,quests,Adventure,,,,[FFAA33]T18 Hunters[-] | Area 4,,,,,,,,,,,,[FFAA33]T18 猎杀者[-]｜区域 4,[FFAA33]T18 猎杀者[-]｜区域 4
aec_quest_T18_A4_clear_bulwark_name,quests,Adventure,,,,[FFAA33]T18 Overheating Bulwarks[-] | Area 4,,,,,,,,,,,,[FFAA33]T18 裂甲守卫[-]｜区域 4,[FFAA33]T18 裂甲守卫[-]｜区域 4
aec_quest_T18_A4_clear_storm_name,quests,Adventure,,,,[FFAA33]T18 Ranged Suppression[-] | Area 4,,,,,,,,,,,,[FFAA33]T18 远程压制[-]｜区域 4,[FFAA33]T18 远程压制[-]｜区域 4
aec_quest_T18_A5_clear_hunter_name,quests,Adventure,,,,[FFAA33]T18 Hunters[-] | Area 5,,,,,,,,,,,,[FFAA33]T18 猎杀者[-]｜区域 5,[FFAA33]T18 猎杀者[-]｜区域 5
aec_quest_T18_A5_clear_bulwark_name,quests,Adventure,,,,[FFAA33]T18 Overheating Bulwarks[-] | Area 5,,,,,,,,,,,,[FFAA33]T18 裂甲守卫[-]｜区域 5,[FFAA33]T18 裂甲守卫[-]｜区域 5
aec_quest_T18_A5_clear_storm_name,quests,Adventure,,,,[FFAA33]T18 Ranged Suppression[-] | Area 5,,,,,,,,,,,,[FFAA33]T18 远程压制[-]｜区域 5,[FFAA33]T18 远程压制[-]｜区域 5
aec_quest_T19_A1_clear_hunter_name,quests,Adventure,,,,[FFAA33]T19 Hunters[-] | Area 1,,,,,,,,,,,,[FFAA33]T19 猎杀者[-]｜区域 1,[FFAA33]T19 猎杀者[-]｜区域 1
aec_quest_T19_A1_clear_bulwark_name,quests,Adventure,,,,[FFAA33]T19 Overheating Bulwarks[-] | Area 1,,,,,,,,,,,,[FFAA33]T19 裂甲守卫[-]｜区域 1,[FFAA33]T19 裂甲守卫[-]｜区域 1
aec_quest_T19_A1_clear_storm_name,quests,Adventure,,,,[FFAA33]T19 Ranged Suppression[-] | Area 1,,,,,,,,,,,,[FFAA33]T19 远程压制[-]｜区域 1,[FFAA33]T19 远程压制[-]｜区域 1
aec_quest_T19_A2_clear_hunter_name,quests,Adventure,,,,[FFAA33]T19 Hunters[-] | Area 2,,,,,,,,,,,,[FFAA33]T19 猎杀者[-]｜区域 2,[FFAA33]T19 猎杀者[-]｜区域 2
aec_quest_T19_A2_clear_bulwark_name,quests,Adventure,,,,[FFAA33]T19 Overheating Bulwarks[-] | Area 2,,,,,,,,,,,,[FFAA33]T19 裂甲守卫[-]｜区域 2,[FFAA33]T19 裂甲守卫[-]｜区域 2
aec_quest_T19_A2_clear_storm_name,quests,Adventure,,,,[FFAA33]T19 Ranged Suppression[-] | Area 2,,,,,,,,,,,,[FFAA33]T19 远程压制[-]｜区域 2,[FFAA33]T19 远程压制[-]｜区域 2
aec_quest_T19_A3_clear_hunter_name,quests,Adventure,,,,[FFAA33]T19 Hunters[-] | Area 3,,,,,,,,,,,,[FFAA33]T19 猎杀者[-]｜区域 3,[FFAA33]T19 猎杀者[-]｜区域 3
aec_quest_T19_A3_clear_bulwark_name,quests,Adventure,,,,[FFAA33]T19 Overheating Bulwarks[-] | Area 3,,,,,,,,,,,,[FFAA33]T19 裂甲守卫[-]｜区域 3,[FFAA33]T19 裂甲守卫[-]｜区域 3
aec_quest_T19_A3_clear_storm_name,quests,Adventure,,,,[FFAA33]T19 Ranged Suppression[-] | Area 3,,,,,,,,,,,,[FFAA33]T19 远程压制[-]｜区域 3,[FFAA33]T19 远程压制[-]｜区域 3
aec_quest_T19_A4_clear_hunter_name,quests,Adventure,,,,[FFAA33]T19 Hunters[-] | Area 4,,,,,,,,,,,,[FFAA33]T19 猎杀者[-]｜区域 4,[FFAA33]T19 猎杀者[-]｜区域 4
aec_quest_T19_A4_clear_bulwark_name,quests,Adventure,,,,[FFAA33]T19 Overheating Bulwarks[-] | Area 4,,,,,,,,,,,,[FFAA33]T19 裂甲守卫[-]｜区域 4,[FFAA33]T19 裂甲守卫[-]｜区域 4
aec_quest_T19_A4_clear_storm_name,quests,Adventure,,,,[FFAA33]T19 Ranged Suppression[-] | Area 4,,,,,,,,,,,,[FFAA33]T19 远程压制[-]｜区域 4,[FFAA33]T19 远程压制[-]｜区域 4
aec_quest_T19_A5_clear_hunter_name,quests,Adventure,,,,[FFAA33]T19 Hunters[-] | Area 5,,,,,,,,,,,,[FFAA33]T19 猎杀者[-]｜区域 5,[FFAA33]T19 猎杀者[-]｜区域 5
aec_quest_T19_A5_clear_bulwark_name,quests,Adventure,,,,[FFAA33]T19 Overheating Bulwarks[-] | Area 5,,,,,,,,,,,,[FFAA33]T19 裂甲守卫[-]｜区域 5,[FFAA33]T19 裂甲守卫[-]｜区域 5
aec_quest_T19_A5_clear_storm_name,quests,Adventure,,,,[FFAA33]T19 Ranged Suppression[-] | Area 5,,,,,,,,,,,,[FFAA33]T19 远程压制[-]｜区域 5,[FFAA33]T19 远程压制[-]｜区域 5
PZAECAffix_hunter_T16,entityclasses,Entity,,,,[FFAA33]T16 Affix Hunters[-],,,,,,,,,,,,[FFAA33]T16 词缀·猎杀者[-],[FFAA33]T16 词缀·猎杀者[-]
PZAECTrial_hunter_T16,entityclasses,Entity,,,,[FFAA33]T16 Trial Hunters[-],,,,,,,,,,,,[FFAA33]T16 试炼·猎杀者[-],[FFAA33]T16 试炼·猎杀者[-]
PZAECAffix_bulwark_T16,entityclasses,Entity,,,,[FFAA33]T16 Affix Overheating Bulwarks[-],,,,,,,,,,,,[FFAA33]T16 词缀·裂甲守卫[-],[FFAA33]T16 词缀·裂甲守卫[-]
PZAECTrial_bulwark_T16,entityclasses,Entity,,,,[FFAA33]T16 Trial Overheating Bulwarks[-],,,,,,,,,,,,[FFAA33]T16 试炼·裂甲守卫[-],[FFAA33]T16 试炼·裂甲守卫[-]
PZAECAffix_storm_T16,entityclasses,Entity,,,,[FFAA33]T16 Affix Ranged Suppression[-],,,,,,,,,,,,[FFAA33]T16 词缀·远程压制[-],[FFAA33]T16 词缀·远程压制[-]
PZAECTrial_storm_T16,entityclasses,Entity,,,,[FFAA33]T16 Trial Ranged Suppression[-],,,,,,,,,,,,[FFAA33]T16 试炼·远程压制[-],[FFAA33]T16 试炼·远程压制[-]
PZAECChallengeT16_name,quests,Adventure,,,,T16 Legendary Trial: Three Champions,,,,,,,,,,,,T16 传奇试炼：三强决战,T16 传奇试炼：三强决战
PZAECChallengeVoucherT16,items,Adventure,,,,T16 Optional Legendary Trial Voucher,,,,,,,,,,,,T16 可选传奇试炼凭证,T16 可选传奇试炼凭证
PZAECAffix_hunter_T17,entityclasses,Entity,,,,[FFAA33]T17 Affix Hunters[-],,,,,,,,,,,,[FFAA33]T17 词缀·猎杀者[-],[FFAA33]T17 词缀·猎杀者[-]
PZAECTrial_hunter_T17,entityclasses,Entity,,,,[FFAA33]T17 Trial Hunters[-],,,,,,,,,,,,[FFAA33]T17 试炼·猎杀者[-],[FFAA33]T17 试炼·猎杀者[-]
PZAECAffix_bulwark_T17,entityclasses,Entity,,,,[FFAA33]T17 Affix Overheating Bulwarks[-],,,,,,,,,,,,[FFAA33]T17 词缀·裂甲守卫[-],[FFAA33]T17 词缀·裂甲守卫[-]
PZAECTrial_bulwark_T17,entityclasses,Entity,,,,[FFAA33]T17 Trial Overheating Bulwarks[-],,,,,,,,,,,,[FFAA33]T17 试炼·裂甲守卫[-],[FFAA33]T17 试炼·裂甲守卫[-]
PZAECAffix_storm_T17,entityclasses,Entity,,,,[FFAA33]T17 Affix Ranged Suppression[-],,,,,,,,,,,,[FFAA33]T17 词缀·远程压制[-],[FFAA33]T17 词缀·远程压制[-]
PZAECTrial_storm_T17,entityclasses,Entity,,,,[FFAA33]T17 Trial Ranged Suppression[-],,,,,,,,,,,,[FFAA33]T17 试炼·远程压制[-],[FFAA33]T17 试炼·远程压制[-]
PZAECChallengeT17_name,quests,Adventure,,,,T17 Legendary Trial: Three Champions,,,,,,,,,,,,T17 传奇试炼：三强决战,T17 传奇试炼：三强决战
PZAECChallengeVoucherT17,items,Adventure,,,,T17 Optional Legendary Trial Voucher,,,,,,,,,,,,T17 可选传奇试炼凭证,T17 可选传奇试炼凭证
PZAECAffix_hunter_T18,entityclasses,Entity,,,,[FFAA33]T18 Affix Hunters[-],,,,,,,,,,,,[FFAA33]T18 词缀·猎杀者[-],[FFAA33]T18 词缀·猎杀者[-]
PZAECTrial_hunter_T18,entityclasses,Entity,,,,[FFAA33]T18 Trial Hunters[-],,,,,,,,,,,,[FFAA33]T18 试炼·猎杀者[-],[FFAA33]T18 试炼·猎杀者[-]
PZAECAffix_bulwark_T18,entityclasses,Entity,,,,[FFAA33]T18 Affix Overheating Bulwarks[-],,,,,,,,,,,,[FFAA33]T18 词缀·裂甲守卫[-],[FFAA33]T18 词缀·裂甲守卫[-]
PZAECTrial_bulwark_T18,entityclasses,Entity,,,,[FFAA33]T18 Trial Overheating Bulwarks[-],,,,,,,,,,,,[FFAA33]T18 试炼·裂甲守卫[-],[FFAA33]T18 试炼·裂甲守卫[-]
PZAECAffix_storm_T18,entityclasses,Entity,,,,[FFAA33]T18 Affix Ranged Suppression[-],,,,,,,,,,,,[FFAA33]T18 词缀·远程压制[-],[FFAA33]T18 词缀·远程压制[-]
PZAECTrial_storm_T18,entityclasses,Entity,,,,[FFAA33]T18 Trial Ranged Suppression[-],,,,,,,,,,,,[FFAA33]T18 试炼·远程压制[-],[FFAA33]T18 试炼·远程压制[-]
PZAECChallengeT18_name,quests,Adventure,,,,T18 Legendary Trial: Three Champions,,,,,,,,,,,,T18 传奇试炼：三强决战,T18 传奇试炼：三强决战
PZAECChallengeVoucherT18,items,Adventure,,,,T18 Optional Legendary Trial Voucher,,,,,,,,,,,,T18 可选传奇试炼凭证,T18 可选传奇试炼凭证
PZAECAffix_hunter_T19,entityclasses,Entity,,,,[FFAA33]T19 Affix Hunters[-],,,,,,,,,,,,[FFAA33]T19 词缀·猎杀者[-],[FFAA33]T19 词缀·猎杀者[-]
PZAECTrial_hunter_T19,entityclasses,Entity,,,,[FFAA33]T19 Trial Hunters[-],,,,,,,,,,,,[FFAA33]T19 试炼·猎杀者[-],[FFAA33]T19 试炼·猎杀者[-]
PZAECAffix_bulwark_T19,entityclasses,Entity,,,,[FFAA33]T19 Affix Overheating Bulwarks[-],,,,,,,,,,,,[FFAA33]T19 词缀·裂甲守卫[-],[FFAA33]T19 词缀·裂甲守卫[-]
PZAECTrial_bulwark_T19,entityclasses,Entity,,,,[FFAA33]T19 Trial Overheating Bulwarks[-],,,,,,,,,,,,[FFAA33]T19 试炼·裂甲守卫[-],[FFAA33]T19 试炼·裂甲守卫[-]
PZAECAffix_storm_T19,entityclasses,Entity,,,,[FFAA33]T19 Affix Ranged Suppression[-],,,,,,,,,,,,[FFAA33]T19 词缀·远程压制[-],[FFAA33]T19 词缀·远程压制[-]
PZAECTrial_storm_T19,entityclasses,Entity,,,,[FFAA33]T19 Trial Ranged Suppression[-],,,,,,,,,,,,[FFAA33]T19 试炼·远程压制[-],[FFAA33]T19 试炼·远程压制[-]
PZAECChallengeT19_name,quests,Adventure,,,,T19 Legendary Trial: Three Champions,,,,,,,,,,,,T19 传奇试炼：三强决战,T19 传奇试炼：三强决战
PZAECChallengeVoucherT19,items,Adventure,,,,T19 Optional Legendary Trial Voucher,,,,,,,,,,,,T19 可选传奇试炼凭证,T19 可选传奇试炼凭证
PZAECOffer_hunter,quests,Adventure,,,,Hunters: activating the rally calls two exact-tier special bosses. Head hits deal an extra 2x direct damage. Clear the POI normally; these extra bosses are not mandatory objectives. XP / Dukes / samples +25%. After clearing receive one optional trial voucher.,,,,,,,,,,,,猎杀者：启动集合点后呼叫 2 只同阶特殊 Boss。命中头部额外造成 2 倍直接伤害。仍以清剿地标为主目标，增援 Boss 不计入必杀目标。经验／金币／样本增加 25%。清场后获得 1 张可选试炼凭证。,猎杀者：启动集合点后呼叫 2 只同阶特殊 Boss。命中头部额外造成 2 倍直接伤害。仍以清剿地标为主目标，增援 Boss 不计入必杀目标。经验／金币／样本增加 25%。清场后获得 1 张可选试炼凭证。
PZAECObjective_hunter,quests,Adventure,,,,Defeat the trial champion: Hunters,,,,,,,,,,,,击败试炼 Boss：猎杀者,击败试炼 Boss：猎杀者
PZAECOffer_bulwark,quests,Adventure,,,,Overheating Bulwarks: activating the rally calls two exact-tier special bosses. 18 seconds normal then 6 seconds overheating; sparks and slower movement mark 3x player direct damage. Clear the POI normally; these extra bosses are not mandatory objectives. XP / Dukes / samples +25%. After clearing receive one optional trial voucher.,,,,,,,,,,,,裂甲守卫：启动集合点后呼叫 2 只同阶特殊 Boss。常态 18 秒后过热 6 秒；过热时减速并冒电光，受到玩家直接伤害变为 3 倍。仍以清剿地标为主目标，增援 Boss 不计入必杀目标。经验／金币／样本增加 25%。清场后获得 1 张可选试炼凭证。,裂甲守卫：启动集合点后呼叫 2 只同阶特殊 Boss。常态 18 秒后过热 6 秒；过热时减速并冒电光，受到玩家直接伤害变为 3 倍。仍以清剿地标为主目标，增援 Boss 不计入必杀目标。经验／金币／样本增加 25%。清场后获得 1 张可选试炼凭证。
PZAECObjective_bulwark,quests,Adventure,,,,Defeat the trial champion: Overheating Bulwarks,,,,,,,,,,,,击败试炼 Boss：裂甲守卫,击败试炼 Boss：裂甲守卫
PZAECOffer_storm,quests,Adventure,,,,Ranged Suppression: activating the rally calls two exact-tier special bosses. Melee weapon hits deal an extra 3x direct damage. Clear the POI normally; these extra bosses are not mandatory objectives. XP / Dukes / samples +25%. After clearing receive one optional trial voucher.,,,,,,,,,,,,远程压制：启动集合点后呼叫 2 只同阶特殊 Boss。使用近战武器命中额外造成 3 倍直接伤害。仍以清剿地标为主目标，增援 Boss 不计入必杀目标。经验／金币／样本增加 25%。清场后获得 1 张可选试炼凭证。,远程压制：启动集合点后呼叫 2 只同阶特殊 Boss。使用近战武器命中额外造成 3 倍直接伤害。仍以清剿地标为主目标，增援 Boss 不计入必杀目标。经验／金币／样本增加 25%。清场后获得 1 张可选试炼凭证。
PZAECObjective_storm,quests,Adventure,,,,Defeat the trial champion: Ranged Suppression,,,,,,,,,,,,击败试炼 Boss：远程压制,击败试炼 Boss：远程压制
PZAECChallengeVoucherDesc,items,Adventure,,,,Optional encounter. Use OUTSIDE trader protection in open terrain; read and accept the offer to consume ONE voucher and call three exact-tier bosses. Declining does not consume it. Clear one of each champion to earn weapon + combat mod + legendary parts + tokens. This does not affect the original clear contract. One active trial per tier; finish before leaving the game. No refund after accepting.,,,,,,,,,,,,可选加赛。到商人保护区外的开阔地使用，阅读并接受任务后消耗 1 张凭证，呼叫 3 只同阶 Boss；拒绝不消耗。击败三种试炼 Boss 各 1 只，获得武器＋战斗模组＋传奇零件＋代币。不影响原清剿任务的交付。同一等级只能进行 1 场，建议退出游戏前打完；接受后不退票。,可选加赛。到商人保护区外的开阔地使用，阅读并接受任务后消耗 1 张凭证，呼叫 3 只同阶 Boss；拒绝不消耗。击败三种试炼 Boss 各 1 只，获得武器＋战斗模组＋传奇零件＋代币。不影响原清剿任务的交付。同一等级只能进行 1 场，建议退出游戏前打完；接受后不退票。
PZAECChallengeDesc,quests,Adventure,,,,"Accept to consume one voucher and call THREE exact-tier bosses nearby. Fight outside trader protection in open terrain. Hunter: head x2. Bulwark: 18s normal / 6s sparking overheat with slower movement and player direct damage x3. Storm: melee x3. Kill one of each trial champion. Rewards automatically delivered: one weapon + combat mods + parts + tokens + XP. No rewards for merely summoning. This trial is independent of the clear contract; do not leave before finishing. If blocked by spawning limits or invalid terrain, no automatic extra summons or refunds.",,,,,,,,,,,,接受后消耗 1 张凭证，在附近呼叫 3 只同阶 Boss，请在商人保护区外开阔地战斗。猎杀者：爆头额外 2 倍；裂甲守卫：常态 18 秒／冒电光过热 6 秒，过热减速且受到玩家直接伤害 3 倍；远程压制：近战额外 3 倍。三种试炼 Boss 各击败 1 只才会自动结算武器＋战斗模组＋传奇零件＋代币＋经验，召唤本身不给奖励。试炼独立于清剿任务，建议打完再退出。刷怪上限或地形可能影响出怪，已受理的召唤不会自动补刷或退票。,接受后消耗 1 张凭证，在附近呼叫 3 只同阶 Boss，请在商人保护区外开阔地战斗。猎杀者：爆头额外 2 倍；裂甲守卫：常态 18 秒／冒电光过热 6 秒，过热减速且受到玩家直接伤害 3 倍；远程压制：近战额外 3 倍。三种试炼 Boss 各击败 1 只才会自动结算武器＋战斗模组＋传奇零件＋代币＋经验，召唤本身不给奖励。试炼独立于清剿任务，建议打完再退出。刷怪上限或地形可能影响出怪，已受理的召唤不会自动补刷或退票。
PZAECChallengeSubtitle,quests,Adventure,,,,Optional boss encounter — confirm only when prepared,,,,,,,,,,,,可选 Boss 加赛——准备好再接受,可选 Boss 加赛——准备好再接受
PZAECLegendaryTrialCategory,quests,Adventure,,,,Legendary Trials,,,,,,,,,,,,传奇试炼,传奇试炼
PZAECVoucherReceived,gameevents,Adventure,,,,POI cleared: optional trial voucher delivered. Use it outside trader protection when ready; normal turn-in remains available.,,,,,,,,,,,,清场完成：已发放可选试炼凭证。准备好后在商人保护区外使用，也可以直接交付原任务。,清场完成：已发放可选试炼凭证。准备好后在商人保护区外使用，也可以直接交付原任务。
PZAECAdventureUseOutside,items,Adventure,,,,"Use the voucher alive, outside trader protection, with enemy spawning enabled.",,,,,,,,,,,,请存活时到商人保护区外使用，并开启敌人生成。,请存活时到商人保护区外使用，并开启敌人生成。
PZAECAdventureUnavailable,quests,Adventure,,,,Adventure event unavailable. Move into open terrain and check enemy spawning. An unaccepted request can retry on reload; accepted summons are not duplicated.,,,,,,,,,,,,玩法事件暂不可用，请检查开阔地形和敌人生成设置。尚未受理的请求可重登重试，已受理的召唤不会重复生成。,玩法事件暂不可用，请检查开阔地形和敌人生成设置。尚未受理的请求可重登重试，已受理的召唤不会重复生成。
PZAECDefense_runner_T16_W1,entityclasses,Defense,,,,T16 Defense W1: Raider,,,,,,,,,,,,T16 防守第1波·突袭者,T16 防守第1波·突袭者
PZAECDefense_spider_T16_W1,entityclasses,Defense,,,,T16 Defense W1: Crawler,,,,,,,,,,,,T16 防守第1波·攀袭者,T16 防守第1波·攀袭者
PZAECDefense_cop_T16_W1,entityclasses,Defense,,,,T16 Defense W1: Spitting Cop,,,,,,,,,,,,T16 防守第1波·远程警察,T16 防守第1波·远程警察
PZAECDefense_biker_T16_W2,entityclasses,Defense,,,,T16 Defense W2: Breacher,,,,,,,,,,,,T16 防守第2波·破阵者,T16 防守第2波·破阵者
PZAECDefense_demo_T16_W2,entityclasses,Defense,,,,T16 Defense W2: Demolition,,,,,,,,,,,,T16 防守第2波·爆破者,T16 防守第2波·爆破者
PZAECDefense_spitter_T16_W2,entityclasses,Defense,,,,T16 Defense W2: Plague Spitter,,,,,,,,,,,,T16 防守第2波·疫病喷吐者,T16 防守第2波·疫病喷吐者
PZAECDefense_wolf_T16_W2,entityclasses,Defense,,,,T16 Defense W2: Siege Wolf,,,,,,,,,,,,T16 防守第2波·攻城狼,T16 防守第2波·攻城狼
PZAECDefense_wight_T16_W3,entityclasses,Defense,,,,T16 Defense W3: Final-wave Wight,,,,,,,,,,,,T16 防守第3波·终波白煞,T16 防守第3波·终波白煞
PZAECDefense_cop_T16_W3,entityclasses,Defense,,,,T16 Defense W3: Spitting Cop,,,,,,,,,,,,T16 防守第3波·远程警察,T16 防守第3波·远程警察
PZAECDefense_bulwark_T16_W3,entityclasses,Defense,,,,T16 Defense W3: Bulwark Commander,,,,,,,,,,,,T16 防守第3波·裂甲统领,T16 防守第3波·裂甲统领
PZAECDefense_storm_T16_W3,entityclasses,Defense,,,,T16 Defense W3: Storm Commander,,,,,,,,,,,,T16 防守第3波·远程统领,T16 防守第3波·远程统领
PZAECDefenseT16_name,quests,Defense,,,,T16 Base Defense: Hold the Line,,,,,,,,,,,,T16 基地防守：坚守阵线,T16 基地防守：坚守阵线
PZAECDefenseBeaconT16,items,Defense,,,,T16 Base Defense Beacon,,,,,,,,,,,,T16 基地防守信标,T16 基地防守信标
PZAECDefense_runner_T17_W1,entityclasses,Defense,,,,T17 Defense W1: Raider,,,,,,,,,,,,T17 防守第1波·突袭者,T17 防守第1波·突袭者
PZAECDefense_spider_T17_W1,entityclasses,Defense,,,,T17 Defense W1: Crawler,,,,,,,,,,,,T17 防守第1波·攀袭者,T17 防守第1波·攀袭者
PZAECDefense_cop_T17_W1,entityclasses,Defense,,,,T17 Defense W1: Spitting Cop,,,,,,,,,,,,T17 防守第1波·远程警察,T17 防守第1波·远程警察
PZAECDefense_biker_T17_W2,entityclasses,Defense,,,,T17 Defense W2: Breacher,,,,,,,,,,,,T17 防守第2波·破阵者,T17 防守第2波·破阵者
PZAECDefense_demo_T17_W2,entityclasses,Defense,,,,T17 Defense W2: Demolition,,,,,,,,,,,,T17 防守第2波·爆破者,T17 防守第2波·爆破者
PZAECDefense_spitter_T17_W2,entityclasses,Defense,,,,T17 Defense W2: Plague Spitter,,,,,,,,,,,,T17 防守第2波·疫病喷吐者,T17 防守第2波·疫病喷吐者
PZAECDefense_wolf_T17_W2,entityclasses,Defense,,,,T17 Defense W2: Siege Wolf,,,,,,,,,,,,T17 防守第2波·攻城狼,T17 防守第2波·攻城狼
PZAECDefense_wight_T17_W3,entityclasses,Defense,,,,T17 Defense W3: Final-wave Wight,,,,,,,,,,,,T17 防守第3波·终波白煞,T17 防守第3波·终波白煞
PZAECDefense_cop_T17_W3,entityclasses,Defense,,,,T17 Defense W3: Spitting Cop,,,,,,,,,,,,T17 防守第3波·远程警察,T17 防守第3波·远程警察
PZAECDefense_bulwark_T17_W3,entityclasses,Defense,,,,T17 Defense W3: Bulwark Commander,,,,,,,,,,,,T17 防守第3波·裂甲统领,T17 防守第3波·裂甲统领
PZAECDefense_storm_T17_W3,entityclasses,Defense,,,,T17 Defense W3: Storm Commander,,,,,,,,,,,,T17 防守第3波·远程统领,T17 防守第3波·远程统领
PZAECDefenseT17_name,quests,Defense,,,,T17 Base Defense: Hold the Line,,,,,,,,,,,,T17 基地防守：坚守阵线,T17 基地防守：坚守阵线
PZAECDefenseBeaconT17,items,Defense,,,,T17 Base Defense Beacon,,,,,,,,,,,,T17 基地防守信标,T17 基地防守信标
PZAECDefense_runner_T18_W1,entityclasses,Defense,,,,T18 Defense W1: Raider,,,,,,,,,,,,T18 防守第1波·突袭者,T18 防守第1波·突袭者
PZAECDefense_spider_T18_W1,entityclasses,Defense,,,,T18 Defense W1: Crawler,,,,,,,,,,,,T18 防守第1波·攀袭者,T18 防守第1波·攀袭者
PZAECDefense_cop_T18_W1,entityclasses,Defense,,,,T18 Defense W1: Spitting Cop,,,,,,,,,,,,T18 防守第1波·远程警察,T18 防守第1波·远程警察
PZAECDefense_biker_T18_W2,entityclasses,Defense,,,,T18 Defense W2: Breacher,,,,,,,,,,,,T18 防守第2波·破阵者,T18 防守第2波·破阵者
PZAECDefense_demo_T18_W2,entityclasses,Defense,,,,T18 Defense W2: Demolition,,,,,,,,,,,,T18 防守第2波·爆破者,T18 防守第2波·爆破者
PZAECDefense_spitter_T18_W2,entityclasses,Defense,,,,T18 Defense W2: Plague Spitter,,,,,,,,,,,,T18 防守第2波·疫病喷吐者,T18 防守第2波·疫病喷吐者
PZAECDefense_wolf_T18_W2,entityclasses,Defense,,,,T18 Defense W2: Siege Wolf,,,,,,,,,,,,T18 防守第2波·攻城狼,T18 防守第2波·攻城狼
PZAECDefense_wight_T18_W3,entityclasses,Defense,,,,T18 Defense W3: Final-wave Wight,,,,,,,,,,,,T18 防守第3波·终波白煞,T18 防守第3波·终波白煞
PZAECDefense_cop_T18_W3,entityclasses,Defense,,,,T18 Defense W3: Spitting Cop,,,,,,,,,,,,T18 防守第3波·远程警察,T18 防守第3波·远程警察
PZAECDefense_bulwark_T18_W3,entityclasses,Defense,,,,T18 Defense W3: Bulwark Commander,,,,,,,,,,,,T18 防守第3波·裂甲统领,T18 防守第3波·裂甲统领
PZAECDefense_storm_T18_W3,entityclasses,Defense,,,,T18 Defense W3: Storm Commander,,,,,,,,,,,,T18 防守第3波·远程统领,T18 防守第3波·远程统领
PZAECDefenseT18_name,quests,Defense,,,,T18 Base Defense: Hold the Line,,,,,,,,,,,,T18 基地防守：坚守阵线,T18 基地防守：坚守阵线
PZAECDefenseBeaconT18,items,Defense,,,,T18 Base Defense Beacon,,,,,,,,,,,,T18 基地防守信标,T18 基地防守信标
PZAECDefense_runner_T19_W1,entityclasses,Defense,,,,T19 Defense W1: Raider,,,,,,,,,,,,T19 防守第1波·突袭者,T19 防守第1波·突袭者
PZAECDefense_spider_T19_W1,entityclasses,Defense,,,,T19 Defense W1: Crawler,,,,,,,,,,,,T19 防守第1波·攀袭者,T19 防守第1波·攀袭者
PZAECDefense_cop_T19_W1,entityclasses,Defense,,,,T19 Defense W1: Spitting Cop,,,,,,,,,,,,T19 防守第1波·远程警察,T19 防守第1波·远程警察
PZAECDefense_biker_T19_W2,entityclasses,Defense,,,,T19 Defense W2: Breacher,,,,,,,,,,,,T19 防守第2波·破阵者,T19 防守第2波·破阵者
PZAECDefense_demo_T19_W2,entityclasses,Defense,,,,T19 Defense W2: Demolition,,,,,,,,,,,,T19 防守第2波·爆破者,T19 防守第2波·爆破者
PZAECDefense_spitter_T19_W2,entityclasses,Defense,,,,T19 Defense W2: Plague Spitter,,,,,,,,,,,,T19 防守第2波·疫病喷吐者,T19 防守第2波·疫病喷吐者
PZAECDefense_wolf_T19_W2,entityclasses,Defense,,,,T19 Defense W2: Siege Wolf,,,,,,,,,,,,T19 防守第2波·攻城狼,T19 防守第2波·攻城狼
PZAECDefense_wight_T19_W3,entityclasses,Defense,,,,T19 Defense W3: Final-wave Wight,,,,,,,,,,,,T19 防守第3波·终波白煞,T19 防守第3波·终波白煞
PZAECDefense_cop_T19_W3,entityclasses,Defense,,,,T19 Defense W3: Spitting Cop,,,,,,,,,,,,T19 防守第3波·远程警察,T19 防守第3波·远程警察
PZAECDefense_bulwark_T19_W3,entityclasses,Defense,,,,T19 Defense W3: Bulwark Commander,,,,,,,,,,,,T19 防守第3波·裂甲统领,T19 防守第3波·裂甲统领
PZAECDefense_storm_T19_W3,entityclasses,Defense,,,,T19 Defense W3: Storm Commander,,,,,,,,,,,,T19 防守第3波·远程统领,T19 防守第3波·远程统领
PZAECDefenseT19_name,quests,Defense,,,,T19 Base Defense: Hold the Line,,,,,,,,,,,,T19 基地防守：坚守阵线,T19 基地防守：坚守阵线
PZAECDefenseBeaconT19,items,Defense,,,,T19 Base Defense Beacon,,,,,,,,,,,,T19 基地防守信标,T19 基地防守信标
PZAECDefenseBeaconDesc,items,Defense,,,,"Stronghold challenge beacon. Place a Stronghold Core, Power Station and Supply Depot first; stand within 10m of the core and use this beacon. The core anchors a 20m construction scan and the 45m combat area. Three waves: 9 / 12 / 9 enemies can destroy the base. Losing the core fails; power/depot survival, retained structural HP and initial construction grade determine a rank 1-3 bonus. Failure does not refund the beacon.",,,,,,,,,,,,据点挑战信标。先建造据点核心、能源站和物资仓，站在核心 10 米内使用。核心作为 20 米建筑扫描与 45 米战斗范围的中心。三波分别 9／12／9 只敌人并会拆毁基地；核心被毁立即失败，能源站／物资仓存活、结构耐久保留率和初始建筑评级共同决定 1–3 级额外奖励。失败不退还信标。,据点挑战信标。先建造据点核心、能源站和物资仓，站在核心 10 米内使用。核心作为 20 米建筑扫描与 45 米战斗范围的中心。三波分别 9／12／9 只敌人并会拆毁基地；核心被毁立即失败，能源站／物资仓存活、结构耐久保留率和初始建筑评级共同决定 1–3 级额外奖励。失败不退还信标。
PZAECDefenseDesc,quests,Defense,,,,"STRONGHOLD CHALLENGE: requires a Core, Power Station and Supply Depot. Enemies can destroy the base and the core must remain alive. Initial structure HP/count and electrical/defense systems form the construction grade. Final rank is the lowest of construction grade, retained HP (90%/70%) and surviving facilities. Clear three waves for normal defense rewards plus the rank bonus. Leaving 45m, death, timeout or reload fails without refund.",,,,,,,,,,,,据点挑战：必须先放置据点核心、能源站和物资仓；敌人会拆毁基地，核心全程不可被毁。系统按开战时的结构耐久／数量及电力、防御设施计算建筑评级；最终等级取建筑评级、结构耐久保留率（90%／70%）和设施存活评级三者的最低值。清完三波获得原防守奖励及对应评级追加奖励。越过 45 米、死亡、超时或重登均可能失败且不退票。,据点挑战：必须先放置据点核心、能源站和物资仓；敌人会拆毁基地，核心全程不可被毁。系统按开战时的结构耐久／数量及电力、防御设施计算建筑评级；最终等级取建筑评级、结构耐久保留率（90%／70%）和设施存活评级三者的最低值。清完三波获得原防守奖励及对应评级追加奖励。越过 45 米、死亡、超时或重登均可能失败且不退票。
PZAECDefenseSubtitle,quests,Defense,,,,Three waves — buildings are at risk,,,,,,,,,,,,三波防守——建筑有损毁风险,三波防守——建筑有损毁风险
PZAECDefenseCategory,quests,Defense,,,,Base Defense,,,,,,,,,,,,基地防守,基地防守
PZAECDefenseUseOutside,items,Defense,,,,"Use alive, with enemy spawning enabled, outside trader protection and where you can build.",,,,,,,,,,,,请存活时在商人保护区外、允许自己建造的位置使用，并开启敌人生成。,请存活时在商人保护区外、允许自己建造的位置使用，并开启敌人生成。
PZAECDefenseAlreadyActive,items,Defense,,,,Finish or abandon your current defense before opening another tier.,,,,,,,,,,,,你已有一场防守战，请完成或放弃后再开启其他等级。,你已有一场防守战，请完成或放弃后再开启其他等级。
PZAECDefensePreparation,quests,Defense,,,,Defense center locked. 20 seconds to prepare. Stay within 45m horizontally and 60m vertically.,,,,,,,,,,,,防守中心已锁定，20 秒后开始第一波。保持在水平半径 45 米、上下高度差 60 米内。,防守中心已锁定，20 秒后开始第一波。保持在水平半径 45 米、上下高度差 60 米内。
PZAECDefenseIntermission,quests,Defense,,,,Wave cleared. Next wave in 15 seconds; repair and reload.,,,,,,,,,,,,本波已清完，15 秒后开启下一波，抓紧维修和补弹。,本波已清完，15 秒后开启下一波，抓紧维修和补弹。
PZAECDefenseWave1,quests,Defense,,,,Wave 1 requested: 4 raiders + 2 crawlers + 3 ranged cops.,,,,,,,,,,,,第一波已请求：4 只突袭者＋2 只攀袭者＋3 只远程警察。,第一波已请求：4 只突袭者＋2 只攀袭者＋3 只远程警察。
PZAECDefenseWave2,quests,Defense,,,,Wave 2 requested: 4 breachers + 2 demolitions + 4 spitters + 2 wolves.,,,,,,,,,,,,第二波已请求：4 只破阵者＋2 只爆破者＋4 只喷吐者＋2 只攻城狼。,第二波已请求：4 只破阵者＋2 只爆破者＋4 只喷吐者＋2 只攻城狼。
PZAECDefenseWave3,quests,Defense,,,,Final wave requested: 5 wights + 2 ranged cops + bulwark and storm commanders.,,,,,,,,,,,,末波已请求：5 只白煞＋2 只远程警察＋裂甲统领和远程统领各 1 只。,末波已请求：5 只白煞＋2 只远程警察＋裂甲统领和远程统领各 1 只。
PZAECDefenseReturn,quests,Defense,,,,Outside defense area! Return within 15 seconds. New spawns and kill credit pause outside.,,,,,,,,,,,,已离开防守区！请在 15 秒内返回，越界期间暂停刷怪和击杀计数。,已离开防守区！请在 15 秒内返回，越界期间暂停刷怪和击杀计数。
PZAECDefenseRetreated,quests,Defense,,,,Defense failed: outside the area too long. No refund; existing enemies remain.,,,,,,,,,,,,防守失败：离开防守区超过 15 秒。不退还信标，已生成敌人仍然存在。,防守失败：离开防守区超过 15 秒。不退还信标，已生成敌人仍然存在。
PZAECDefenseDeath,quests,Defense,,,,Defense failed: the owner died. No refund; existing enemies remain.,,,,,,,,,,,,防守失败：发起者死亡。不退还信标，已生成敌人仍然存在。,防守失败：发起者死亡。不退还信标，已生成敌人仍然存在。
PZAECDefenseTimeout,quests,Defense,,,,Defense failed: wave time limit reached. Spawn limits or blocked terrain may leave targets unavailable.,,,,,,,,,,,,防守失败：本波超过 15 分钟。刷怪上限或地形阻挡可能造成目标未能出现。,防守失败：本波超过 15 分钟。刷怪上限或地形阻挡可能造成目标未能出现。
PZAECDefenseUnavailable,quests,Defense,,,,"Defense stopped: spawning disabled, protected area entered, or encounter state unavailable. No refund.",,,,,,,,,,,,防守终止：敌人生成关闭、进入保护区或玩法状态异常。不退还信标。,防守终止：敌人生成关闭、进入保护区或玩法状态异常。不退还信标。
PZAECDefenseResumeFailed,quests,Defense,,,,Defense is a single-session encounter. Reloading ends the old run without replaying waves or refunding the beacon.,,,,,,,,,,,,防守战为单次在线挑战，重登结束旧场次，不重复刷波、不退还信标。,防守战为单次在线挑战，重登结束旧场次，不重复刷波、不退还信标。
PZAECSiege_heavy_T16,entityclasses,Siege,,,,T16 Siege Bombardier,,,,,,,,,,,,T16 重型轰墙手,T16 重型轰墙手
PZAECSiege_acid_T16,entityclasses,Siege,,,,T16 Wall Corroder,,,,,,,,,,,,T16 蚀墙喷射手,T16 蚀墙喷射手
PZAECSiege_heavy_T17,entityclasses,Siege,,,,T17 Siege Bombardier,,,,,,,,,,,,T17 重型轰墙手,T17 重型轰墙手
PZAECSiege_acid_T17,entityclasses,Siege,,,,T17 Wall Corroder,,,,,,,,,,,,T17 蚀墙喷射手,T17 蚀墙喷射手
PZAECSiege_heavy_T18,entityclasses,Siege,,,,T18 Siege Bombardier,,,,,,,,,,,,T18 重型轰墙手,T18 重型轰墙手
PZAECSiege_acid_T18,entityclasses,Siege,,,,T18 Wall Corroder,,,,,,,,,,,,T18 蚀墙喷射手,T18 蚀墙喷射手
PZAECSiege_heavy_T19,entityclasses,Siege,,,,T19 Siege Bombardier,,,,,,,,,,,,T19 重型轰墙手,T19 重型轰墙手
PZAECSiege_acid_T19,entityclasses,Siege,,,,T19 Wall Corroder,,,,,,,,,,,,T19 蚀墙喷射手,T19 蚀墙喷射手
itemPZAECBossLootBundleT17,items,Item,,,,T17 Boss Reward Cache,,,,,,,,,,,,T17 Boss 奖励箱,T17 Boss 奖励箱
itemPZAECBossLootBundleT17Desc,items,Item,,,,"Exact-tier boss cache. Equipment is Q5-6; advanced gear is fixed at rank 3. Chances for advanced mods, weapons and parts scale by tier.",,,,,,,,,,,,同阶 Boss 奖励箱。普通装备品质 5–6，高级装备固定为 3 级；高级模组、武器和零件概率随等级提高。,同阶 Boss 奖励箱。普通装备品质 5–6，高级装备固定为 3 级；高级模组、武器和零件概率随等级提高。
itemPZAECBossLootBundleT18,items,Item,,,,T18 Boss Reward Cache,,,,,,,,,,,,T18 Boss 奖励箱,T18 Boss 奖励箱
itemPZAECBossLootBundleT18Desc,items,Item,,,,"Exact-tier boss cache. Equipment is Q5-6; advanced gear is fixed at rank 4. Chances for advanced mods, weapons and parts scale by tier.",,,,,,,,,,,,同阶 Boss 奖励箱。普通装备品质 5–6，高级装备固定为 4 级；高级模组、武器和零件概率随等级提高。,同阶 Boss 奖励箱。普通装备品质 5–6，高级装备固定为 4 级；高级模组、武器和零件概率随等级提高。
itemPZAECBossLootBundleT19,items,Item,,,,T19 Boss Reward Cache,,,,,,,,,,,,T19 Boss 奖励箱,T19 Boss 奖励箱
itemPZAECBossLootBundleT19Desc,items,Item,,,,"Exact-tier boss cache. Equipment is Q5-6; advanced gear is fixed at rank 5. Chances for advanced mods, weapons and parts scale by tier.",,,,,,,,,,,,同阶 Boss 奖励箱。普通装备品质 5–6，高级装备固定为 5 级；高级模组、武器和零件概率随等级提高。,同阶 Boss 奖励箱。普通装备品质 5–6，高级装备固定为 5 级；高级模组、武器和零件概率随等级提高。
PZAECQuestT16infestedName,quests,Quest,,,,[AEC] T16 Transcendent Infestation,,,,,,,,,,,,[AEC] T16 超越级感染清剿,[AEC] T16 超越级感染清剿
PZAECQuestT16fetchName,quests,Quest,,,,[AEC] T16 Transcendent Fetch Operation,,,,,,,,,,,,[AEC] T16 超越级取回行动,[AEC] T16 超越级取回行动
PZAECQuestT17infestedName,quests,Quest,,,,[AEC] T17 Ascendant Infestation,,,,,,,,,,,,[AEC] T17 飞升级感染清剿,[AEC] T17 飞升级感染清剿
PZAECQuestT17fetchName,quests,Quest,,,,[AEC] T17 Ascendant Fetch Operation,,,,,,,,,,,,[AEC] T17 飞升级取回行动,[AEC] T17 飞升级取回行动
PZAECQuestT18infestedName,quests,Quest,,,,[AEC] T18 Eternal Infestation,,,,,,,,,,,,[AEC] T18 永恒级感染清剿,[AEC] T18 永恒级感染清剿
PZAECQuestT18fetchName,quests,Quest,,,,[AEC] T18 Eternal Fetch Operation,,,,,,,,,,,,[AEC] T18 永恒级取回行动,[AEC] T18 永恒级取回行动
PZAECQuestT19infestedName,quests,Quest,,,,[AEC] T19 Apocalyptic Infestation,,,,,,,,,,,,[AEC] T19 末日级感染清剿,[AEC] T19 末日级感染清剿
PZAECQuestT19fetchName,quests,Quest,,,,[AEC] T19 Apocalyptic Fetch Operation,,,,,,,,,,,,[AEC] T19 末日级取回行动,[AEC] T19 末日级取回行动
PZAECOffer_infested,quests,Quest,,,,Infestation operation: purge the reinforced sleeper population and return to a trader. Legendary-tier rewards are preserved.,,,,,,,,,,,,感染行动：清除加强后的全部沉睡者并返回商人处。保留对应传奇等级奖励。,感染行动：清除加强后的全部沉睡者并返回商人处。保留对应传奇等级奖励。
PZAECOffer_fetch,quests,Quest,,,,Fetch operation: recover the marked satchel; medium and larger sites also require a full clear. Legendary-tier rewards are preserved.,,,,,,,,,,,,取回行动：找回标记的任务包；中型及更大地标还需完成全清。保留对应传奇等级奖励。,取回行动：找回标记的任务包；中型及更大地标还需完成全清。保留对应传奇等级奖励。
PZAECStrongholdCore,blocks,Stronghold,,,,Stronghold Core,,,,,,,,,,,,据点核心,据点核心
PZAECStrongholdCoreDesc,blocks,Stronghold,,,,Mandatory anchor for a stronghold challenge. Place it before using a defense beacon. Destruction immediately fails the active challenge.,,,,,,,,,,,,据点挑战的必要中心。使用防守信标前放置；挑战期间一旦被毁，本场立即失败。,据点挑战的必要中心。使用防守信标前放置；挑战期间一旦被毁，本场立即失败。
PZAECStrongholdPower,blocks,Stronghold,,,,Stronghold Power Station,,,,,,,,,,,,据点能源站,据点能源站
PZAECStrongholdPowerDesc,blocks,Stronghold,,,,Functional high-output generator and optional defense objective. Place within 24m of the core. Its survival affects the final rank.,,,,,,,,,,,,可正常供电的高输出发电机，也是据点保护目标。须放在核心 24 米内；是否存活影响最终评级。,可正常供电的高输出发电机，也是据点保护目标。须放在核心 24 米内；是否存活影响最终评级。
PZAECStrongholdSupply,blocks,Stronghold,,,,Stronghold Supply Depot,,,,,,,,,,,,据点物资仓,据点物资仓
PZAECStrongholdSupplyDesc,blocks,Stronghold,,,,Lockable storage and optional defense objective. Place within 24m of the core. Its survival affects the final rank.,,,,,,,,,,,,可上锁的储物设施，也是据点保护目标。须放在核心 24 米内；是否存活影响最终评级。,可上锁的储物设施，也是据点保护目标。须放在核心 24 米内；是否存活影响最终评级。
PZAECStrongholdNeedCore,items,Stronghold,,,,Place a Stronghold Core and stand within 10m before using the beacon.,,,,,,,,,,,,请先放置据点核心，并站在核心 10 米内使用信标。,请先放置据点核心，并站在核心 10 米内使用信标。
PZAECStrongholdNeedPower,items,Stronghold,,,,Place a Stronghold Power Station within 24m of the core.,,,,,,,,,,,,请在据点核心 24 米内放置能源站。,请在据点核心 24 米内放置能源站。
PZAECStrongholdNeedSupply,items,Stronghold,,,,Place a Stronghold Supply Depot within 24m of the core.,,,,,,,,,,,,请在据点核心 24 米内放置物资仓。,请在据点核心 24 米内放置物资仓。
PZAECStrongholdRegistered,quests,Stronghold,,,,Stronghold registered: score {0}; grade {1}; {2} structural blocks; {3} electrical/defense systems.,,,,,,,,,,,,据点已登记：评分 {0}；评级 {1}；结构块 {2}；电力／防御设施 {3}。,据点已登记：评分 {0}；评级 {1}；结构块 {2}；电力／防御设施 {3}。
PZAECStrongholdGrade1,quests,Stronghold,,,,Outpost,,,,,,,,,,,,前哨,前哨
PZAECStrongholdGrade2,quests,Stronghold,,,,Fortified,,,,,,,,,,,,加固,加固
PZAECStrongholdGrade3,quests,Stronghold,,,,Fortress,,,,,,,,,,,,堡垒,堡垒
PZAECStrongholdCoreLost,quests,Stronghold,,,,Stronghold failed: the command core was destroyed.,,,,,,,,,,,,据点防守失败：核心已被摧毁。,据点防守失败：核心已被摧毁。
PZAECStrongholdPowerLost,quests,Stronghold,,,,Power station lost. Rebuild it at the registered position before victory to recover the facility rank.,,,,,,,,,,,,能源站已损失；胜利前在原位置重建可恢复设施评级。,能源站已损失；胜利前在原位置重建可恢复设施评级。
PZAECStrongholdPowerRestored,quests,Stronghold,,,,Power station restored.,,,,,,,,,,,,能源站已恢复。,能源站已恢复。
PZAECStrongholdSupplyLost,quests,Stronghold,,,,Supply depot lost. Rebuild it at the registered position before victory to recover the facility rank.,,,,,,,,,,,,物资仓已损失；胜利前在原位置重建可恢复设施评级。,物资仓已损失；胜利前在原位置重建可恢复设施评级。
PZAECStrongholdSupplyRestored,quests,Stronghold,,,,Supply depot restored.,,,,,,,,,,,,物资仓已恢复。,物资仓已恢复。
PZAECStrongholdComplete,quests,Stronghold,,,,Stronghold complete: bonus rank {0}; structural integrity {1}%; power {2}/1; supplies {3}/1.,,,,,,,,,,,,据点防守完成：追加奖励等级 {0}；结构完整度 {1}%；能源站 {2}/1；物资仓 {3}/1。,据点防守完成：追加奖励等级 {0}；结构完整度 {1}%；能源站 {2}/1；物资仓 {3}/1。
resourcePZAECWeaponChassis,items,EndgameArsenal,,,,Weapon Arsenal Chassis,,,,,,,,,,,,武器军械底盘,武器军械底盘
resourcePZAECWeaponChassisDesc,items,EndgameArsenal,,,,A reusable endgame crafting frame made at a workbench.,,,,,,,,,,,,在工作台制作的终局装备通用底盘。,在工作台制作的终局装备通用底盘。
resourcePZAECArmorChassis,items,EndgameArsenal,,,,Armor Arsenal Chassis,,,,,,,,,,,,护甲军械底盘,护甲军械底盘
resourcePZAECArmorChassisDesc,items,EndgameArsenal,,,,A reusable endgame crafting frame made at a workbench.,,,,,,,,,,,,在工作台制作的终局装备通用底盘。,在工作台制作的终局装备通用底盘。
resourcePZAECDeviceChassis,items,EndgameArsenal,,,,Resonance Device Chassis,,,,,,,,,,,,共鸣装置底盘,共鸣装置底盘
resourcePZAECDeviceChassisDesc,items,EndgameArsenal,,,,A reusable endgame crafting frame made at a workbench.,,,,,,,,,,,,在工作台制作的终局装备通用底盘。,在工作台制作的终局装备通用底盘。
resourcePZAECSiegeCapacitorT16,items,EndgameArsenal,,,,T16 Siege Capacitor,,,,,,,,,,,,T16 攻城电容,T16 攻城电容
resourcePZAECSiegeCapacitorT16Desc,items,EndgameArsenal,,,,Recovered from Blood Moon siege engineers.,,,,,,,,,,,,由血月工程小队掉落。,由血月工程小队掉落。
resourcePZAECMutantHeartT16,items,EndgameArsenal,,,,T16 Mutant Heart,,,,,,,,,,,,T16 异变心核,T16 异变心核
resourcePZAECMutantHeartT16Desc,items,EndgameArsenal,,,,Recovered from same-tier endgame boss caches.,,,,,,,,,,,,由同阶终局 Boss 奖励箱产出。,由同阶终局 Boss 奖励箱产出。
resourcePZAECSiegeCapacitorT17,items,EndgameArsenal,,,,T17 Siege Capacitor,,,,,,,,,,,,T17 攻城电容,T17 攻城电容
resourcePZAECSiegeCapacitorT17Desc,items,EndgameArsenal,,,,Recovered from Blood Moon siege engineers.,,,,,,,,,,,,由血月工程小队掉落。,由血月工程小队掉落。
resourcePZAECMutantHeartT17,items,EndgameArsenal,,,,T17 Mutant Heart,,,,,,,,,,,,T17 异变心核,T17 异变心核
resourcePZAECMutantHeartT17Desc,items,EndgameArsenal,,,,Recovered from same-tier endgame boss caches.,,,,,,,,,,,,由同阶终局 Boss 奖励箱产出。,由同阶终局 Boss 奖励箱产出。
resourcePZAECSiegeCapacitorT18,items,EndgameArsenal,,,,T18 Siege Capacitor,,,,,,,,,,,,T18 攻城电容,T18 攻城电容
resourcePZAECSiegeCapacitorT18Desc,items,EndgameArsenal,,,,Recovered from Blood Moon siege engineers.,,,,,,,,,,,,由血月工程小队掉落。,由血月工程小队掉落。
resourcePZAECMutantHeartT18,items,EndgameArsenal,,,,T18 Mutant Heart,,,,,,,,,,,,T18 异变心核,T18 异变心核
resourcePZAECMutantHeartT18Desc,items,EndgameArsenal,,,,Recovered from same-tier endgame boss caches.,,,,,,,,,,,,由同阶终局 Boss 奖励箱产出。,由同阶终局 Boss 奖励箱产出。
resourcePZAECSiegeCapacitorT19,items,EndgameArsenal,,,,T19 Siege Capacitor,,,,,,,,,,,,T19 攻城电容,T19 攻城电容
resourcePZAECSiegeCapacitorT19Desc,items,EndgameArsenal,,,,Recovered from Blood Moon siege engineers.,,,,,,,,,,,,由血月工程小队掉落。,由血月工程小队掉落。
resourcePZAECMutantHeartT19,items,EndgameArsenal,,,,T19 Mutant Heart,,,,,,,,,,,,T19 异变心核,T19 异变心核
resourcePZAECMutantHeartT19Desc,items,EndgameArsenal,,,,Recovered from same-tier endgame boss caches.,,,,,,,,,,,,由同阶终局 Boss 奖励箱产出。,由同阶终局 Boss 奖励箱产出。
armorPZAECHarrierHelmetT16,items,EndgameArsenal,,,,T16 Harrier Helmet,,,,,,,,,,,,T16 猎隼头盔,T16 猎隼头盔
armorPZAECHarrierHelmetDesc,items,EndgameArsenal,,,,A true armor piece for the Harrier 精准射击 set. Exact-tier pieces unlock 2/3/4-piece bonuses.,,,,,,,,,,,,猎隼“精准射击”真护甲组件。同一等级穿戴 2／3／4 件依次解锁套装效果。,猎隼“精准射击”真护甲组件。同一等级穿戴 2／3／4 件依次解锁套装效果。
armorPZAECHarrierOutfitT16,items,EndgameArsenal,,,,T16 Harrier Outfit,,,,,,,,,,,,T16 猎隼衣装,T16 猎隼衣装
armorPZAECHarrierOutfitDesc,items,EndgameArsenal,,,,A true armor piece for the Harrier 精准射击 set. Exact-tier pieces unlock 2/3/4-piece bonuses.,,,,,,,,,,,,猎隼“精准射击”真护甲组件。同一等级穿戴 2／3／4 件依次解锁套装效果。,猎隼“精准射击”真护甲组件。同一等级穿戴 2／3／4 件依次解锁套装效果。
armorPZAECHarrierGlovesT16,items,EndgameArsenal,,,,T16 Harrier Gloves,,,,,,,,,,,,T16 猎隼手套,T16 猎隼手套
armorPZAECHarrierGlovesDesc,items,EndgameArsenal,,,,A true armor piece for the Harrier 精准射击 set. Exact-tier pieces unlock 2/3/4-piece bonuses.,,,,,,,,,,,,猎隼“精准射击”真护甲组件。同一等级穿戴 2／3／4 件依次解锁套装效果。,猎隼“精准射击”真护甲组件。同一等级穿戴 2／3／4 件依次解锁套装效果。
armorPZAECHarrierBootsT16,items,EndgameArsenal,,,,T16 Harrier Boots,,,,,,,,,,,,T16 猎隼战靴,T16 猎隼战靴
armorPZAECHarrierBootsDesc,items,EndgameArsenal,,,,A true armor piece for the Harrier 精准射击 set. Exact-tier pieces unlock 2/3/4-piece bonuses.,,,,,,,,,,,,猎隼“精准射击”真护甲组件。同一等级穿戴 2／3／4 件依次解锁套装效果。,猎隼“精准射击”真护甲组件。同一等级穿戴 2／3／4 件依次解锁套装效果。
itemPZAECHarrierDeviceT16,items,EndgameArsenal,,,,T16 Refractive Designation Device,,,,,,,,,,,,T16 折光标定装置,T16 折光标定装置
itemPZAECHarrierDeviceT16Desc,items,EndgameArsenal,,,,"Reusable. Equip the exact-tier four-piece Harrier set, fill resonance, then use from the toolbelt. Active 12s; cooldown 30s.",,,,,,,,,,,,可重复使用。穿齐同阶四件猎隼套装并充满共鸣后，从快捷栏启动；持续 12 秒，冷却 30 秒。,可重复使用。穿齐同阶四件猎隼套装并充满共鸣后，从快捷栏启动；持续 12 秒，冷却 30 秒。
armorPZAECHarrierHelmetT17,items,EndgameArsenal,,,,T17 Harrier Helmet,,,,,,,,,,,,T17 猎隼头盔,T17 猎隼头盔
armorPZAECHarrierOutfitT17,items,EndgameArsenal,,,,T17 Harrier Outfit,,,,,,,,,,,,T17 猎隼衣装,T17 猎隼衣装
armorPZAECHarrierGlovesT17,items,EndgameArsenal,,,,T17 Harrier Gloves,,,,,,,,,,,,T17 猎隼手套,T17 猎隼手套
armorPZAECHarrierBootsT17,items,EndgameArsenal,,,,T17 Harrier Boots,,,,,,,,,,,,T17 猎隼战靴,T17 猎隼战靴
itemPZAECHarrierDeviceT17,items,EndgameArsenal,,,,T17 Refractive Designation Device,,,,,,,,,,,,T17 折光标定装置,T17 折光标定装置
itemPZAECHarrierDeviceT17Desc,items,EndgameArsenal,,,,"Reusable. Equip the exact-tier four-piece Harrier set, fill resonance, then use from the toolbelt. Active 16s; cooldown 26s.",,,,,,,,,,,,可重复使用。穿齐同阶四件猎隼套装并充满共鸣后，从快捷栏启动；持续 16 秒，冷却 26 秒。,可重复使用。穿齐同阶四件猎隼套装并充满共鸣后，从快捷栏启动；持续 16 秒，冷却 26 秒。
armorPZAECHarrierHelmetT18,items,EndgameArsenal,,,,T18 Harrier Helmet,,,,,,,,,,,,T18 猎隼头盔,T18 猎隼头盔
armorPZAECHarrierOutfitT18,items,EndgameArsenal,,,,T18 Harrier Outfit,,,,,,,,,,,,T18 猎隼衣装,T18 猎隼衣装
armorPZAECHarrierGlovesT18,items,EndgameArsenal,,,,T18 Harrier Gloves,,,,,,,,,,,,T18 猎隼手套,T18 猎隼手套
armorPZAECHarrierBootsT18,items,EndgameArsenal,,,,T18 Harrier Boots,,,,,,,,,,,,T18 猎隼战靴,T18 猎隼战靴
itemPZAECHarrierDeviceT18,items,EndgameArsenal,,,,T18 Refractive Designation Device,,,,,,,,,,,,T18 折光标定装置,T18 折光标定装置
itemPZAECHarrierDeviceT18Desc,items,EndgameArsenal,,,,"Reusable. Equip the exact-tier four-piece Harrier set, fill resonance, then use from the toolbelt. Active 20s; cooldown 22s.",,,,,,,,,,,,可重复使用。穿齐同阶四件猎隼套装并充满共鸣后，从快捷栏启动；持续 20 秒，冷却 22 秒。,可重复使用。穿齐同阶四件猎隼套装并充满共鸣后，从快捷栏启动；持续 20 秒，冷却 22 秒。
armorPZAECHarrierHelmetT19,items,EndgameArsenal,,,,T19 Harrier Helmet,,,,,,,,,,,,T19 猎隼头盔,T19 猎隼头盔
armorPZAECHarrierOutfitT19,items,EndgameArsenal,,,,T19 Harrier Outfit,,,,,,,,,,,,T19 猎隼衣装,T19 猎隼衣装
armorPZAECHarrierGlovesT19,items,EndgameArsenal,,,,T19 Harrier Gloves,,,,,,,,,,,,T19 猎隼手套,T19 猎隼手套
armorPZAECHarrierBootsT19,items,EndgameArsenal,,,,T19 Harrier Boots,,,,,,,,,,,,T19 猎隼战靴,T19 猎隼战靴
itemPZAECHarrierDeviceT19,items,EndgameArsenal,,,,T19 Refractive Designation Device,,,,,,,,,,,,T19 折光标定装置,T19 折光标定装置
itemPZAECHarrierDeviceT19Desc,items,EndgameArsenal,,,,"Reusable. Equip the exact-tier four-piece Harrier set, fill resonance, then use from the toolbelt. Active 24s; cooldown 18s.",,,,,,,,,,,,可重复使用。穿齐同阶四件猎隼套装并充满共鸣后，从快捷栏启动；持续 24 秒，冷却 18 秒。,可重复使用。穿齐同阶四件猎隼套装并充满共鸣后，从快捷栏启动；持续 24 秒，冷却 18 秒。
armorPZAECStormHelmetT16,items,EndgameArsenal,,,,T16 Storm Helmet,,,,,,,,,,,,T16 雷暴头盔,T16 雷暴头盔
armorPZAECStormHelmetDesc,items,EndgameArsenal,,,,A true armor piece for the Storm 持续火力 set. Exact-tier pieces unlock 2/3/4-piece bonuses.,,,,,,,,,,,,雷暴“持续火力”真护甲组件。同一等级穿戴 2／3／4 件依次解锁套装效果。,雷暴“持续火力”真护甲组件。同一等级穿戴 2／3／4 件依次解锁套装效果。
armorPZAECStormOutfitT16,items,EndgameArsenal,,,,T16 Storm Outfit,,,,,,,,,,,,T16 雷暴衣装,T16 雷暴衣装
armorPZAECStormOutfitDesc,items,EndgameArsenal,,,,A true armor piece for the Storm 持续火力 set. Exact-tier pieces unlock 2/3/4-piece bonuses.,,,,,,,,,,,,雷暴“持续火力”真护甲组件。同一等级穿戴 2／3／4 件依次解锁套装效果。,雷暴“持续火力”真护甲组件。同一等级穿戴 2／3／4 件依次解锁套装效果。
armorPZAECStormGlovesT16,items,EndgameArsenal,,,,T16 Storm Gloves,,,,,,,,,,,,T16 雷暴手套,T16 雷暴手套
armorPZAECStormGlovesDesc,items,EndgameArsenal,,,,A true armor piece for the Storm 持续火力 set. Exact-tier pieces unlock 2/3/4-piece bonuses.,,,,,,,,,,,,雷暴“持续火力”真护甲组件。同一等级穿戴 2／3／4 件依次解锁套装效果。,雷暴“持续火力”真护甲组件。同一等级穿戴 2／3／4 件依次解锁套装效果。
armorPZAECStormBootsT16,items,EndgameArsenal,,,,T16 Storm Boots,,,,,,,,,,,,T16 雷暴战靴,T16 雷暴战靴
armorPZAECStormBootsDesc,items,EndgameArsenal,,,,A true armor piece for the Storm 持续火力 set. Exact-tier pieces unlock 2/3/4-piece bonuses.,,,,,,,,,,,,雷暴“持续火力”真护甲组件。同一等级穿戴 2／3／4 件依次解锁套装效果。,雷暴“持续火力”真护甲组件。同一等级穿戴 2／3／4 件依次解锁套装效果。
itemPZAECStormDeviceT16,items,EndgameArsenal,,,,T16 Arc Vent Device,,,,,,,,,,,,T16 弧光泄压装置,T16 弧光泄压装置
itemPZAECStormDeviceT16Desc,items,EndgameArsenal,,,,"Reusable. Equip the exact-tier four-piece Storm set, fill resonance, then use from the toolbelt. Active 12s; cooldown 30s.",,,,,,,,,,,,可重复使用。穿齐同阶四件雷暴套装并充满共鸣后，从快捷栏启动；持续 12 秒，冷却 30 秒。,可重复使用。穿齐同阶四件雷暴套装并充满共鸣后，从快捷栏启动；持续 12 秒，冷却 30 秒。
armorPZAECStormHelmetT17,items,EndgameArsenal,,,,T17 Storm Helmet,,,,,,,,,,,,T17 雷暴头盔,T17 雷暴头盔
armorPZAECStormOutfitT17,items,EndgameArsenal,,,,T17 Storm Outfit,,,,,,,,,,,,T17 雷暴衣装,T17 雷暴衣装
armorPZAECStormGlovesT17,items,EndgameArsenal,,,,T17 Storm Gloves,,,,,,,,,,,,T17 雷暴手套,T17 雷暴手套
armorPZAECStormBootsT17,items,EndgameArsenal,,,,T17 Storm Boots,,,,,,,,,,,,T17 雷暴战靴,T17 雷暴战靴
itemPZAECStormDeviceT17,items,EndgameArsenal,,,,T17 Arc Vent Device,,,,,,,,,,,,T17 弧光泄压装置,T17 弧光泄压装置
itemPZAECStormDeviceT17Desc,items,EndgameArsenal,,,,"Reusable. Equip the exact-tier four-piece Storm set, fill resonance, then use from the toolbelt. Active 16s; cooldown 26s.",,,,,,,,,,,,可重复使用。穿齐同阶四件雷暴套装并充满共鸣后，从快捷栏启动；持续 16 秒，冷却 26 秒。,可重复使用。穿齐同阶四件雷暴套装并充满共鸣后，从快捷栏启动；持续 16 秒，冷却 26 秒。
armorPZAECStormHelmetT18,items,EndgameArsenal,,,,T18 Storm Helmet,,,,,,,,,,,,T18 雷暴头盔,T18 雷暴头盔
armorPZAECStormOutfitT18,items,EndgameArsenal,,,,T18 Storm Outfit,,,,,,,,,,,,T18 雷暴衣装,T18 雷暴衣装
armorPZAECStormGlovesT18,items,EndgameArsenal,,,,T18 Storm Gloves,,,,,,,,,,,,T18 雷暴手套,T18 雷暴手套
armorPZAECStormBootsT18,items,EndgameArsenal,,,,T18 Storm Boots,,,,,,,,,,,,T18 雷暴战靴,T18 雷暴战靴
itemPZAECStormDeviceT18,items,EndgameArsenal,,,,T18 Arc Vent Device,,,,,,,,,,,,T18 弧光泄压装置,T18 弧光泄压装置
itemPZAECStormDeviceT18Desc,items,EndgameArsenal,,,,"Reusable. Equip the exact-tier four-piece Storm set, fill resonance, then use from the toolbelt. Active 20s; cooldown 22s.",,,,,,,,,,,,可重复使用。穿齐同阶四件雷暴套装并充满共鸣后，从快捷栏启动；持续 20 秒，冷却 22 秒。,可重复使用。穿齐同阶四件雷暴套装并充满共鸣后，从快捷栏启动；持续 20 秒，冷却 22 秒。
armorPZAECStormHelmetT19,items,EndgameArsenal,,,,T19 Storm Helmet,,,,,,,,,,,,T19 雷暴头盔,T19 雷暴头盔
armorPZAECStormOutfitT19,items,EndgameArsenal,,,,T19 Storm Outfit,,,,,,,,,,,,T19 雷暴衣装,T19 雷暴衣装
armorPZAECStormGlovesT19,items,EndgameArsenal,,,,T19 Storm Gloves,,,,,,,,,,,,T19 雷暴手套,T19 雷暴手套
armorPZAECStormBootsT19,items,EndgameArsenal,,,,T19 Storm Boots,,,,,,,,,,,,T19 雷暴战靴,T19 雷暴战靴
itemPZAECStormDeviceT19,items,EndgameArsenal,,,,T19 Arc Vent Device,,,,,,,,,,,,T19 弧光泄压装置,T19 弧光泄压装置
itemPZAECStormDeviceT19Desc,items,EndgameArsenal,,,,"Reusable. Equip the exact-tier four-piece Storm set, fill resonance, then use from the toolbelt. Active 24s; cooldown 18s.",,,,,,,,,,,,可重复使用。穿齐同阶四件雷暴套装并充满共鸣后，从快捷栏启动；持续 24 秒，冷却 18 秒。,可重复使用。穿齐同阶四件雷暴套装并充满共鸣后，从快捷栏启动；持续 24 秒，冷却 18 秒。
armorPZAECTremorHelmetT16,items,EndgameArsenal,,,,T16 Tremor Helmet,,,,,,,,,,,,T16 震岳头盔,T16 震岳头盔
armorPZAECTremorHelmetDesc,items,EndgameArsenal,,,,A true armor piece for the Tremor 近战重击 set. Exact-tier pieces unlock 2/3/4-piece bonuses.,,,,,,,,,,,,震岳“近战重击”真护甲组件。同一等级穿戴 2／3／4 件依次解锁套装效果。,震岳“近战重击”真护甲组件。同一等级穿戴 2／3／4 件依次解锁套装效果。
armorPZAECTremorOutfitT16,items,EndgameArsenal,,,,T16 Tremor Outfit,,,,,,,,,,,,T16 震岳衣装,T16 震岳衣装
armorPZAECTremorOutfitDesc,items,EndgameArsenal,,,,A true armor piece for the Tremor 近战重击 set. Exact-tier pieces unlock 2/3/4-piece bonuses.,,,,,,,,,,,,震岳“近战重击”真护甲组件。同一等级穿戴 2／3／4 件依次解锁套装效果。,震岳“近战重击”真护甲组件。同一等级穿戴 2／3／4 件依次解锁套装效果。
armorPZAECTremorGlovesT16,items,EndgameArsenal,,,,T16 Tremor Gloves,,,,,,,,,,,,T16 震岳手套,T16 震岳手套
armorPZAECTremorGlovesDesc,items,EndgameArsenal,,,,A true armor piece for the Tremor 近战重击 set. Exact-tier pieces unlock 2/3/4-piece bonuses.,,,,,,,,,,,,震岳“近战重击”真护甲组件。同一等级穿戴 2／3／4 件依次解锁套装效果。,震岳“近战重击”真护甲组件。同一等级穿戴 2／3／4 件依次解锁套装效果。
armorPZAECTremorBootsT16,items,EndgameArsenal,,,,T16 Tremor Boots,,,,,,,,,,,,T16 震岳战靴,T16 震岳战靴
armorPZAECTremorBootsDesc,items,EndgameArsenal,,,,A true armor piece for the Tremor 近战重击 set. Exact-tier pieces unlock 2/3/4-piece bonuses.,,,,,,,,,,,,震岳“近战重击”真护甲组件。同一等级穿戴 2／3／4 件依次解锁套装效果。,震岳“近战重击”真护甲组件。同一等级穿戴 2／3／4 件依次解锁套装效果。
itemPZAECTremorDeviceT16,items,EndgameArsenal,,,,T16 Tremor Release Device,,,,,,,,,,,,T16 震岳释放装置,T16 震岳释放装置
itemPZAECTremorDeviceT16Desc,items,EndgameArsenal,,,,"Reusable. Equip the exact-tier four-piece Tremor set, fill resonance, then use from the toolbelt. Active 12s; cooldown 30s.",,,,,,,,,,,,可重复使用。穿齐同阶四件震岳套装并充满共鸣后，从快捷栏启动；持续 12 秒，冷却 30 秒。,可重复使用。穿齐同阶四件震岳套装并充满共鸣后，从快捷栏启动；持续 12 秒，冷却 30 秒。
armorPZAECTremorHelmetT17,items,EndgameArsenal,,,,T17 Tremor Helmet,,,,,,,,,,,,T17 震岳头盔,T17 震岳头盔
armorPZAECTremorOutfitT17,items,EndgameArsenal,,,,T17 Tremor Outfit,,,,,,,,,,,,T17 震岳衣装,T17 震岳衣装
armorPZAECTremorGlovesT17,items,EndgameArsenal,,,,T17 Tremor Gloves,,,,,,,,,,,,T17 震岳手套,T17 震岳手套
armorPZAECTremorBootsT17,items,EndgameArsenal,,,,T17 Tremor Boots,,,,,,,,,,,,T17 震岳战靴,T17 震岳战靴
itemPZAECTremorDeviceT17,items,EndgameArsenal,,,,T17 Tremor Release Device,,,,,,,,,,,,T17 震岳释放装置,T17 震岳释放装置
itemPZAECTremorDeviceT17Desc,items,EndgameArsenal,,,,"Reusable. Equip the exact-tier four-piece Tremor set, fill resonance, then use from the toolbelt. Active 16s; cooldown 26s.",,,,,,,,,,,,可重复使用。穿齐同阶四件震岳套装并充满共鸣后，从快捷栏启动；持续 16 秒，冷却 26 秒。,可重复使用。穿齐同阶四件震岳套装并充满共鸣后，从快捷栏启动；持续 16 秒，冷却 26 秒。
armorPZAECTremorHelmetT18,items,EndgameArsenal,,,,T18 Tremor Helmet,,,,,,,,,,,,T18 震岳头盔,T18 震岳头盔
armorPZAECTremorOutfitT18,items,EndgameArsenal,,,,T18 Tremor Outfit,,,,,,,,,,,,T18 震岳衣装,T18 震岳衣装
armorPZAECTremorGlovesT18,items,EndgameArsenal,,,,T18 Tremor Gloves,,,,,,,,,,,,T18 震岳手套,T18 震岳手套
armorPZAECTremorBootsT18,items,EndgameArsenal,,,,T18 Tremor Boots,,,,,,,,,,,,T18 震岳战靴,T18 震岳战靴
itemPZAECTremorDeviceT18,items,EndgameArsenal,,,,T18 Tremor Release Device,,,,,,,,,,,,T18 震岳释放装置,T18 震岳释放装置
itemPZAECTremorDeviceT18Desc,items,EndgameArsenal,,,,"Reusable. Equip the exact-tier four-piece Tremor set, fill resonance, then use from the toolbelt. Active 20s; cooldown 22s.",,,,,,,,,,,,可重复使用。穿齐同阶四件震岳套装并充满共鸣后，从快捷栏启动；持续 20 秒，冷却 22 秒。,可重复使用。穿齐同阶四件震岳套装并充满共鸣后，从快捷栏启动；持续 20 秒，冷却 22 秒。
armorPZAECTremorHelmetT19,items,EndgameArsenal,,,,T19 Tremor Helmet,,,,,,,,,,,,T19 震岳头盔,T19 震岳头盔
armorPZAECTremorOutfitT19,items,EndgameArsenal,,,,T19 Tremor Outfit,,,,,,,,,,,,T19 震岳衣装,T19 震岳衣装
armorPZAECTremorGlovesT19,items,EndgameArsenal,,,,T19 Tremor Gloves,,,,,,,,,,,,T19 震岳手套,T19 震岳手套
armorPZAECTremorBootsT19,items,EndgameArsenal,,,,T19 Tremor Boots,,,,,,,,,,,,T19 震岳战靴,T19 震岳战靴
itemPZAECTremorDeviceT19,items,EndgameArsenal,,,,T19 Tremor Release Device,,,,,,,,,,,,T19 震岳释放装置,T19 震岳释放装置
itemPZAECTremorDeviceT19Desc,items,EndgameArsenal,,,,"Reusable. Equip the exact-tier four-piece Tremor set, fill resonance, then use from the toolbelt. Active 24s; cooldown 18s.",,,,,,,,,,,,可重复使用。穿齐同阶四件震岳套装并充满共鸣后，从快捷栏启动；持续 24 秒，冷却 18 秒。,可重复使用。穿齐同阶四件震岳套装并充满共鸣后，从快捷栏启动；持续 24 秒，冷却 18 秒。
armorPZAECWardenHelmetT16,items,EndgameArsenal,,,,T16 Warden Helmet,,,,,,,,,,,,T16 守望头盔,T16 守望头盔
armorPZAECWardenHelmetDesc,items,EndgameArsenal,,,,A true armor piece for the Warden 承伤防守 set. Exact-tier pieces unlock 2/3/4-piece bonuses.,,,,,,,,,,,,守望“承伤防守”真护甲组件。同一等级穿戴 2／3／4 件依次解锁套装效果。,守望“承伤防守”真护甲组件。同一等级穿戴 2／3／4 件依次解锁套装效果。
armorPZAECWardenOutfitT16,items,EndgameArsenal,,,,T16 Warden Outfit,,,,,,,,,,,,T16 守望衣装,T16 守望衣装
armorPZAECWardenOutfitDesc,items,EndgameArsenal,,,,A true armor piece for the Warden 承伤防守 set. Exact-tier pieces unlock 2/3/4-piece bonuses.,,,,,,,,,,,,守望“承伤防守”真护甲组件。同一等级穿戴 2／3／4 件依次解锁套装效果。,守望“承伤防守”真护甲组件。同一等级穿戴 2／3／4 件依次解锁套装效果。
armorPZAECWardenGlovesT16,items,EndgameArsenal,,,,T16 Warden Gloves,,,,,,,,,,,,T16 守望手套,T16 守望手套
armorPZAECWardenGlovesDesc,items,EndgameArsenal,,,,A true armor piece for the Warden 承伤防守 set. Exact-tier pieces unlock 2/3/4-piece bonuses.,,,,,,,,,,,,守望“承伤防守”真护甲组件。同一等级穿戴 2／3／4 件依次解锁套装效果。,守望“承伤防守”真护甲组件。同一等级穿戴 2／3／4 件依次解锁套装效果。
armorPZAECWardenBootsT16,items,EndgameArsenal,,,,T16 Warden Boots,,,,,,,,,,,,T16 守望战靴,T16 守望战靴
armorPZAECWardenBootsDesc,items,EndgameArsenal,,,,A true armor piece for the Warden 承伤防守 set. Exact-tier pieces unlock 2/3/4-piece bonuses.,,,,,,,,,,,,守望“承伤防守”真护甲组件。同一等级穿戴 2／3／4 件依次解锁套装效果。,守望“承伤防守”真护甲组件。同一等级穿戴 2／3／4 件依次解锁套装效果。
itemPZAECWardenDeviceT16,items,EndgameArsenal,,,,T16 Warden Field Device,,,,,,,,,,,,T16 守望领域装置,T16 守望领域装置
itemPZAECWardenDeviceT16Desc,items,EndgameArsenal,,,,"Reusable. Equip the exact-tier four-piece Warden set, fill resonance, then use from the toolbelt. Active 12s; cooldown 30s.",,,,,,,,,,,,可重复使用。穿齐同阶四件守望套装并充满共鸣后，从快捷栏启动；持续 12 秒，冷却 30 秒。,可重复使用。穿齐同阶四件守望套装并充满共鸣后，从快捷栏启动；持续 12 秒，冷却 30 秒。
armorPZAECWardenHelmetT17,items,EndgameArsenal,,,,T17 Warden Helmet,,,,,,,,,,,,T17 守望头盔,T17 守望头盔
armorPZAECWardenOutfitT17,items,EndgameArsenal,,,,T17 Warden Outfit,,,,,,,,,,,,T17 守望衣装,T17 守望衣装
armorPZAECWardenGlovesT17,items,EndgameArsenal,,,,T17 Warden Gloves,,,,,,,,,,,,T17 守望手套,T17 守望手套
armorPZAECWardenBootsT17,items,EndgameArsenal,,,,T17 Warden Boots,,,,,,,,,,,,T17 守望战靴,T17 守望战靴
itemPZAECWardenDeviceT17,items,EndgameArsenal,,,,T17 Warden Field Device,,,,,,,,,,,,T17 守望领域装置,T17 守望领域装置
itemPZAECWardenDeviceT17Desc,items,EndgameArsenal,,,,"Reusable. Equip the exact-tier four-piece Warden set, fill resonance, then use from the toolbelt. Active 16s; cooldown 26s.",,,,,,,,,,,,可重复使用。穿齐同阶四件守望套装并充满共鸣后，从快捷栏启动；持续 16 秒，冷却 26 秒。,可重复使用。穿齐同阶四件守望套装并充满共鸣后，从快捷栏启动；持续 16 秒，冷却 26 秒。
armorPZAECWardenHelmetT18,items,EndgameArsenal,,,,T18 Warden Helmet,,,,,,,,,,,,T18 守望头盔,T18 守望头盔
armorPZAECWardenOutfitT18,items,EndgameArsenal,,,,T18 Warden Outfit,,,,,,,,,,,,T18 守望衣装,T18 守望衣装
armorPZAECWardenGlovesT18,items,EndgameArsenal,,,,T18 Warden Gloves,,,,,,,,,,,,T18 守望手套,T18 守望手套
armorPZAECWardenBootsT18,items,EndgameArsenal,,,,T18 Warden Boots,,,,,,,,,,,,T18 守望战靴,T18 守望战靴
itemPZAECWardenDeviceT18,items,EndgameArsenal,,,,T18 Warden Field Device,,,,,,,,,,,,T18 守望领域装置,T18 守望领域装置
itemPZAECWardenDeviceT18Desc,items,EndgameArsenal,,,,"Reusable. Equip the exact-tier four-piece Warden set, fill resonance, then use from the toolbelt. Active 20s; cooldown 22s.",,,,,,,,,,,,可重复使用。穿齐同阶四件守望套装并充满共鸣后，从快捷栏启动；持续 20 秒，冷却 22 秒。,可重复使用。穿齐同阶四件守望套装并充满共鸣后，从快捷栏启动；持续 20 秒，冷却 22 秒。
armorPZAECWardenHelmetT19,items,EndgameArsenal,,,,T19 Warden Helmet,,,,,,,,,,,,T19 守望头盔,T19 守望头盔
armorPZAECWardenOutfitT19,items,EndgameArsenal,,,,T19 Warden Outfit,,,,,,,,,,,,T19 守望衣装,T19 守望衣装
armorPZAECWardenGlovesT19,items,EndgameArsenal,,,,T19 Warden Gloves,,,,,,,,,,,,T19 守望手套,T19 守望手套
armorPZAECWardenBootsT19,items,EndgameArsenal,,,,T19 Warden Boots,,,,,,,,,,,,T19 守望战靴,T19 守望战靴
itemPZAECWardenDeviceT19,items,EndgameArsenal,,,,T19 Warden Field Device,,,,,,,,,,,,T19 守望领域装置,T19 守望领域装置
itemPZAECWardenDeviceT19Desc,items,EndgameArsenal,,,,"Reusable. Equip the exact-tier four-piece Warden set, fill resonance, then use from the toolbelt. Active 24s; cooldown 18s.",,,,,,,,,,,,可重复使用。穿齐同阶四件守望套装并充满共鸣后，从快捷栏启动；持续 24 秒，冷却 18 秒。,可重复使用。穿齐同阶四件守望套装并充满共鸣后，从快捷栏启动；持续 24 秒，冷却 18 秒。
buffPZAECHarrierResonanceName,buffs,EndgameArsenal,,,,Harrier Resonance,,,,,,,,,,,,猎隼共鸣,猎隼共鸣
buffPZAECHarrierResonanceDesc,buffs,EndgameArsenal,,,,Three-piece charge for 精准射击; reaches 100 to arm the device.,,,,,,,,,,,,三件套通过精准射击充能；达到 100 后可启动装置。,三件套通过精准射击充能；达到 100 后可启动装置。
buffPZAECHarrierActiveName,buffs,EndgameArsenal,,,,Refractive Designation,,,,,,,,,,,,折光标定,折光标定
buffPZAECHarrierActiveDesc,buffs,EndgameArsenal,,,,The Harrier resonance ability is active.,,,,,,,,,,,,猎隼共鸣能力正在生效。,猎隼共鸣能力正在生效。
buffPZAECStormResonanceName,buffs,EndgameArsenal,,,,Storm Resonance,,,,,,,,,,,,雷暴共鸣,雷暴共鸣
buffPZAECStormResonanceDesc,buffs,EndgameArsenal,,,,Three-piece charge for 持续火力; reaches 100 to arm the device.,,,,,,,,,,,,三件套通过持续火力充能；达到 100 后可启动装置。,三件套通过持续火力充能；达到 100 后可启动装置。
buffPZAECStormActiveName,buffs,EndgameArsenal,,,,Arc Vent,,,,,,,,,,,,弧光泄压,弧光泄压
buffPZAECStormActiveDesc,buffs,EndgameArsenal,,,,The Storm resonance ability is active.,,,,,,,,,,,,雷暴共鸣能力正在生效。,雷暴共鸣能力正在生效。
buffPZAECTremorResonanceName,buffs,EndgameArsenal,,,,Tremor Resonance,,,,,,,,,,,,震岳共鸣,震岳共鸣
buffPZAECTremorResonanceDesc,buffs,EndgameArsenal,,,,Three-piece charge for 近战重击; reaches 100 to arm the device.,,,,,,,,,,,,三件套通过近战重击充能；达到 100 后可启动装置。,三件套通过近战重击充能；达到 100 后可启动装置。
buffPZAECTremorActiveName,buffs,EndgameArsenal,,,,Tremor Release,,,,,,,,,,,,震岳释放,震岳释放
buffPZAECTremorActiveDesc,buffs,EndgameArsenal,,,,The Tremor resonance ability is active.,,,,,,,,,,,,震岳共鸣能力正在生效。,震岳共鸣能力正在生效。
buffPZAECWardenResonanceName,buffs,EndgameArsenal,,,,Warden Resonance,,,,,,,,,,,,守望共鸣,守望共鸣
buffPZAECWardenResonanceDesc,buffs,EndgameArsenal,,,,Three-piece charge for 承伤防守; reaches 100 to arm the device.,,,,,,,,,,,,三件套通过承伤防守充能；达到 100 后可启动装置。,三件套通过承伤防守充能；达到 100 后可启动装置。
buffPZAECWardenActiveName,buffs,EndgameArsenal,,,,Warden Field,,,,,,,,,,,,守望领域,守望领域
buffPZAECWardenActiveDesc,buffs,EndgameArsenal,,,,The Warden resonance ability is active.,,,,,,,,,,,,守望共鸣能力正在生效。,守望共鸣能力正在生效。
buffPZAECResonanceCooldownName,buffs,EndgameArsenal,,,,Resonance Overload,,,,,,,,,,,,共鸣过载,共鸣过载
buffPZAECResonanceCooldownDesc,buffs,EndgameArsenal,,,,The resonance device is cooling down.,,,,,,,,,,,,共鸣装置正在冷却。,共鸣装置正在冷却。
gunPZAECEmberPistolT16,items,EndgameExpansion,,,,T16 Ember Heavy Pistol,,,,,,,,,,,,T16 烬火重型手枪,T16 烬火重型手枪
gunPZAECEmberPistolT16Desc,items,EndgameExpansion,,,,"Legendary succession weapon: T16 < T17 < T18 < T19. Six mod slots and tier-scaled damage, reload and durability.",,,,,,,,,,,,传奇进阶武器：T16 < T17 < T18 < T19。六个模组槽，伤害、装填、弹匣和耐久随阶级提升。,传奇进阶武器：T16 < T17 < T18 < T19。六个模组槽，伤害、装填、弹匣和耐久随阶级提升。
gunPZAECEmberPistolT17,items,EndgameExpansion,,,,T17 Ember Heavy Pistol,,,,,,,,,,,,T17 烬火重型手枪,T17 烬火重型手枪
gunPZAECEmberPistolT17Desc,items,EndgameExpansion,,,,"Legendary succession weapon: T16 < T17 < T18 < T19. Six mod slots and tier-scaled damage, reload and durability.",,,,,,,,,,,,传奇进阶武器：T16 < T17 < T18 < T19。六个模组槽，伤害、装填、弹匣和耐久随阶级提升。,传奇进阶武器：T16 < T17 < T18 < T19。六个模组槽，伤害、装填、弹匣和耐久随阶级提升。
gunPZAECEmberPistolT18,items,EndgameExpansion,,,,T18 Ember Heavy Pistol,,,,,,,,,,,,T18 烬火重型手枪,T18 烬火重型手枪
gunPZAECEmberPistolT18Desc,items,EndgameExpansion,,,,"Legendary succession weapon: T16 < T17 < T18 < T19. Six mod slots and tier-scaled damage, reload and durability.",,,,,,,,,,,,传奇进阶武器：T16 < T17 < T18 < T19。六个模组槽，伤害、装填、弹匣和耐久随阶级提升。,传奇进阶武器：T16 < T17 < T18 < T19。六个模组槽，伤害、装填、弹匣和耐久随阶级提升。
gunPZAECEmberPistolT19,items,EndgameExpansion,,,,T19 Ember Heavy Pistol,,,,,,,,,,,,T19 烬火重型手枪,T19 烬火重型手枪
gunPZAECEmberPistolT19Desc,items,EndgameExpansion,,,,"Legendary succession weapon: T16 < T17 < T18 < T19. Six mod slots and tier-scaled damage, reload and durability.",,,,,,,,,,,,传奇进阶武器：T16 < T17 < T18 < T19。六个模组槽，伤害、装填、弹匣和耐久随阶级提升。,传奇进阶武器：T16 < T17 < T18 < T19。六个模组槽，伤害、装填、弹匣和耐久随阶级提升。
gunPZAECHorizonNeedleT16,items,EndgameExpansion,,,,T16 Horizon Needle Rifle,,,,,,,,,,,,T16 地平线针刺步枪,T16 地平线针刺步枪
gunPZAECHorizonNeedleT16Desc,items,EndgameExpansion,,,,"Legendary succession weapon: T16 < T17 < T18 < T19. Six mod slots and tier-scaled damage, reload and durability.",,,,,,,,,,,,传奇进阶武器：T16 < T17 < T18 < T19。六个模组槽，伤害、装填、弹匣和耐久随阶级提升。,传奇进阶武器：T16 < T17 < T18 < T19。六个模组槽，伤害、装填、弹匣和耐久随阶级提升。
gunPZAECHorizonNeedleT17,items,EndgameExpansion,,,,T17 Horizon Needle Rifle,,,,,,,,,,,,T17 地平线针刺步枪,T17 地平线针刺步枪
gunPZAECHorizonNeedleT17Desc,items,EndgameExpansion,,,,"Legendary succession weapon: T16 < T17 < T18 < T19. Six mod slots and tier-scaled damage, reload and durability.",,,,,,,,,,,,传奇进阶武器：T16 < T17 < T18 < T19。六个模组槽，伤害、装填、弹匣和耐久随阶级提升。,传奇进阶武器：T16 < T17 < T18 < T19。六个模组槽，伤害、装填、弹匣和耐久随阶级提升。
gunPZAECHorizonNeedleT18,items,EndgameExpansion,,,,T18 Horizon Needle Rifle,,,,,,,,,,,,T18 地平线针刺步枪,T18 地平线针刺步枪
gunPZAECHorizonNeedleT18Desc,items,EndgameExpansion,,,,"Legendary succession weapon: T16 < T17 < T18 < T19. Six mod slots and tier-scaled damage, reload and durability.",,,,,,,,,,,,传奇进阶武器：T16 < T17 < T18 < T19。六个模组槽，伤害、装填、弹匣和耐久随阶级提升。,传奇进阶武器：T16 < T17 < T18 < T19。六个模组槽，伤害、装填、弹匣和耐久随阶级提升。
gunPZAECHorizonNeedleT19,items,EndgameExpansion,,,,T19 Horizon Needle Rifle,,,,,,,,,,,,T19 地平线针刺步枪,T19 地平线针刺步枪
gunPZAECHorizonNeedleT19Desc,items,EndgameExpansion,,,,"Legendary succession weapon: T16 < T17 < T18 < T19. Six mod slots and tier-scaled damage, reload and durability.",,,,,,,,,,,,传奇进阶武器：T16 < T17 < T18 < T19。六个模组槽，伤害、装填、弹匣和耐久随阶级提升。,传奇进阶武器：T16 < T17 < T18 < T19。六个模组槽，伤害、装填、弹匣和耐久随阶级提升。
gunPZAECStormReservoirT16,items,EndgameExpansion,,,,T16 Storm Reservoir LMG,,,,,,,,,,,,T16 雷池轻机枪,T16 雷池轻机枪
gunPZAECStormReservoirT16Desc,items,EndgameExpansion,,,,"Legendary succession weapon: T16 < T17 < T18 < T19. Six mod slots and tier-scaled damage, reload and durability.",,,,,,,,,,,,传奇进阶武器：T16 < T17 < T18 < T19。六个模组槽，伤害、装填、弹匣和耐久随阶级提升。,传奇进阶武器：T16 < T17 < T18 < T19。六个模组槽，伤害、装填、弹匣和耐久随阶级提升。
gunPZAECStormReservoirT17,items,EndgameExpansion,,,,T17 Storm Reservoir LMG,,,,,,,,,,,,T17 雷池轻机枪,T17 雷池轻机枪
gunPZAECStormReservoirT17Desc,items,EndgameExpansion,,,,"Legendary succession weapon: T16 < T17 < T18 < T19. Six mod slots and tier-scaled damage, reload and durability.",,,,,,,,,,,,传奇进阶武器：T16 < T17 < T18 < T19。六个模组槽，伤害、装填、弹匣和耐久随阶级提升。,传奇进阶武器：T16 < T17 < T18 < T19。六个模组槽，伤害、装填、弹匣和耐久随阶级提升。
gunPZAECStormReservoirT18,items,EndgameExpansion,,,,T18 Storm Reservoir LMG,,,,,,,,,,,,T18 雷池轻机枪,T18 雷池轻机枪
gunPZAECStormReservoirT18Desc,items,EndgameExpansion,,,,"Legendary succession weapon: T16 < T17 < T18 < T19. Six mod slots and tier-scaled damage, reload and durability.",,,,,,,,,,,,传奇进阶武器：T16 < T17 < T18 < T19。六个模组槽，伤害、装填、弹匣和耐久随阶级提升。,传奇进阶武器：T16 < T17 < T18 < T19。六个模组槽，伤害、装填、弹匣和耐久随阶级提升。
gunPZAECStormReservoirT19,items,EndgameExpansion,,,,T19 Storm Reservoir LMG,,,,,,,,,,,,T19 雷池轻机枪,T19 雷池轻机枪
gunPZAECStormReservoirT19Desc,items,EndgameExpansion,,,,"Legendary succession weapon: T16 < T17 < T18 < T19. Six mod slots and tier-scaled damage, reload and durability.",,,,,,,,,,,,传奇进阶武器：T16 < T17 < T18 < T19。六个模组槽，伤害、装填、弹匣和耐久随阶级提升。,传奇进阶武器：T16 < T17 < T18 < T19。六个模组槽，伤害、装填、弹匣和耐久随阶级提升。
meleePZAECFaultlineHammerT16,items,EndgameExpansion,,,,T16 Faultline Shock Hammer,,,,,,,,,,,,T16 断层震击锤,T16 断层震击锤
meleePZAECFaultlineHammerT16Desc,items,EndgameExpansion,,,,"Legendary succession weapon: T16 < T17 < T18 < T19. Six mod slots and tier-scaled damage, reload and durability.",,,,,,,,,,,,传奇进阶武器：T16 < T17 < T18 < T19。六个模组槽，伤害、装填、弹匣和耐久随阶级提升。,传奇进阶武器：T16 < T17 < T18 < T19。六个模组槽，伤害、装填、弹匣和耐久随阶级提升。
meleePZAECFaultlineHammerT17,items,EndgameExpansion,,,,T17 Faultline Shock Hammer,,,,,,,,,,,,T17 断层震击锤,T17 断层震击锤
meleePZAECFaultlineHammerT17Desc,items,EndgameExpansion,,,,"Legendary succession weapon: T16 < T17 < T18 < T19. Six mod slots and tier-scaled damage, reload and durability.",,,,,,,,,,,,传奇进阶武器：T16 < T17 < T18 < T19。六个模组槽，伤害、装填、弹匣和耐久随阶级提升。,传奇进阶武器：T16 < T17 < T18 < T19。六个模组槽，伤害、装填、弹匣和耐久随阶级提升。
meleePZAECFaultlineHammerT18,items,EndgameExpansion,,,,T18 Faultline Shock Hammer,,,,,,,,,,,,T18 断层震击锤,T18 断层震击锤
meleePZAECFaultlineHammerT18Desc,items,EndgameExpansion,,,,"Legendary succession weapon: T16 < T17 < T18 < T19. Six mod slots and tier-scaled damage, reload and durability.",,,,,,,,,,,,传奇进阶武器：T16 < T17 < T18 < T19。六个模组槽，伤害、装填、弹匣和耐久随阶级提升。,传奇进阶武器：T16 < T17 < T18 < T19。六个模组槽，伤害、装填、弹匣和耐久随阶级提升。
meleePZAECFaultlineHammerT19,items,EndgameExpansion,,,,T19 Faultline Shock Hammer,,,,,,,,,,,,T19 断层震击锤,T19 断层震击锤
meleePZAECFaultlineHammerT19Desc,items,EndgameExpansion,,,,"Legendary succession weapon: T16 < T17 < T18 < T19. Six mod slots and tier-scaled damage, reload and durability.",,,,,,,,,,,,传奇进阶武器：T16 < T17 < T18 < T19。六个模组槽，伤害、装填、弹匣和耐久随阶级提升。,传奇进阶武器：T16 < T17 < T18 < T19。六个模组槽，伤害、装填、弹匣和耐久随阶级提升。
gunPZAECBastionShotgunT16,items,EndgameExpansion,,,,T16 Bastion Auto Shotgun,,,,,,,,,,,,T16 壁垒自动霰弹枪,T16 壁垒自动霰弹枪
gunPZAECBastionShotgunT16Desc,items,EndgameExpansion,,,,"Legendary succession weapon: T16 < T17 < T18 < T19. Six mod slots and tier-scaled damage, reload and durability.",,,,,,,,,,,,传奇进阶武器：T16 < T17 < T18 < T19。六个模组槽，伤害、装填、弹匣和耐久随阶级提升。,传奇进阶武器：T16 < T17 < T18 < T19。六个模组槽，伤害、装填、弹匣和耐久随阶级提升。
gunPZAECBastionShotgunT17,items,EndgameExpansion,,,,T17 Bastion Auto Shotgun,,,,,,,,,,,,T17 壁垒自动霰弹枪,T17 壁垒自动霰弹枪
gunPZAECBastionShotgunT17Desc,items,EndgameExpansion,,,,"Legendary succession weapon: T16 < T17 < T18 < T19. Six mod slots and tier-scaled damage, reload and durability.",,,,,,,,,,,,传奇进阶武器：T16 < T17 < T18 < T19。六个模组槽，伤害、装填、弹匣和耐久随阶级提升。,传奇进阶武器：T16 < T17 < T18 < T19。六个模组槽，伤害、装填、弹匣和耐久随阶级提升。
gunPZAECBastionShotgunT18,items,EndgameExpansion,,,,T18 Bastion Auto Shotgun,,,,,,,,,,,,T18 壁垒自动霰弹枪,T18 壁垒自动霰弹枪
gunPZAECBastionShotgunT18Desc,items,EndgameExpansion,,,,"Legendary succession weapon: T16 < T17 < T18 < T19. Six mod slots and tier-scaled damage, reload and durability.",,,,,,,,,,,,传奇进阶武器：T16 < T17 < T18 < T19。六个模组槽，伤害、装填、弹匣和耐久随阶级提升。,传奇进阶武器：T16 < T17 < T18 < T19。六个模组槽，伤害、装填、弹匣和耐久随阶级提升。
gunPZAECBastionShotgunT19,items,EndgameExpansion,,,,T19 Bastion Auto Shotgun,,,,,,,,,,,,T19 壁垒自动霰弹枪,T19 壁垒自动霰弹枪
gunPZAECBastionShotgunT19Desc,items,EndgameExpansion,,,,"Legendary succession weapon: T16 < T17 < T18 < T19. Six mod slots and tier-scaled damage, reload and durability.",,,,,,,,,,,,传奇进阶武器：T16 < T17 < T18 < T19。六个模组槽，伤害、装填、弹匣和耐久随阶级提升。,传奇进阶武器：T16 < T17 < T18 < T19。六个模组槽，伤害、装填、弹匣和耐久随阶级提升。
gunPZAECEchoRepeaterT16,items,EndgameExpansion,,,,T16 Echo Repeating Crossbow,,,,,,,,,,,,T16 回声连弩,T16 回声连弩
gunPZAECEchoRepeaterT16Desc,items,EndgameExpansion,,,,"Legendary succession weapon: T16 < T17 < T18 < T19. Six mod slots and tier-scaled damage, reload and durability.",,,,,,,,,,,,传奇进阶武器：T16 < T17 < T18 < T19。六个模组槽，伤害、装填、弹匣和耐久随阶级提升。,传奇进阶武器：T16 < T17 < T18 < T19。六个模组槽，伤害、装填、弹匣和耐久随阶级提升。
gunPZAECEchoRepeaterT17,items,EndgameExpansion,,,,T17 Echo Repeating Crossbow,,,,,,,,,,,,T17 回声连弩,T17 回声连弩
gunPZAECEchoRepeaterT17Desc,items,EndgameExpansion,,,,"Legendary succession weapon: T16 < T17 < T18 < T19. Six mod slots and tier-scaled damage, reload and durability.",,,,,,,,,,,,传奇进阶武器：T16 < T17 < T18 < T19。六个模组槽，伤害、装填、弹匣和耐久随阶级提升。,传奇进阶武器：T16 < T17 < T18 < T19。六个模组槽，伤害、装填、弹匣和耐久随阶级提升。
gunPZAECEchoRepeaterT18,items,EndgameExpansion,,,,T18 Echo Repeating Crossbow,,,,,,,,,,,,T18 回声连弩,T18 回声连弩
gunPZAECEchoRepeaterT18Desc,items,EndgameExpansion,,,,"Legendary succession weapon: T16 < T17 < T18 < T19. Six mod slots and tier-scaled damage, reload and durability.",,,,,,,,,,,,传奇进阶武器：T16 < T17 < T18 < T19。六个模组槽，伤害、装填、弹匣和耐久随阶级提升。,传奇进阶武器：T16 < T17 < T18 < T19。六个模组槽，伤害、装填、弹匣和耐久随阶级提升。
gunPZAECEchoRepeaterT19,items,EndgameExpansion,,,,T19 Echo Repeating Crossbow,,,,,,,,,,,,T19 回声连弩,T19 回声连弩
gunPZAECEchoRepeaterT19Desc,items,EndgameExpansion,,,,"Legendary succession weapon: T16 < T17 < T18 < T19. Six mod slots and tier-scaled damage, reload and durability.",,,,,,,,,,,,传奇进阶武器：T16 < T17 < T18 < T19。六个模组槽，伤害、装填、弹匣和耐久随阶级提升。,传奇进阶武器：T16 < T17 < T18 < T19。六个模组槽，伤害、装填、弹匣和耐久随阶级提升。
gunPZAECCounterSiegeT16,items,EndgameExpansion,,,,T16 Counter-Siege Pulser,,,,,,,,,,,,T16 反攻城脉冲器,T16 反攻城脉冲器
gunPZAECCounterSiegeT16Desc,items,EndgameExpansion,,,,"Legendary succession weapon: T16 < T17 < T18 < T19. Six mod slots and tier-scaled damage, reload and durability.",,,,,,,,,,,,传奇进阶武器：T16 < T17 < T18 < T19。六个模组槽，伤害、装填、弹匣和耐久随阶级提升。,传奇进阶武器：T16 < T17 < T18 < T19。六个模组槽，伤害、装填、弹匣和耐久随阶级提升。
gunPZAECCounterSiegeT17,items,EndgameExpansion,,,,T17 Counter-Siege Pulser,,,,,,,,,,,,T17 反攻城脉冲器,T17 反攻城脉冲器
gunPZAECCounterSiegeT17Desc,items,EndgameExpansion,,,,"Legendary succession weapon: T16 < T17 < T18 < T19. Six mod slots and tier-scaled damage, reload and durability.",,,,,,,,,,,,传奇进阶武器：T16 < T17 < T18 < T19。六个模组槽，伤害、装填、弹匣和耐久随阶级提升。,传奇进阶武器：T16 < T17 < T18 < T19。六个模组槽，伤害、装填、弹匣和耐久随阶级提升。
gunPZAECCounterSiegeT18,items,EndgameExpansion,,,,T18 Counter-Siege Pulser,,,,,,,,,,,,T18 反攻城脉冲器,T18 反攻城脉冲器
gunPZAECCounterSiegeT18Desc,items,EndgameExpansion,,,,"Legendary succession weapon: T16 < T17 < T18 < T19. Six mod slots and tier-scaled damage, reload and durability.",,,,,,,,,,,,传奇进阶武器：T16 < T17 < T18 < T19。六个模组槽，伤害、装填、弹匣和耐久随阶级提升。,传奇进阶武器：T16 < T17 < T18 < T19。六个模组槽，伤害、装填、弹匣和耐久随阶级提升。
gunPZAECCounterSiegeT19,items,EndgameExpansion,,,,T19 Counter-Siege Pulser,,,,,,,,,,,,T19 反攻城脉冲器,T19 反攻城脉冲器
gunPZAECCounterSiegeT19Desc,items,EndgameExpansion,,,,"Legendary succession weapon: T16 < T17 < T18 < T19. Six mod slots and tier-scaled damage, reload and durability.",,,,,,,,,,,,传奇进阶武器：T16 < T17 < T18 < T19。六个模组槽，伤害、装填、弹匣和耐久随阶级提升。,传奇进阶武器：T16 < T17 < T18 < T19。六个模组槽，伤害、装填、弹匣和耐久随阶级提升。
ammoPZAECSkyguardInterceptorT16,items,EndgameExpansion,,,,T16 Skyguard Interceptor Round,,,,,,,,,,,,T16 天穹截击弹,T16 天穹截击弹
ammoPZAECSkyguardInterceptorT16Desc,items,EndgameExpansion,,,,Specialized ammunition for AEC endgame equipment.,,,,,,,,,,,,AEC 终局设备使用的专属弹药。,AEC 终局设备使用的专属弹药。
ammoPZAECSkyguardInterceptorT17,items,EndgameExpansion,,,,T17 Skyguard Interceptor Round,,,,,,,,,,,,T17 天穹截击弹,T17 天穹截击弹
ammoPZAECSkyguardInterceptorT17Desc,items,EndgameExpansion,,,,Specialized ammunition for AEC endgame equipment.,,,,,,,,,,,,AEC 终局设备使用的专属弹药。,AEC 终局设备使用的专属弹药。
ammoPZAECSkyguardInterceptorT18,items,EndgameExpansion,,,,T18 Skyguard Interceptor Round,,,,,,,,,,,,T18 天穹截击弹,T18 天穹截击弹
ammoPZAECSkyguardInterceptorT18Desc,items,EndgameExpansion,,,,Specialized ammunition for AEC endgame equipment.,,,,,,,,,,,,AEC 终局设备使用的专属弹药。,AEC 终局设备使用的专属弹药。
ammoPZAECSkyguardInterceptorT19,items,EndgameExpansion,,,,T19 Skyguard Interceptor Round,,,,,,,,,,,,T19 天穹截击弹,T19 天穹截击弹
ammoPZAECSkyguardInterceptorT19Desc,items,EndgameExpansion,,,,Specialized ammunition for AEC endgame equipment.,,,,,,,,,,,,AEC 终局设备使用的专属弹药。,AEC 终局设备使用的专属弹药。
ammoPZAECCounterPulseT16,items,EndgameExpansion,,,,T16 Counter-Siege Pulse Round,,,,,,,,,,,,T16 反攻城脉冲弹,T16 反攻城脉冲弹
ammoPZAECCounterPulseT16Desc,items,EndgameExpansion,,,,Specialized ammunition for AEC endgame equipment.,,,,,,,,,,,,AEC 终局设备使用的专属弹药。,AEC 终局设备使用的专属弹药。
ammoPZAECCounterPulseT17,items,EndgameExpansion,,,,T17 Counter-Siege Pulse Round,,,,,,,,,,,,T17 反攻城脉冲弹,T17 反攻城脉冲弹
ammoPZAECCounterPulseT17Desc,items,EndgameExpansion,,,,Specialized ammunition for AEC endgame equipment.,,,,,,,,,,,,AEC 终局设备使用的专属弹药。,AEC 终局设备使用的专属弹药。
ammoPZAECCounterPulseT18,items,EndgameExpansion,,,,T18 Counter-Siege Pulse Round,,,,,,,,,,,,T18 反攻城脉冲弹,T18 反攻城脉冲弹
ammoPZAECCounterPulseT18Desc,items,EndgameExpansion,,,,Specialized ammunition for AEC endgame equipment.,,,,,,,,,,,,AEC 终局设备使用的专属弹药。,AEC 终局设备使用的专属弹药。
ammoPZAECCounterPulseT19,items,EndgameExpansion,,,,T19 Counter-Siege Pulse Round,,,,,,,,,,,,T19 反攻城脉冲弹,T19 反攻城脉冲弹
ammoPZAECCounterPulseT19Desc,items,EndgameExpansion,,,,Specialized ammunition for AEC endgame equipment.,,,,,,,,,,,,AEC 终局设备使用的专属弹药。,AEC 终局设备使用的专属弹药。
itemPZAECQuickArmorGel,items,EndgameExpansion,,,,Quick Armor Gel,,,,,,,,,,,,快凝装甲胶,快凝装甲胶
itemPZAECQuickArmorGelDesc,items,EndgameExpansion,,,,Reusable endgame field technology with server-checked limits where required.,,,,,,,,,,,,终局战场科技；需要时由服务器验证目标、位置和冷却。,终局战场科技；需要时由服务器验证目标、位置和冷却。
itemPZAECResonanceInjector,items,EndgameExpansion,,,,Resonance Injector,,,,,,,,,,,,共鸣注射剂,共鸣注射剂
itemPZAECResonanceInjectorDesc,items,EndgameExpansion,,,,Reusable endgame field technology with server-checked limits where required.,,,,,,,,,,,,终局战场科技；需要时由服务器验证目标、位置和冷却。,终局战场科技；需要时由服务器验证目标、位置和冷却。
itemPZAECDecoyBeacon,items,EndgameExpansion,,,,Decoy Beacon,,,,,,,,,,,,诱饵信标,诱饵信标
itemPZAECDecoyBeaconDesc,items,EndgameExpansion,,,,Reusable endgame field technology with server-checked limits where required.,,,,,,,,,,,,终局战场科技；需要时由服务器验证目标、位置和冷却。,终局战场科技；需要时由服务器验证目标、位置和冷却。
itemPZAECEvacAnchor,items,EndgameExpansion,,,,Evacuation Anchor,,,,,,,,,,,,撤离锚,撤离锚
itemPZAECEvacAnchorDesc,items,EndgameExpansion,,,,Reusable endgame field technology with server-checked limits where required.,,,,,,,,,,,,终局战场科技；需要时由服务器验证目标、位置和冷却。,终局战场科技；需要时由服务器验证目标、位置和冷却。
thrownPZAECCounterJammerT16,items,EndgameExpansion,,,,T16 Countermeasure Jammer,,,,,,,,,,,,T16 反制干扰弹,T16 反制干扰弹
thrownPZAECCounterJammerT16Desc,items,EndgameExpansion,,,,Tier-scaled countermeasure jammer for active Blood Moon defense.,,,,,,,,,,,,用于主动血夜防御的同阶反制干扰弹。,用于主动血夜防御的同阶反制干扰弹。
thrownPZAECCounterJammerT17,items,EndgameExpansion,,,,T17 Countermeasure Jammer,,,,,,,,,,,,T17 反制干扰弹,T17 反制干扰弹
thrownPZAECCounterJammerT17Desc,items,EndgameExpansion,,,,Tier-scaled countermeasure jammer for active Blood Moon defense.,,,,,,,,,,,,用于主动血夜防御的同阶反制干扰弹。,用于主动血夜防御的同阶反制干扰弹。
thrownPZAECCounterJammerT18,items,EndgameExpansion,,,,T18 Countermeasure Jammer,,,,,,,,,,,,T18 反制干扰弹,T18 反制干扰弹
thrownPZAECCounterJammerT18Desc,items,EndgameExpansion,,,,Tier-scaled countermeasure jammer for active Blood Moon defense.,,,,,,,,,,,,用于主动血夜防御的同阶反制干扰弹。,用于主动血夜防御的同阶反制干扰弹。
thrownPZAECCounterJammerT19,items,EndgameExpansion,,,,T19 Countermeasure Jammer,,,,,,,,,,,,T19 反制干扰弹,T19 反制干扰弹
thrownPZAECCounterJammerT19Desc,items,EndgameExpansion,,,,Tier-scaled countermeasure jammer for active Blood Moon defense.,,,,,,,,,,,,用于主动血夜防御的同阶反制干扰弹。,用于主动血夜防御的同阶反制干扰弹。
itemPZAECFieldRepairKitT16,items,EndgameExpansion,,,,T16 Field Repair Kit,,,,,,,,,,,,T16 战地维修包,T16 战地维修包
itemPZAECFieldRepairKitT16Desc,items,EndgameExpansion,,,,Tier-scaled field repair kit for active Blood Moon defense.,,,,,,,,,,,,用于主动血夜防御的同阶战地维修包。,用于主动血夜防御的同阶战地维修包。
itemPZAECFieldRepairKitT17,items,EndgameExpansion,,,,T17 Field Repair Kit,,,,,,,,,,,,T17 战地维修包,T17 战地维修包
itemPZAECFieldRepairKitT17Desc,items,EndgameExpansion,,,,Tier-scaled field repair kit for active Blood Moon defense.,,,,,,,,,,,,用于主动血夜防御的同阶战地维修包。,用于主动血夜防御的同阶战地维修包。
itemPZAECFieldRepairKitT18,items,EndgameExpansion,,,,T18 Field Repair Kit,,,,,,,,,,,,T18 战地维修包,T18 战地维修包
itemPZAECFieldRepairKitT18Desc,items,EndgameExpansion,,,,Tier-scaled field repair kit for active Blood Moon defense.,,,,,,,,,,,,用于主动血夜防御的同阶战地维修包。,用于主动血夜防御的同阶战地维修包。
itemPZAECFieldRepairKitT19,items,EndgameExpansion,,,,T19 Field Repair Kit,,,,,,,,,,,,T19 战地维修包,T19 战地维修包
itemPZAECFieldRepairKitT19Desc,items,EndgameExpansion,,,,Tier-scaled field repair kit for active Blood Moon defense.,,,,,,,,,,,,用于主动血夜防御的同阶战地维修包。,用于主动血夜防御的同阶战地维修包。
resourcePZAECDefenseChassis,items,EndgameExpansion,,,,Defense Equipment Chassis,,,,,,,,,,,,防御设备底盘,防御设备底盘
resourcePZAECDefenseChassisDesc,items,EndgameExpansion,,,,Endgame crafting and reward material. Choice tokens are spent on the exact recipe you select.,,,,,,,,,,,,终局制作与奖励材料；选择箱代币用于你主动选择的对应配方。,终局制作与奖励材料；选择箱代币用于你主动选择的对应配方。
resourcePZAECCoreFragmentT16,items,EndgameExpansion,,,,T16 Core Fragment,,,,,,,,,,,,T16 心核碎片,T16 心核碎片
resourcePZAECCoreFragmentT16Desc,items,EndgameExpansion,,,,Endgame crafting and reward material. Choice tokens are spent on the exact recipe you select.,,,,,,,,,,,,终局制作与奖励材料；选择箱代币用于你主动选择的对应配方。,终局制作与奖励材料；选择箱代币用于你主动选择的对应配方。
resourcePZAECCapacitorFragmentT16,items,EndgameExpansion,,,,T16 Capacitor Fragment,,,,,,,,,,,,T16 电容碎片,T16 电容碎片
resourcePZAECCapacitorFragmentT16Desc,items,EndgameExpansion,,,,Endgame crafting and reward material. Choice tokens are spent on the exact recipe you select.,,,,,,,,,,,,终局制作与奖励材料；选择箱代币用于你主动选择的对应配方。,终局制作与奖励材料；选择箱代币用于你主动选择的对应配方。
itemPZAECArmoryBlueprintCrateT16,items,EndgameExpansion,,,,T16 Armory Blueprint Choice,,,,,,,,,,,,T16 军械蓝图选择箱,T16 军械蓝图选择箱
itemPZAECArmoryBlueprintCrateT16Desc,items,EndgameExpansion,,,,Endgame crafting and reward material. Choice tokens are spent on the exact recipe you select.,,,,,,,,,,,,终局制作与奖励材料；选择箱代币用于你主动选择的对应配方。,终局制作与奖励材料；选择箱代币用于你主动选择的对应配方。
itemPZAECComponentChoiceCrateT16,items,EndgameExpansion,,,,T16 Component Choice,,,,,,,,,,,,T16 组件选择箱,T16 组件选择箱
itemPZAECComponentChoiceCrateT16Desc,items,EndgameExpansion,,,,Endgame crafting and reward material. Choice tokens are spent on the exact recipe you select.,,,,,,,,,,,,终局制作与奖励材料；选择箱代币用于你主动选择的对应配方。,终局制作与奖励材料；选择箱代币用于你主动选择的对应配方。
resourcePZAECRepairChargeT16,items,EndgameExpansion,,,,T16 Repair Charge,,,,,,,,,,,,T16 维修料盒,T16 维修料盒
resourcePZAECRepairChargeT16Desc,items,EndgameExpansion,,,,Endgame crafting and reward material. Choice tokens are spent on the exact recipe you select.,,,,,,,,,,,,终局制作与奖励材料；选择箱代币用于你主动选择的对应配方。,终局制作与奖励材料；选择箱代币用于你主动选择的对应配方。
resourcePZAECDecoyChargeT16,items,EndgameExpansion,,,,T16 Decoy Charge,,,,,,,,,,,,T16 诱导电荷,T16 诱导电荷
resourcePZAECDecoyChargeT16Desc,items,EndgameExpansion,,,,Endgame crafting and reward material. Choice tokens are spent on the exact recipe you select.,,,,,,,,,,,,终局制作与奖励材料；选择箱代币用于你主动选择的对应配方。,终局制作与奖励材料；选择箱代币用于你主动选择的对应配方。
itemPZAECDefenseBlueprintCrateT16,items,EndgameExpansion,,,,T16 Defense Blueprint Choice,,,,,,,,,,,,T16 设备蓝图选择箱,T16 设备蓝图选择箱
itemPZAECDefenseBlueprintCrateT16Desc,items,EndgameExpansion,,,,Endgame crafting and reward material. Choice tokens are spent on the exact recipe you select.,,,,,,,,,,,,终局制作与奖励材料；选择箱代币用于你主动选择的对应配方。,终局制作与奖励材料；选择箱代币用于你主动选择的对应配方。
resourcePZAECCoreFragmentT17,items,EndgameExpansion,,,,T17 Core Fragment,,,,,,,,,,,,T17 心核碎片,T17 心核碎片
resourcePZAECCoreFragmentT17Desc,items,EndgameExpansion,,,,Endgame crafting and reward material. Choice tokens are spent on the exact recipe you select.,,,,,,,,,,,,终局制作与奖励材料；选择箱代币用于你主动选择的对应配方。,终局制作与奖励材料；选择箱代币用于你主动选择的对应配方。
resourcePZAECCapacitorFragmentT17,items,EndgameExpansion,,,,T17 Capacitor Fragment,,,,,,,,,,,,T17 电容碎片,T17 电容碎片
resourcePZAECCapacitorFragmentT17Desc,items,EndgameExpansion,,,,Endgame crafting and reward material. Choice tokens are spent on the exact recipe you select.,,,,,,,,,,,,终局制作与奖励材料；选择箱代币用于你主动选择的对应配方。,终局制作与奖励材料；选择箱代币用于你主动选择的对应配方。
itemPZAECArmoryBlueprintCrateT17,items,EndgameExpansion,,,,T17 Armory Blueprint Choice,,,,,,,,,,,,T17 军械蓝图选择箱,T17 军械蓝图选择箱
itemPZAECArmoryBlueprintCrateT17Desc,items,EndgameExpansion,,,,Endgame crafting and reward material. Choice tokens are spent on the exact recipe you select.,,,,,,,,,,,,终局制作与奖励材料；选择箱代币用于你主动选择的对应配方。,终局制作与奖励材料；选择箱代币用于你主动选择的对应配方。
itemPZAECComponentChoiceCrateT17,items,EndgameExpansion,,,,T17 Component Choice,,,,,,,,,,,,T17 组件选择箱,T17 组件选择箱
itemPZAECComponentChoiceCrateT17Desc,items,EndgameExpansion,,,,Endgame crafting and reward material. Choice tokens are spent on the exact recipe you select.,,,,,,,,,,,,终局制作与奖励材料；选择箱代币用于你主动选择的对应配方。,终局制作与奖励材料；选择箱代币用于你主动选择的对应配方。
resourcePZAECRepairChargeT17,items,EndgameExpansion,,,,T17 Repair Charge,,,,,,,,,,,,T17 维修料盒,T17 维修料盒
resourcePZAECRepairChargeT17Desc,items,EndgameExpansion,,,,Endgame crafting and reward material. Choice tokens are spent on the exact recipe you select.,,,,,,,,,,,,终局制作与奖励材料；选择箱代币用于你主动选择的对应配方。,终局制作与奖励材料；选择箱代币用于你主动选择的对应配方。
resourcePZAECDecoyChargeT17,items,EndgameExpansion,,,,T17 Decoy Charge,,,,,,,,,,,,T17 诱导电荷,T17 诱导电荷
resourcePZAECDecoyChargeT17Desc,items,EndgameExpansion,,,,Endgame crafting and reward material. Choice tokens are spent on the exact recipe you select.,,,,,,,,,,,,终局制作与奖励材料；选择箱代币用于你主动选择的对应配方。,终局制作与奖励材料；选择箱代币用于你主动选择的对应配方。
itemPZAECDefenseBlueprintCrateT17,items,EndgameExpansion,,,,T17 Defense Blueprint Choice,,,,,,,,,,,,T17 设备蓝图选择箱,T17 设备蓝图选择箱
itemPZAECDefenseBlueprintCrateT17Desc,items,EndgameExpansion,,,,Endgame crafting and reward material. Choice tokens are spent on the exact recipe you select.,,,,,,,,,,,,终局制作与奖励材料；选择箱代币用于你主动选择的对应配方。,终局制作与奖励材料；选择箱代币用于你主动选择的对应配方。
resourcePZAECCoreFragmentT18,items,EndgameExpansion,,,,T18 Core Fragment,,,,,,,,,,,,T18 心核碎片,T18 心核碎片
resourcePZAECCoreFragmentT18Desc,items,EndgameExpansion,,,,Endgame crafting and reward material. Choice tokens are spent on the exact recipe you select.,,,,,,,,,,,,终局制作与奖励材料；选择箱代币用于你主动选择的对应配方。,终局制作与奖励材料；选择箱代币用于你主动选择的对应配方。
resourcePZAECCapacitorFragmentT18,items,EndgameExpansion,,,,T18 Capacitor Fragment,,,,,,,,,,,,T18 电容碎片,T18 电容碎片
resourcePZAECCapacitorFragmentT18Desc,items,EndgameExpansion,,,,Endgame crafting and reward material. Choice tokens are spent on the exact recipe you select.,,,,,,,,,,,,终局制作与奖励材料；选择箱代币用于你主动选择的对应配方。,终局制作与奖励材料；选择箱代币用于你主动选择的对应配方。
itemPZAECArmoryBlueprintCrateT18,items,EndgameExpansion,,,,T18 Armory Blueprint Choice,,,,,,,,,,,,T18 军械蓝图选择箱,T18 军械蓝图选择箱
itemPZAECArmoryBlueprintCrateT18Desc,items,EndgameExpansion,,,,Endgame crafting and reward material. Choice tokens are spent on the exact recipe you select.,,,,,,,,,,,,终局制作与奖励材料；选择箱代币用于你主动选择的对应配方。,终局制作与奖励材料；选择箱代币用于你主动选择的对应配方。
itemPZAECComponentChoiceCrateT18,items,EndgameExpansion,,,,T18 Component Choice,,,,,,,,,,,,T18 组件选择箱,T18 组件选择箱
itemPZAECComponentChoiceCrateT18Desc,items,EndgameExpansion,,,,Endgame crafting and reward material. Choice tokens are spent on the exact recipe you select.,,,,,,,,,,,,终局制作与奖励材料；选择箱代币用于你主动选择的对应配方。,终局制作与奖励材料；选择箱代币用于你主动选择的对应配方。
resourcePZAECRepairChargeT18,items,EndgameExpansion,,,,T18 Repair Charge,,,,,,,,,,,,T18 维修料盒,T18 维修料盒
resourcePZAECRepairChargeT18Desc,items,EndgameExpansion,,,,Endgame crafting and reward material. Choice tokens are spent on the exact recipe you select.,,,,,,,,,,,,终局制作与奖励材料；选择箱代币用于你主动选择的对应配方。,终局制作与奖励材料；选择箱代币用于你主动选择的对应配方。
resourcePZAECDecoyChargeT18,items,EndgameExpansion,,,,T18 Decoy Charge,,,,,,,,,,,,T18 诱导电荷,T18 诱导电荷
resourcePZAECDecoyChargeT18Desc,items,EndgameExpansion,,,,Endgame crafting and reward material. Choice tokens are spent on the exact recipe you select.,,,,,,,,,,,,终局制作与奖励材料；选择箱代币用于你主动选择的对应配方。,终局制作与奖励材料；选择箱代币用于你主动选择的对应配方。
itemPZAECDefenseBlueprintCrateT18,items,EndgameExpansion,,,,T18 Defense Blueprint Choice,,,,,,,,,,,,T18 设备蓝图选择箱,T18 设备蓝图选择箱
itemPZAECDefenseBlueprintCrateT18Desc,items,EndgameExpansion,,,,Endgame crafting and reward material. Choice tokens are spent on the exact recipe you select.,,,,,,,,,,,,终局制作与奖励材料；选择箱代币用于你主动选择的对应配方。,终局制作与奖励材料；选择箱代币用于你主动选择的对应配方。
resourcePZAECCoreFragmentT19,items,EndgameExpansion,,,,T19 Core Fragment,,,,,,,,,,,,T19 心核碎片,T19 心核碎片
resourcePZAECCoreFragmentT19Desc,items,EndgameExpansion,,,,Endgame crafting and reward material. Choice tokens are spent on the exact recipe you select.,,,,,,,,,,,,终局制作与奖励材料；选择箱代币用于你主动选择的对应配方。,终局制作与奖励材料；选择箱代币用于你主动选择的对应配方。
resourcePZAECCapacitorFragmentT19,items,EndgameExpansion,,,,T19 Capacitor Fragment,,,,,,,,,,,,T19 电容碎片,T19 电容碎片
resourcePZAECCapacitorFragmentT19Desc,items,EndgameExpansion,,,,Endgame crafting and reward material. Choice tokens are spent on the exact recipe you select.,,,,,,,,,,,,终局制作与奖励材料；选择箱代币用于你主动选择的对应配方。,终局制作与奖励材料；选择箱代币用于你主动选择的对应配方。
itemPZAECArmoryBlueprintCrateT19,items,EndgameExpansion,,,,T19 Armory Blueprint Choice,,,,,,,,,,,,T19 军械蓝图选择箱,T19 军械蓝图选择箱
itemPZAECArmoryBlueprintCrateT19Desc,items,EndgameExpansion,,,,Endgame crafting and reward material. Choice tokens are spent on the exact recipe you select.,,,,,,,,,,,,终局制作与奖励材料；选择箱代币用于你主动选择的对应配方。,终局制作与奖励材料；选择箱代币用于你主动选择的对应配方。
itemPZAECComponentChoiceCrateT19,items,EndgameExpansion,,,,T19 Component Choice,,,,,,,,,,,,T19 组件选择箱,T19 组件选择箱
itemPZAECComponentChoiceCrateT19Desc,items,EndgameExpansion,,,,Endgame crafting and reward material. Choice tokens are spent on the exact recipe you select.,,,,,,,,,,,,终局制作与奖励材料；选择箱代币用于你主动选择的对应配方。,终局制作与奖励材料；选择箱代币用于你主动选择的对应配方。
resourcePZAECRepairChargeT19,items,EndgameExpansion,,,,T19 Repair Charge,,,,,,,,,,,,T19 维修料盒,T19 维修料盒
resourcePZAECRepairChargeT19Desc,items,EndgameExpansion,,,,Endgame crafting and reward material. Choice tokens are spent on the exact recipe you select.,,,,,,,,,,,,终局制作与奖励材料；选择箱代币用于你主动选择的对应配方。,终局制作与奖励材料；选择箱代币用于你主动选择的对应配方。
resourcePZAECDecoyChargeT19,items,EndgameExpansion,,,,T19 Decoy Charge,,,,,,,,,,,,T19 诱导电荷,T19 诱导电荷
resourcePZAECDecoyChargeT19Desc,items,EndgameExpansion,,,,Endgame crafting and reward material. Choice tokens are spent on the exact recipe you select.,,,,,,,,,,,,终局制作与奖励材料；选择箱代币用于你主动选择的对应配方。,终局制作与奖励材料；选择箱代币用于你主动选择的对应配方。
itemPZAECDefenseBlueprintCrateT19,items,EndgameExpansion,,,,T19 Defense Blueprint Choice,,,,,,,,,,,,T19 设备蓝图选择箱,T19 设备蓝图选择箱
itemPZAECDefenseBlueprintCrateT19Desc,items,EndgameExpansion,,,,Endgame crafting and reward material. Choice tokens are spent on the exact recipe you select.,,,,,,,,,,,,终局制作与奖励材料；选择箱代币用于你主动选择的对应配方。,终局制作与奖励材料；选择箱代币用于你主动选择的对应配方。
modPZAECHarrierStableT19,items,EndgameExpansion,,,,Harrier Stable Calibration,,,,,,,,,,,,猎隼稳定校准,猎隼稳定校准
modPZAECHarrierStableT19Desc,items,EndgameExpansion,,,,T19 resonance-device calibration. Only one calibration can be installed.,,,,,,,,,,,,T19 共鸣装置校准；同一装置只能安装一枚校准芯片。,T19 共鸣装置校准；同一装置只能安装一枚校准芯片。
modPZAECHarrierOverloadT19,items,EndgameExpansion,,,,Harrier Overload Calibration,,,,,,,,,,,,猎隼过载校准,猎隼过载校准
modPZAECHarrierOverloadT19Desc,items,EndgameExpansion,,,,T19 resonance-device calibration. Only one calibration can be installed.,,,,,,,,,,,,T19 共鸣装置校准；同一装置只能安装一枚校准芯片。,T19 共鸣装置校准；同一装置只能安装一枚校准芯片。
modPZAECStormStableT19,items,EndgameExpansion,,,,Storm Stable Calibration,,,,,,,,,,,,雷暴稳定校准,雷暴稳定校准
modPZAECStormStableT19Desc,items,EndgameExpansion,,,,T19 resonance-device calibration. Only one calibration can be installed.,,,,,,,,,,,,T19 共鸣装置校准；同一装置只能安装一枚校准芯片。,T19 共鸣装置校准；同一装置只能安装一枚校准芯片。
modPZAECStormOverloadT19,items,EndgameExpansion,,,,Storm Overload Calibration,,,,,,,,,,,,雷暴过载校准,雷暴过载校准
modPZAECStormOverloadT19Desc,items,EndgameExpansion,,,,T19 resonance-device calibration. Only one calibration can be installed.,,,,,,,,,,,,T19 共鸣装置校准；同一装置只能安装一枚校准芯片。,T19 共鸣装置校准；同一装置只能安装一枚校准芯片。
modPZAECTremorStableT19,items,EndgameExpansion,,,,Tremor Stable Calibration,,,,,,,,,,,,震岳稳定校准,震岳稳定校准
modPZAECTremorStableT19Desc,items,EndgameExpansion,,,,T19 resonance-device calibration. Only one calibration can be installed.,,,,,,,,,,,,T19 共鸣装置校准；同一装置只能安装一枚校准芯片。,T19 共鸣装置校准；同一装置只能安装一枚校准芯片。
modPZAECTremorOverloadT19,items,EndgameExpansion,,,,Tremor Overload Calibration,,,,,,,,,,,,震岳过载校准,震岳过载校准
modPZAECTremorOverloadT19Desc,items,EndgameExpansion,,,,T19 resonance-device calibration. Only one calibration can be installed.,,,,,,,,,,,,T19 共鸣装置校准；同一装置只能安装一枚校准芯片。,T19 共鸣装置校准；同一装置只能安装一枚校准芯片。
modPZAECWardenStableT19,items,EndgameExpansion,,,,Warden Stable Calibration,,,,,,,,,,,,守望稳定校准,守望稳定校准
modPZAECWardenStableT19Desc,items,EndgameExpansion,,,,T19 resonance-device calibration. Only one calibration can be installed.,,,,,,,,,,,,T19 共鸣装置校准；同一装置只能安装一枚校准芯片。,T19 共鸣装置校准；同一装置只能安装一枚校准芯片。
modPZAECWardenOverloadT19,items,EndgameExpansion,,,,Warden Overload Calibration,,,,,,,,,,,,守望过载校准,守望过载校准
modPZAECWardenOverloadT19Desc,items,EndgameExpansion,,,,T19 resonance-device calibration. Only one calibration can be installed.,,,,,,,,,,,,T19 共鸣装置校准；同一装置只能安装一枚校准芯片。,T19 共鸣装置校准；同一装置只能安装一枚校准芯片。
modPZAECThreatLensT16,items,EndgameExpansion,,,,T16 Threat Lens,,,,,,,,,,,,T16 威胁鉴别镜,T16 威胁鉴别镜
modPZAECThreatLensT16Desc,items,EndgameExpansion,,,,Tiered behavior component. Threat Lens: 远程伤害随阶提升。,,,,,,,,,,,,同阶行为组件。远程伤害随阶提升。,同阶行为组件。远程伤害随阶提升。
modPZAECThreatLensT17,items,EndgameExpansion,,,,T17 Threat Lens,,,,,,,,,,,,T17 威胁鉴别镜,T17 威胁鉴别镜
modPZAECThreatLensT17Desc,items,EndgameExpansion,,,,Tiered behavior component. Threat Lens: 远程伤害随阶提升。,,,,,,,,,,,,同阶行为组件。远程伤害随阶提升。,同阶行为组件。远程伤害随阶提升。
modPZAECThreatLensT18,items,EndgameExpansion,,,,T18 Threat Lens,,,,,,,,,,,,T18 威胁鉴别镜,T18 威胁鉴别镜
modPZAECThreatLensT18Desc,items,EndgameExpansion,,,,Tiered behavior component. Threat Lens: 远程伤害随阶提升。,,,,,,,,,,,,同阶行为组件。远程伤害随阶提升。,同阶行为组件。远程伤害随阶提升。
modPZAECThreatLensT19,items,EndgameExpansion,,,,T19 Threat Lens,,,,,,,,,,,,T19 威胁鉴别镜,T19 威胁鉴别镜
modPZAECThreatLensT19Desc,items,EndgameExpansion,,,,Tiered behavior component. Threat Lens: 远程伤害随阶提升。,,,,,,,,,,,,同阶行为组件。远程伤害随阶提升。,同阶行为组件。远程伤害随阶提升。
modPZAECCoolingSinkT16,items,EndgameExpansion,,,,T16 Cooling Sink,,,,,,,,,,,,T16 热沉套件,T16 热沉套件
modPZAECCoolingSinkT16Desc,items,EndgameExpansion,,,,Tiered behavior component. Cooling Sink: 降低四向后坐力，提高操控和射速。,,,,,,,,,,,,同阶行为组件。降低四向后坐力，提高操控和射速。,同阶行为组件。降低四向后坐力，提高操控和射速。
modPZAECCoolingSinkT17,items,EndgameExpansion,,,,T17 Cooling Sink,,,,,,,,,,,,T17 热沉套件,T17 热沉套件
modPZAECCoolingSinkT17Desc,items,EndgameExpansion,,,,Tiered behavior component. Cooling Sink: 降低四向后坐力，提高操控和射速。,,,,,,,,,,,,同阶行为组件。降低四向后坐力，提高操控和射速。,同阶行为组件。降低四向后坐力，提高操控和射速。
modPZAECCoolingSinkT18,items,EndgameExpansion,,,,T18 Cooling Sink,,,,,,,,,,,,T18 热沉套件,T18 热沉套件
modPZAECCoolingSinkT18Desc,items,EndgameExpansion,,,,Tiered behavior component. Cooling Sink: 降低四向后坐力，提高操控和射速。,,,,,,,,,,,,同阶行为组件。降低四向后坐力，提高操控和射速。,同阶行为组件。降低四向后坐力，提高操控和射速。
modPZAECCoolingSinkT19,items,EndgameExpansion,,,,T19 Cooling Sink,,,,,,,,,,,,T19 热沉套件,T19 热沉套件
modPZAECCoolingSinkT19Desc,items,EndgameExpansion,,,,Tiered behavior component. Cooling Sink: 降低四向后坐力，提高操控和射速。,,,,,,,,,,,,同阶行为组件。降低四向后坐力，提高操控和射速。,同阶行为组件。降低四向后坐力，提高操控和射速。
modPZAECKineticRecyclerT16,items,EndgameExpansion,,,,T16 Kinetic Recycler,,,,,,,,,,,,T16 动能回收器,T16 动能回收器
modPZAECKineticRecyclerT16Desc,items,EndgameExpansion,,,,Tiered behavior component. Kinetic Recycler: 降低普攻与重击耗耐，提高攻速和操控。,,,,,,,,,,,,同阶行为组件。降低普攻与重击耗耐，提高攻速和操控。,同阶行为组件。降低普攻与重击耗耐，提高攻速和操控。
modPZAECKineticRecyclerT17,items,EndgameExpansion,,,,T17 Kinetic Recycler,,,,,,,,,,,,T17 动能回收器,T17 动能回收器
modPZAECKineticRecyclerT17Desc,items,EndgameExpansion,,,,Tiered behavior component. Kinetic Recycler: 降低普攻与重击耗耐，提高攻速和操控。,,,,,,,,,,,,同阶行为组件。降低普攻与重击耗耐，提高攻速和操控。,同阶行为组件。降低普攻与重击耗耐，提高攻速和操控。
modPZAECKineticRecyclerT18,items,EndgameExpansion,,,,T18 Kinetic Recycler,,,,,,,,,,,,T18 动能回收器,T18 动能回收器
modPZAECKineticRecyclerT18Desc,items,EndgameExpansion,,,,Tiered behavior component. Kinetic Recycler: 降低普攻与重击耗耐，提高攻速和操控。,,,,,,,,,,,,同阶行为组件。降低普攻与重击耗耐，提高攻速和操控。,同阶行为组件。降低普攻与重击耗耐，提高攻速和操控。
modPZAECKineticRecyclerT19,items,EndgameExpansion,,,,T19 Kinetic Recycler,,,,,,,,,,,,T19 动能回收器,T19 动能回收器
modPZAECKineticRecyclerT19Desc,items,EndgameExpansion,,,,Tiered behavior component. Kinetic Recycler: 降低普攻与重击耗耐，提高攻速和操控。,,,,,,,,,,,,同阶行为组件。降低普攻与重击耗耐，提高攻速和操控。,同阶行为组件。降低普攻与重击耗耐，提高攻速和操控。
modPZAECRepairServoT16,items,EndgameExpansion,,,,T16 Repair Servo,,,,,,,,,,,,T16 维修伺服,T16 维修伺服
modPZAECRepairServoT16Desc,items,EndgameExpansion,,,,Tiered behavior component. Repair Servo: 提高方块修理速度和修理量。,,,,,,,,,,,,同阶行为组件。提高方块修理速度和修理量。,同阶行为组件。提高方块修理速度和修理量。
modPZAECRepairServoT17,items,EndgameExpansion,,,,T17 Repair Servo,,,,,,,,,,,,T17 维修伺服,T17 维修伺服
modPZAECRepairServoT17Desc,items,EndgameExpansion,,,,Tiered behavior component. Repair Servo: 提高方块修理速度和修理量。,,,,,,,,,,,,同阶行为组件。提高方块修理速度和修理量。,同阶行为组件。提高方块修理速度和修理量。
modPZAECRepairServoT18,items,EndgameExpansion,,,,T18 Repair Servo,,,,,,,,,,,,T18 维修伺服,T18 维修伺服
modPZAECRepairServoT18Desc,items,EndgameExpansion,,,,Tiered behavior component. Repair Servo: 提高方块修理速度和修理量。,,,,,,,,,,,,同阶行为组件。提高方块修理速度和修理量。,同阶行为组件。提高方块修理速度和修理量。
modPZAECRepairServoT19,items,EndgameExpansion,,,,T19 Repair Servo,,,,,,,,,,,,T19 维修伺服,T19 维修伺服
modPZAECRepairServoT19Desc,items,EndgameExpansion,,,,Tiered behavior component. Repair Servo: 提高方块修理速度和修理量。,,,,,,,,,,,,同阶行为组件。提高方块修理速度和修理量。,同阶行为组件。提高方块修理速度和修理量。
modPZAECPhaseRangefinderT16,items,EndgameExpansion,,,,T16 Phase Rangefinder,,,,,,,,,,,,T16 相位测距镜,T16 相位测距镜
modPZAECPhaseRangefinderT16Desc,items,EndgameExpansion,,,,Tiered behavior component. Phase Rangefinder: 稳定瞄准提高弱点伤害。,,,,,,,,,,,,同阶行为组件。稳定瞄准提高弱点伤害。,同阶行为组件。稳定瞄准提高弱点伤害。
modPZAECPhaseRangefinderT17,items,EndgameExpansion,,,,T17 Phase Rangefinder,,,,,,,,,,,,T17 相位测距镜,T17 相位测距镜
modPZAECPhaseRangefinderT17Desc,items,EndgameExpansion,,,,Tiered behavior component. Phase Rangefinder: 稳定瞄准提高弱点伤害。,,,,,,,,,,,,同阶行为组件。稳定瞄准提高弱点伤害。,同阶行为组件。稳定瞄准提高弱点伤害。
modPZAECPhaseRangefinderT18,items,EndgameExpansion,,,,T18 Phase Rangefinder,,,,,,,,,,,,T18 相位测距镜,T18 相位测距镜
modPZAECPhaseRangefinderT18Desc,items,EndgameExpansion,,,,Tiered behavior component. Phase Rangefinder: 稳定瞄准提高弱点伤害。,,,,,,,,,,,,同阶行为组件。稳定瞄准提高弱点伤害。,同阶行为组件。稳定瞄准提高弱点伤害。
modPZAECPhaseRangefinderT19,items,EndgameExpansion,,,,T19 Phase Rangefinder,,,,,,,,,,,,T19 相位测距镜,T19 相位测距镜
modPZAECPhaseRangefinderT19Desc,items,EndgameExpansion,,,,Tiered behavior component. Phase Rangefinder: 稳定瞄准提高弱点伤害。,,,,,,,,,,,,同阶行为组件。稳定瞄准提高弱点伤害。,同阶行为组件。稳定瞄准提高弱点伤害。
modPZAECNearfieldReflexT16,items,EndgameExpansion,,,,T16 Nearfield Reflex,,,,,,,,,,,,T16 近场反射镜,T16 近场反射镜
modPZAECNearfieldReflexT16Desc,items,EndgameExpansion,,,,Tiered behavior component. Nearfield Reflex: 提高换弹、射速和伤害衰减距离。,,,,,,,,,,,,同阶行为组件。提高换弹、射速和伤害衰减距离。,同阶行为组件。提高换弹、射速和伤害衰减距离。
modPZAECNearfieldReflexT17,items,EndgameExpansion,,,,T17 Nearfield Reflex,,,,,,,,,,,,T17 近场反射镜,T17 近场反射镜
modPZAECNearfieldReflexT17Desc,items,EndgameExpansion,,,,Tiered behavior component. Nearfield Reflex: 提高换弹、射速和伤害衰减距离。,,,,,,,,,,,,同阶行为组件。提高换弹、射速和伤害衰减距离。,同阶行为组件。提高换弹、射速和伤害衰减距离。
modPZAECNearfieldReflexT18,items,EndgameExpansion,,,,T18 Nearfield Reflex,,,,,,,,,,,,T18 近场反射镜,T18 近场反射镜
modPZAECNearfieldReflexT18Desc,items,EndgameExpansion,,,,Tiered behavior component. Nearfield Reflex: 提高换弹、射速和伤害衰减距离。,,,,,,,,,,,,同阶行为组件。提高换弹、射速和伤害衰减距离。,同阶行为组件。提高换弹、射速和伤害衰减距离。
modPZAECNearfieldReflexT19,items,EndgameExpansion,,,,T19 Nearfield Reflex,,,,,,,,,,,,T19 近场反射镜,T19 近场反射镜
modPZAECNearfieldReflexT19Desc,items,EndgameExpansion,,,,Tiered behavior component. Nearfield Reflex: 提高换弹、射速和伤害衰减距离。,,,,,,,,,,,,同阶行为组件。提高换弹、射速和伤害衰减距离。,同阶行为组件。提高换弹、射速和伤害衰减距离。
modPZAECClosedLoopFeedT16,items,EndgameExpansion,,,,T16 Closed-Loop Feed,,,,,,,,,,,,T16 闭环供弹器,T16 闭环供弹器
modPZAECClosedLoopFeedT16Desc,items,EndgameExpansion,,,,Tiered behavior component. Closed-Loop Feed: 扩大弹匣并提高持续供弹能力。,,,,,,,,,,,,同阶行为组件。扩大弹匣并提高持续供弹能力。,同阶行为组件。扩大弹匣并提高持续供弹能力。
modPZAECClosedLoopFeedT17,items,EndgameExpansion,,,,T17 Closed-Loop Feed,,,,,,,,,,,,T17 闭环供弹器,T17 闭环供弹器
modPZAECClosedLoopFeedT17Desc,items,EndgameExpansion,,,,Tiered behavior component. Closed-Loop Feed: 扩大弹匣并提高持续供弹能力。,,,,,,,,,,,,同阶行为组件。扩大弹匣并提高持续供弹能力。,同阶行为组件。扩大弹匣并提高持续供弹能力。
modPZAECClosedLoopFeedT18,items,EndgameExpansion,,,,T18 Closed-Loop Feed,,,,,,,,,,,,T18 闭环供弹器,T18 闭环供弹器
modPZAECClosedLoopFeedT18Desc,items,EndgameExpansion,,,,Tiered behavior component. Closed-Loop Feed: 扩大弹匣并提高持续供弹能力。,,,,,,,,,,,,同阶行为组件。扩大弹匣并提高持续供弹能力。,同阶行为组件。扩大弹匣并提高持续供弹能力。
modPZAECClosedLoopFeedT19,items,EndgameExpansion,,,,T19 Closed-Loop Feed,,,,,,,,,,,,T19 闭环供弹器,T19 闭环供弹器
modPZAECClosedLoopFeedT19Desc,items,EndgameExpansion,,,,Tiered behavior component. Closed-Loop Feed: 扩大弹匣并提高持续供弹能力。,,,,,,,,,,,,同阶行为组件。扩大弹匣并提高持续供弹能力。,同阶行为组件。扩大弹匣并提高持续供弹能力。
modPZAECPulseCapacitorT16,items,EndgameExpansion,,,,T16 Pulse Capacitor,,,,,,,,,,,,T16 脉冲电容,T16 脉冲电容
modPZAECPulseCapacitorT16Desc,items,EndgameExpansion,,,,Tiered behavior component. Pulse Capacitor: 命中可附加短时电击。,,,,,,,,,,,,同阶行为组件。命中可附加短时电击。,同阶行为组件。命中可附加短时电击。
modPZAECPulseCapacitorT17,items,EndgameExpansion,,,,T17 Pulse Capacitor,,,,,,,,,,,,T17 脉冲电容,T17 脉冲电容
modPZAECPulseCapacitorT17Desc,items,EndgameExpansion,,,,Tiered behavior component. Pulse Capacitor: 命中可附加短时电击。,,,,,,,,,,,,同阶行为组件。命中可附加短时电击。,同阶行为组件。命中可附加短时电击。
modPZAECPulseCapacitorT18,items,EndgameExpansion,,,,T18 Pulse Capacitor,,,,,,,,,,,,T18 脉冲电容,T18 脉冲电容
modPZAECPulseCapacitorT18Desc,items,EndgameExpansion,,,,Tiered behavior component. Pulse Capacitor: 命中可附加短时电击。,,,,,,,,,,,,同阶行为组件。命中可附加短时电击。,同阶行为组件。命中可附加短时电击。
modPZAECPulseCapacitorT19,items,EndgameExpansion,,,,T19 Pulse Capacitor,,,,,,,,,,,,T19 脉冲电容,T19 脉冲电容
modPZAECPulseCapacitorT19Desc,items,EndgameExpansion,,,,Tiered behavior component. Pulse Capacitor: 命中可附加短时电击。,,,,,,,,,,,,同阶行为组件。命中可附加短时电击。,同阶行为组件。命中可附加短时电击。
modPZAECStanceBreakerT16,items,EndgameExpansion,,,,T16 Stance Breaker,,,,,,,,,,,,T16 破势配重,T16 破势配重
modPZAECStanceBreakerT16Desc,items,EndgameExpansion,,,,Tiered behavior component. Stance Breaker: 提高普攻、重击伤害与攻速。,,,,,,,,,,,,同阶行为组件。提高普攻、重击伤害与攻速。,同阶行为组件。提高普攻、重击伤害与攻速。
modPZAECStanceBreakerT17,items,EndgameExpansion,,,,T17 Stance Breaker,,,,,,,,,,,,T17 破势配重,T17 破势配重
modPZAECStanceBreakerT17Desc,items,EndgameExpansion,,,,Tiered behavior component. Stance Breaker: 提高普攻、重击伤害与攻速。,,,,,,,,,,,,同阶行为组件。提高普攻、重击伤害与攻速。,同阶行为组件。提高普攻、重击伤害与攻速。
modPZAECStanceBreakerT18,items,EndgameExpansion,,,,T18 Stance Breaker,,,,,,,,,,,,T18 破势配重,T18 破势配重
modPZAECStanceBreakerT18Desc,items,EndgameExpansion,,,,Tiered behavior component. Stance Breaker: 提高普攻、重击伤害与攻速。,,,,,,,,,,,,同阶行为组件。提高普攻、重击伤害与攻速。,同阶行为组件。提高普攻、重击伤害与攻速。
modPZAECStanceBreakerT19,items,EndgameExpansion,,,,T19 Stance Breaker,,,,,,,,,,,,T19 破势配重,T19 破势配重
modPZAECStanceBreakerT19Desc,items,EndgameExpansion,,,,Tiered behavior component. Stance Breaker: 提高普攻、重击伤害与攻速。,,,,,,,,,,,,同阶行为组件。提高普攻、重击伤害与攻速。,同阶行为组件。提高普攻、重击伤害与攻速。
modPZAECGatekeeperHookT16,items,EndgameExpansion,,,,T16 Gatekeeper Hook,,,,,,,,,,,,T16 守门钩爪,T16 守门钩爪
modPZAECGatekeeperHookT16Desc,items,EndgameExpansion,,,,Tiered behavior component. Gatekeeper Hook: 常驻提高伤害与眩晕抗性。,,,,,,,,,,,,同阶行为组件。常驻提高伤害与眩晕抗性。,同阶行为组件。常驻提高伤害与眩晕抗性。
modPZAECGatekeeperHookT17,items,EndgameExpansion,,,,T17 Gatekeeper Hook,,,,,,,,,,,,T17 守门钩爪,T17 守门钩爪
modPZAECGatekeeperHookT17Desc,items,EndgameExpansion,,,,Tiered behavior component. Gatekeeper Hook: 常驻提高伤害与眩晕抗性。,,,,,,,,,,,,同阶行为组件。常驻提高伤害与眩晕抗性。,同阶行为组件。常驻提高伤害与眩晕抗性。
modPZAECGatekeeperHookT18,items,EndgameExpansion,,,,T18 Gatekeeper Hook,,,,,,,,,,,,T18 守门钩爪,T18 守门钩爪
modPZAECGatekeeperHookT18Desc,items,EndgameExpansion,,,,Tiered behavior component. Gatekeeper Hook: 常驻提高伤害与眩晕抗性。,,,,,,,,,,,,同阶行为组件。常驻提高伤害与眩晕抗性。,同阶行为组件。常驻提高伤害与眩晕抗性。
modPZAECGatekeeperHookT19,items,EndgameExpansion,,,,T19 Gatekeeper Hook,,,,,,,,,,,,T19 守门钩爪,T19 守门钩爪
modPZAECGatekeeperHookT19Desc,items,EndgameExpansion,,,,Tiered behavior component. Gatekeeper Hook: 常驻提高伤害与眩晕抗性。,,,,,,,,,,,,同阶行为组件。常驻提高伤害与眩晕抗性。,同阶行为组件。常驻提高伤害与眩晕抗性。
modPZAECEmergencyLinerT16,items,EndgameExpansion,,,,T16 Emergency Liner,,,,,,,,,,,,T16 应急止血层,T16 应急止血层
modPZAECEmergencyLinerT16Desc,items,EndgameExpansion,,,,Tiered behavior component. Emergency Liner: 提高护甲、生命与流血抗性。,,,,,,,,,,,,同阶行为组件。提高护甲、生命与流血抗性。,同阶行为组件。提高护甲、生命与流血抗性。
modPZAECEmergencyLinerT17,items,EndgameExpansion,,,,T17 Emergency Liner,,,,,,,,,,,,T17 应急止血层,T17 应急止血层
modPZAECEmergencyLinerT17Desc,items,EndgameExpansion,,,,Tiered behavior component. Emergency Liner: 提高护甲、生命与流血抗性。,,,,,,,,,,,,同阶行为组件。提高护甲、生命与流血抗性。,同阶行为组件。提高护甲、生命与流血抗性。
modPZAECEmergencyLinerT18,items,EndgameExpansion,,,,T18 Emergency Liner,,,,,,,,,,,,T18 应急止血层,T18 应急止血层
modPZAECEmergencyLinerT18Desc,items,EndgameExpansion,,,,Tiered behavior component. Emergency Liner: 提高护甲、生命与流血抗性。,,,,,,,,,,,,同阶行为组件。提高护甲、生命与流血抗性。,同阶行为组件。提高护甲、生命与流血抗性。
modPZAECEmergencyLinerT19,items,EndgameExpansion,,,,T19 Emergency Liner,,,,,,,,,,,,T19 应急止血层,T19 应急止血层
modPZAECEmergencyLinerT19Desc,items,EndgameExpansion,,,,Tiered behavior component. Emergency Liner: 提高护甲、生命与流血抗性。,,,,,,,,,,,,同阶行为组件。提高护甲、生命与流血抗性。,同阶行为组件。提高护甲、生命与流血抗性。
modPZAECInsulatedTreadsT16,items,EndgameExpansion,,,,T16 Insulated Treads,,,,,,,,,,,,T16 绝缘步进器,T16 绝缘步进器
modPZAECInsulatedTreadsT16Desc,items,EndgameExpansion,,,,Tiered behavior component. Insulated Treads: 提高电击抗性、耐力恢复和指定不良地形抗性。,,,,,,,,,,,,同阶行为组件。提高电击抗性、耐力恢复和指定不良地形抗性。,同阶行为组件。提高电击抗性、耐力恢复和指定不良地形抗性。
modPZAECInsulatedTreadsT17,items,EndgameExpansion,,,,T17 Insulated Treads,,,,,,,,,,,,T17 绝缘步进器,T17 绝缘步进器
modPZAECInsulatedTreadsT17Desc,items,EndgameExpansion,,,,Tiered behavior component. Insulated Treads: 提高电击抗性、耐力恢复和指定不良地形抗性。,,,,,,,,,,,,同阶行为组件。提高电击抗性、耐力恢复和指定不良地形抗性。,同阶行为组件。提高电击抗性、耐力恢复和指定不良地形抗性。
modPZAECInsulatedTreadsT18,items,EndgameExpansion,,,,T18 Insulated Treads,,,,,,,,,,,,T18 绝缘步进器,T18 绝缘步进器
modPZAECInsulatedTreadsT18Desc,items,EndgameExpansion,,,,Tiered behavior component. Insulated Treads: 提高电击抗性、耐力恢复和指定不良地形抗性。,,,,,,,,,,,,同阶行为组件。提高电击抗性、耐力恢复和指定不良地形抗性。,同阶行为组件。提高电击抗性、耐力恢复和指定不良地形抗性。
modPZAECInsulatedTreadsT19,items,EndgameExpansion,,,,T19 Insulated Treads,,,,,,,,,,,,T19 绝缘步进器,T19 绝缘步进器
modPZAECInsulatedTreadsT19Desc,items,EndgameExpansion,,,,Tiered behavior component. Insulated Treads: 提高电击抗性、耐力恢复和指定不良地形抗性。,,,,,,,,,,,,同阶行为组件。提高电击抗性、耐力恢复和指定不良地形抗性。,同阶行为组件。提高电击抗性、耐力恢复和指定不良地形抗性。
buffPZAECQuickArmorGelName,buffs,EndgameExpansion,,,,Armor Gel Application,,,,,,,,,,,,装甲胶施工,装甲胶施工
buffPZAECQuickArmorGelDesc,buffs,EndgameExpansion,,,,Temporary endgame field effect.,,,,,,,,,,,,终局战场物品产生的临时效果。,终局战场物品产生的临时效果。
buffPZAECResonanceInjectorName,buffs,EndgameExpansion,,,,Resonance Injection,,,,,,,,,,,,共鸣注入,共鸣注入
buffPZAECResonanceInjectorDesc,buffs,EndgameExpansion,,,,Temporary endgame field effect.,,,,,,,,,,,,终局战场物品产生的临时效果。,终局战场物品产生的临时效果。
buffPZAECDecoyBeaconName,buffs,EndgameExpansion,,,,Decoy Pulse,,,,,,,,,,,,诱饵脉冲,诱饵脉冲
buffPZAECDecoyBeaconDesc,buffs,EndgameExpansion,,,,Temporary endgame field effect.,,,,,,,,,,,,终局战场物品产生的临时效果。,终局战场物品产生的临时效果。
buffPZAECEvacAnchorName,buffs,EndgameExpansion,,,,Evacuation Anchor Armed,,,,,,,,,,,,撤离锚已记录,撤离锚已记录
buffPZAECEvacAnchorDesc,buffs,EndgameExpansion,,,,Temporary endgame field effect.,,,,,,,,,,,,终局战场物品产生的临时效果。,终局战场物品产生的临时效果。
buffPZAECFaultlineImpactT16Name,buffs,EndgameExpansion,,,,T16 断层冲击,,,,,,,,,,,,T16 断层冲击,T16 断层冲击
buffPZAECFaultlineImpactT16Desc,buffs,EndgameExpansion,,,,Tier-scaled endgame combat state.,,,,,,,,,,,,随终局等级成长的战斗状态。,随终局等级成长的战斗状态。
buffPZAECBastionStaggerT16Name,buffs,EndgameExpansion,,,,T16 壁垒震慑,,,,,,,,,,,,T16 壁垒震慑,T16 壁垒震慑
buffPZAECBastionStaggerT16Desc,buffs,EndgameExpansion,,,,Tier-scaled endgame combat state.,,,,,,,,,,,,随终局等级成长的战斗状态。,随终局等级成长的战斗状态。
buffPZAECEchoMarkedT16Name,buffs,EndgameExpansion,,,,T16 回声标记,,,,,,,,,,,,T16 回声标记,T16 回声标记
buffPZAECEchoMarkedT16Desc,buffs,EndgameExpansion,,,,Tier-scaled endgame combat state.,,,,,,,,,,,,随终局等级成长的战斗状态。,随终局等级成长的战斗状态。
buffPZAECCounterSiegeT16Name,buffs,EndgameExpansion,,,,T16 反攻城压制,,,,,,,,,,,,T16 反攻城压制,T16 反攻城压制
buffPZAECCounterSiegeT16Desc,buffs,EndgameExpansion,,,,Tier-scaled endgame combat state.,,,,,,,,,,,,随终局等级成长的战斗状态。,随终局等级成长的战斗状态。
buffPZAECStormOverheatedT16Name,buffs,EndgameExpansion,,,,T16 雷池过热,,,,,,,,,,,,T16 雷池过热,T16 雷池过热
buffPZAECStormOverheatedT16Desc,buffs,EndgameExpansion,,,,Tier-scaled endgame combat state.,,,,,,,,,,,,随终局等级成长的战斗状态。,随终局等级成长的战斗状态。
buffPZAECPulseCapacitorT16Name,buffs,EndgameExpansion,,,,T16 脉冲电击,,,,,,,,,,,,T16 脉冲电击,T16 脉冲电击
buffPZAECPulseCapacitorT16Desc,buffs,EndgameExpansion,,,,Tier-scaled endgame combat state.,,,,,,,,,,,,随终局等级成长的战斗状态。,随终局等级成长的战斗状态。
buffPZAECShockNetT16Name,buffs,EndgameExpansion,,,,T16 震荡网束缚,,,,,,,,,,,,T16 震荡网束缚,T16 震荡网束缚
buffPZAECShockNetT16Desc,buffs,EndgameExpansion,,,,Tier-scaled endgame combat state.,,,,,,,,,,,,随终局等级成长的战斗状态。,随终局等级成长的战斗状态。
buffPZAECArmorBreakT16Name,buffs,EndgameExpansion,,,,T16 裂甲,,,,,,,,,,,,T16 裂甲,T16 裂甲
buffPZAECArmorBreakT16Desc,buffs,EndgameExpansion,,,,Tier-scaled endgame combat state.,,,,,,,,,,,,随终局等级成长的战斗状态。,随终局等级成长的战斗状态。
buffPZAECCounterJammerT16Name,buffs,EndgameExpansion,,,,T16 反制干扰,,,,,,,,,,,,T16 反制干扰,T16 反制干扰
buffPZAECCounterJammerT16Desc,buffs,EndgameExpansion,,,,Tier-scaled endgame combat state.,,,,,,,,,,,,随终局等级成长的战斗状态。,随终局等级成长的战斗状态。
buffPZAECFieldRepairT16Name,buffs,EndgameExpansion,,,,T16 战地维护,,,,,,,,,,,,T16 战地维护,T16 战地维护
buffPZAECFieldRepairT16Desc,buffs,EndgameExpansion,,,,Tier-scaled endgame combat state.,,,,,,,,,,,,随终局等级成长的战斗状态。,随终局等级成长的战斗状态。
buffPZAECFaultlineImpactT17Name,buffs,EndgameExpansion,,,,T17 断层冲击,,,,,,,,,,,,T17 断层冲击,T17 断层冲击
buffPZAECFaultlineImpactT17Desc,buffs,EndgameExpansion,,,,Tier-scaled endgame combat state.,,,,,,,,,,,,随终局等级成长的战斗状态。,随终局等级成长的战斗状态。
buffPZAECBastionStaggerT17Name,buffs,EndgameExpansion,,,,T17 壁垒震慑,,,,,,,,,,,,T17 壁垒震慑,T17 壁垒震慑
buffPZAECBastionStaggerT17Desc,buffs,EndgameExpansion,,,,Tier-scaled endgame combat state.,,,,,,,,,,,,随终局等级成长的战斗状态。,随终局等级成长的战斗状态。
buffPZAECEchoMarkedT17Name,buffs,EndgameExpansion,,,,T17 回声标记,,,,,,,,,,,,T17 回声标记,T17 回声标记
buffPZAECEchoMarkedT17Desc,buffs,EndgameExpansion,,,,Tier-scaled endgame combat state.,,,,,,,,,,,,随终局等级成长的战斗状态。,随终局等级成长的战斗状态。
buffPZAECCounterSiegeT17Name,buffs,EndgameExpansion,,,,T17 反攻城压制,,,,,,,,,,,,T17 反攻城压制,T17 反攻城压制
buffPZAECCounterSiegeT17Desc,buffs,EndgameExpansion,,,,Tier-scaled endgame combat state.,,,,,,,,,,,,随终局等级成长的战斗状态。,随终局等级成长的战斗状态。
buffPZAECStormOverheatedT17Name,buffs,EndgameExpansion,,,,T17 雷池过热,,,,,,,,,,,,T17 雷池过热,T17 雷池过热
buffPZAECStormOverheatedT17Desc,buffs,EndgameExpansion,,,,Tier-scaled endgame combat state.,,,,,,,,,,,,随终局等级成长的战斗状态。,随终局等级成长的战斗状态。
buffPZAECPulseCapacitorT17Name,buffs,EndgameExpansion,,,,T17 脉冲电击,,,,,,,,,,,,T17 脉冲电击,T17 脉冲电击
buffPZAECPulseCapacitorT17Desc,buffs,EndgameExpansion,,,,Tier-scaled endgame combat state.,,,,,,,,,,,,随终局等级成长的战斗状态。,随终局等级成长的战斗状态。
buffPZAECShockNetT17Name,buffs,EndgameExpansion,,,,T17 震荡网束缚,,,,,,,,,,,,T17 震荡网束缚,T17 震荡网束缚
buffPZAECShockNetT17Desc,buffs,EndgameExpansion,,,,Tier-scaled endgame combat state.,,,,,,,,,,,,随终局等级成长的战斗状态。,随终局等级成长的战斗状态。
buffPZAECArmorBreakT17Name,buffs,EndgameExpansion,,,,T17 裂甲,,,,,,,,,,,,T17 裂甲,T17 裂甲
buffPZAECArmorBreakT17Desc,buffs,EndgameExpansion,,,,Tier-scaled endgame combat state.,,,,,,,,,,,,随终局等级成长的战斗状态。,随终局等级成长的战斗状态。
buffPZAECCounterJammerT17Name,buffs,EndgameExpansion,,,,T17 反制干扰,,,,,,,,,,,,T17 反制干扰,T17 反制干扰
buffPZAECCounterJammerT17Desc,buffs,EndgameExpansion,,,,Tier-scaled endgame combat state.,,,,,,,,,,,,随终局等级成长的战斗状态。,随终局等级成长的战斗状态。
buffPZAECFieldRepairT17Name,buffs,EndgameExpansion,,,,T17 战地维护,,,,,,,,,,,,T17 战地维护,T17 战地维护
buffPZAECFieldRepairT17Desc,buffs,EndgameExpansion,,,,Tier-scaled endgame combat state.,,,,,,,,,,,,随终局等级成长的战斗状态。,随终局等级成长的战斗状态。
buffPZAECFaultlineImpactT18Name,buffs,EndgameExpansion,,,,T18 断层冲击,,,,,,,,,,,,T18 断层冲击,T18 断层冲击
buffPZAECFaultlineImpactT18Desc,buffs,EndgameExpansion,,,,Tier-scaled endgame combat state.,,,,,,,,,,,,随终局等级成长的战斗状态。,随终局等级成长的战斗状态。
buffPZAECBastionStaggerT18Name,buffs,EndgameExpansion,,,,T18 壁垒震慑,,,,,,,,,,,,T18 壁垒震慑,T18 壁垒震慑
buffPZAECBastionStaggerT18Desc,buffs,EndgameExpansion,,,,Tier-scaled endgame combat state.,,,,,,,,,,,,随终局等级成长的战斗状态。,随终局等级成长的战斗状态。
buffPZAECEchoMarkedT18Name,buffs,EndgameExpansion,,,,T18 回声标记,,,,,,,,,,,,T18 回声标记,T18 回声标记
buffPZAECEchoMarkedT18Desc,buffs,EndgameExpansion,,,,Tier-scaled endgame combat state.,,,,,,,,,,,,随终局等级成长的战斗状态。,随终局等级成长的战斗状态。
buffPZAECCounterSiegeT18Name,buffs,EndgameExpansion,,,,T18 反攻城压制,,,,,,,,,,,,T18 反攻城压制,T18 反攻城压制
buffPZAECCounterSiegeT18Desc,buffs,EndgameExpansion,,,,Tier-scaled endgame combat state.,,,,,,,,,,,,随终局等级成长的战斗状态。,随终局等级成长的战斗状态。
buffPZAECStormOverheatedT18Name,buffs,EndgameExpansion,,,,T18 雷池过热,,,,,,,,,,,,T18 雷池过热,T18 雷池过热
buffPZAECStormOverheatedT18Desc,buffs,EndgameExpansion,,,,Tier-scaled endgame combat state.,,,,,,,,,,,,随终局等级成长的战斗状态。,随终局等级成长的战斗状态。
buffPZAECPulseCapacitorT18Name,buffs,EndgameExpansion,,,,T18 脉冲电击,,,,,,,,,,,,T18 脉冲电击,T18 脉冲电击
buffPZAECPulseCapacitorT18Desc,buffs,EndgameExpansion,,,,Tier-scaled endgame combat state.,,,,,,,,,,,,随终局等级成长的战斗状态。,随终局等级成长的战斗状态。
buffPZAECShockNetT18Name,buffs,EndgameExpansion,,,,T18 震荡网束缚,,,,,,,,,,,,T18 震荡网束缚,T18 震荡网束缚
buffPZAECShockNetT18Desc,buffs,EndgameExpansion,,,,Tier-scaled endgame combat state.,,,,,,,,,,,,随终局等级成长的战斗状态。,随终局等级成长的战斗状态。
buffPZAECArmorBreakT18Name,buffs,EndgameExpansion,,,,T18 裂甲,,,,,,,,,,,,T18 裂甲,T18 裂甲
buffPZAECArmorBreakT18Desc,buffs,EndgameExpansion,,,,Tier-scaled endgame combat state.,,,,,,,,,,,,随终局等级成长的战斗状态。,随终局等级成长的战斗状态。
buffPZAECCounterJammerT18Name,buffs,EndgameExpansion,,,,T18 反制干扰,,,,,,,,,,,,T18 反制干扰,T18 反制干扰
buffPZAECCounterJammerT18Desc,buffs,EndgameExpansion,,,,Tier-scaled endgame combat state.,,,,,,,,,,,,随终局等级成长的战斗状态。,随终局等级成长的战斗状态。
buffPZAECFieldRepairT18Name,buffs,EndgameExpansion,,,,T18 战地维护,,,,,,,,,,,,T18 战地维护,T18 战地维护
buffPZAECFieldRepairT18Desc,buffs,EndgameExpansion,,,,Tier-scaled endgame combat state.,,,,,,,,,,,,随终局等级成长的战斗状态。,随终局等级成长的战斗状态。
buffPZAECFaultlineImpactT19Name,buffs,EndgameExpansion,,,,T19 断层冲击,,,,,,,,,,,,T19 断层冲击,T19 断层冲击
buffPZAECFaultlineImpactT19Desc,buffs,EndgameExpansion,,,,Tier-scaled endgame combat state.,,,,,,,,,,,,随终局等级成长的战斗状态。,随终局等级成长的战斗状态。
buffPZAECBastionStaggerT19Name,buffs,EndgameExpansion,,,,T19 壁垒震慑,,,,,,,,,,,,T19 壁垒震慑,T19 壁垒震慑
buffPZAECBastionStaggerT19Desc,buffs,EndgameExpansion,,,,Tier-scaled endgame combat state.,,,,,,,,,,,,随终局等级成长的战斗状态。,随终局等级成长的战斗状态。
buffPZAECEchoMarkedT19Name,buffs,EndgameExpansion,,,,T19 回声标记,,,,,,,,,,,,T19 回声标记,T19 回声标记
buffPZAECEchoMarkedT19Desc,buffs,EndgameExpansion,,,,Tier-scaled endgame combat state.,,,,,,,,,,,,随终局等级成长的战斗状态。,随终局等级成长的战斗状态。
buffPZAECCounterSiegeT19Name,buffs,EndgameExpansion,,,,T19 反攻城压制,,,,,,,,,,,,T19 反攻城压制,T19 反攻城压制
buffPZAECCounterSiegeT19Desc,buffs,EndgameExpansion,,,,Tier-scaled endgame combat state.,,,,,,,,,,,,随终局等级成长的战斗状态。,随终局等级成长的战斗状态。
buffPZAECStormOverheatedT19Name,buffs,EndgameExpansion,,,,T19 雷池过热,,,,,,,,,,,,T19 雷池过热,T19 雷池过热
buffPZAECStormOverheatedT19Desc,buffs,EndgameExpansion,,,,Tier-scaled endgame combat state.,,,,,,,,,,,,随终局等级成长的战斗状态。,随终局等级成长的战斗状态。
buffPZAECPulseCapacitorT19Name,buffs,EndgameExpansion,,,,T19 脉冲电击,,,,,,,,,,,,T19 脉冲电击,T19 脉冲电击
buffPZAECPulseCapacitorT19Desc,buffs,EndgameExpansion,,,,Tier-scaled endgame combat state.,,,,,,,,,,,,随终局等级成长的战斗状态。,随终局等级成长的战斗状态。
buffPZAECShockNetT19Name,buffs,EndgameExpansion,,,,T19 震荡网束缚,,,,,,,,,,,,T19 震荡网束缚,T19 震荡网束缚
buffPZAECShockNetT19Desc,buffs,EndgameExpansion,,,,Tier-scaled endgame combat state.,,,,,,,,,,,,随终局等级成长的战斗状态。,随终局等级成长的战斗状态。
buffPZAECArmorBreakT19Name,buffs,EndgameExpansion,,,,T19 裂甲,,,,,,,,,,,,T19 裂甲,T19 裂甲
buffPZAECArmorBreakT19Desc,buffs,EndgameExpansion,,,,Tier-scaled endgame combat state.,,,,,,,,,,,,随终局等级成长的战斗状态。,随终局等级成长的战斗状态。
buffPZAECCounterJammerT19Name,buffs,EndgameExpansion,,,,T19 反制干扰,,,,,,,,,,,,T19 反制干扰,T19 反制干扰
buffPZAECCounterJammerT19Desc,buffs,EndgameExpansion,,,,Tier-scaled endgame combat state.,,,,,,,,,,,,随终局等级成长的战斗状态。,随终局等级成长的战斗状态。
buffPZAECFieldRepairT19Name,buffs,EndgameExpansion,,,,T19 战地维护,,,,,,,,,,,,T19 战地维护,T19 战地维护
buffPZAECFieldRepairT19Desc,buffs,EndgameExpansion,,,,Tier-scaled endgame combat state.,,,,,,,,,,,,随终局等级成长的战斗状态。,随终局等级成长的战斗状态。
buffPZAECHarrierStableCalibrationT19Name,buffs,EndgameExpansion,,,,Harrier Stable Calibration,,,,,,,,,,,,Harrier·稳定校准,Harrier·稳定校准
buffPZAECHarrierStableCalibrationT19Desc,buffs,EndgameExpansion,,,,T19 device calibration is active for this resonance window.,,,,,,,,,,,,T19 装置校准在本次共鸣窗口内生效。,T19 装置校准在本次共鸣窗口内生效。
buffPZAECHarrierOverloadCalibrationT19Name,buffs,EndgameExpansion,,,,Harrier Overload Calibration,,,,,,,,,,,,Harrier·过载校准,Harrier·过载校准
buffPZAECHarrierOverloadCalibrationT19Desc,buffs,EndgameExpansion,,,,T19 device calibration is active for this resonance window.,,,,,,,,,,,,T19 装置校准在本次共鸣窗口内生效。,T19 装置校准在本次共鸣窗口内生效。
buffPZAECStormStableCalibrationT19Name,buffs,EndgameExpansion,,,,Storm Stable Calibration,,,,,,,,,,,,Storm·稳定校准,Storm·稳定校准
buffPZAECStormStableCalibrationT19Desc,buffs,EndgameExpansion,,,,T19 device calibration is active for this resonance window.,,,,,,,,,,,,T19 装置校准在本次共鸣窗口内生效。,T19 装置校准在本次共鸣窗口内生效。
buffPZAECStormOverloadCalibrationT19Name,buffs,EndgameExpansion,,,,Storm Overload Calibration,,,,,,,,,,,,Storm·过载校准,Storm·过载校准
buffPZAECStormOverloadCalibrationT19Desc,buffs,EndgameExpansion,,,,T19 device calibration is active for this resonance window.,,,,,,,,,,,,T19 装置校准在本次共鸣窗口内生效。,T19 装置校准在本次共鸣窗口内生效。
buffPZAECTremorStableCalibrationT19Name,buffs,EndgameExpansion,,,,Tremor Stable Calibration,,,,,,,,,,,,Tremor·稳定校准,Tremor·稳定校准
buffPZAECTremorStableCalibrationT19Desc,buffs,EndgameExpansion,,,,T19 device calibration is active for this resonance window.,,,,,,,,,,,,T19 装置校准在本次共鸣窗口内生效。,T19 装置校准在本次共鸣窗口内生效。
buffPZAECTremorOverloadCalibrationT19Name,buffs,EndgameExpansion,,,,Tremor Overload Calibration,,,,,,,,,,,,Tremor·过载校准,Tremor·过载校准
buffPZAECTremorOverloadCalibrationT19Desc,buffs,EndgameExpansion,,,,T19 device calibration is active for this resonance window.,,,,,,,,,,,,T19 装置校准在本次共鸣窗口内生效。,T19 装置校准在本次共鸣窗口内生效。
buffPZAECWardenStableCalibrationT19Name,buffs,EndgameExpansion,,,,Warden Stable Calibration,,,,,,,,,,,,Warden·稳定校准,Warden·稳定校准
buffPZAECWardenStableCalibrationT19Desc,buffs,EndgameExpansion,,,,T19 device calibration is active for this resonance window.,,,,,,,,,,,,T19 装置校准在本次共鸣窗口内生效。,T19 装置校准在本次共鸣窗口内生效。
buffPZAECWardenOverloadCalibrationT19Name,buffs,EndgameExpansion,,,,Warden Overload Calibration,,,,,,,,,,,,Warden·过载校准,Warden·过载校准
buffPZAECWardenOverloadCalibrationT19Desc,buffs,EndgameExpansion,,,,T19 device calibration is active for this resonance window.,,,,,,,,,,,,T19 装置校准在本次共鸣窗口内生效。,T19 装置校准在本次共鸣窗口内生效。
PZAECSkyguardArrayT16,blocks,EndgameExpansion,,,,T16 Skyguard Interceptor Array,,,,,,,,,,,,T16 天穹截击阵列,T16 天穹截击阵列
PZAECSkyguardArrayT16Desc,blocks,EndgameExpansion,,,,"Powered endgame defense device with bounded range, upkeep and downtime.",,,,,,,,,,,,有范围、消耗和停机限制的供电终局防御设备。,有范围、消耗和停机限制的供电终局防御设备。
PZAECSkyguardArrayT17,blocks,EndgameExpansion,,,,T17 Skyguard Interceptor Array,,,,,,,,,,,,T17 天穹截击阵列,T17 天穹截击阵列
PZAECSkyguardArrayT17Desc,blocks,EndgameExpansion,,,,"Powered endgame defense device with bounded range, upkeep and downtime.",,,,,,,,,,,,有范围、消耗和停机限制的供电终局防御设备。,有范围、消耗和停机限制的供电终局防御设备。
PZAECSkyguardArrayT18,blocks,EndgameExpansion,,,,T18 Skyguard Interceptor Array,,,,,,,,,,,,T18 天穹截击阵列,T18 天穹截击阵列
PZAECSkyguardArrayT18Desc,blocks,EndgameExpansion,,,,"Powered endgame defense device with bounded range, upkeep and downtime.",,,,,,,,,,,,有范围、消耗和停机限制的供电终局防御设备。,有范围、消耗和停机限制的供电终局防御设备。
PZAECSkyguardArrayT19,blocks,EndgameExpansion,,,,T19 Skyguard Interceptor Array,,,,,,,,,,,,T19 天穹截击阵列,T19 天穹截击阵列
PZAECSkyguardArrayT19Desc,blocks,EndgameExpansion,,,,"Powered endgame defense device with bounded range, upkeep and downtime.",,,,,,,,,,,,有范围、消耗和停机限制的供电终局防御设备。,有范围、消耗和停机限制的供电终局防御设备。
PZAECHiveRepairStationT16,blocks,EndgameExpansion,,,,T16 Hive Repair Station,,,,,,,,,,,,T16 蜂巢维修站,T16 蜂巢维修站
PZAECHiveRepairStationT16Desc,blocks,EndgameExpansion,,,,"Powered endgame defense device with bounded range, upkeep and downtime.",,,,,,,,,,,,有范围、消耗和停机限制的供电终局防御设备。,有范围、消耗和停机限制的供电终局防御设备。
PZAECHiveRepairStationT17,blocks,EndgameExpansion,,,,T17 Hive Repair Station,,,,,,,,,,,,T17 蜂巢维修站,T17 蜂巢维修站
PZAECHiveRepairStationT17Desc,blocks,EndgameExpansion,,,,"Powered endgame defense device with bounded range, upkeep and downtime.",,,,,,,,,,,,有范围、消耗和停机限制的供电终局防御设备。,有范围、消耗和停机限制的供电终局防御设备。
PZAECHiveRepairStationT18,blocks,EndgameExpansion,,,,T18 Hive Repair Station,,,,,,,,,,,,T18 蜂巢维修站,T18 蜂巢维修站
PZAECHiveRepairStationT18Desc,blocks,EndgameExpansion,,,,"Powered endgame defense device with bounded range, upkeep and downtime.",,,,,,,,,,,,有范围、消耗和停机限制的供电终局防御设备。,有范围、消耗和停机限制的供电终局防御设备。
PZAECHiveRepairStationT19,blocks,EndgameExpansion,,,,T19 Hive Repair Station,,,,,,,,,,,,T19 蜂巢维修站,T19 蜂巢维修站
PZAECHiveRepairStationT19Desc,blocks,EndgameExpansion,,,,"Powered endgame defense device with bounded range, upkeep and downtime.",,,,,,,,,,,,有范围、消耗和停机限制的供电终局防御设备。,有范围、消耗和停机限制的供电终局防御设备。
PZAECHoundDecoyTowerT16,blocks,EndgameExpansion,,,,T16 Hound Decoy Tower,,,,,,,,,,,,T16 猎犬诱导塔,T16 猎犬诱导塔
PZAECHoundDecoyTowerT16Desc,blocks,EndgameExpansion,,,,"Powered endgame defense device with bounded range, upkeep and downtime.",,,,,,,,,,,,有范围、消耗和停机限制的供电终局防御设备。,有范围、消耗和停机限制的供电终局防御设备。
PZAECHoundDecoyTowerT17,blocks,EndgameExpansion,,,,T17 Hound Decoy Tower,,,,,,,,,,,,T17 猎犬诱导塔,T17 猎犬诱导塔
PZAECHoundDecoyTowerT17Desc,blocks,EndgameExpansion,,,,"Powered endgame defense device with bounded range, upkeep and downtime.",,,,,,,,,,,,有范围、消耗和停机限制的供电终局防御设备。,有范围、消耗和停机限制的供电终局防御设备。
PZAECHoundDecoyTowerT18,blocks,EndgameExpansion,,,,T18 Hound Decoy Tower,,,,,,,,,,,,T18 猎犬诱导塔,T18 猎犬诱导塔
PZAECHoundDecoyTowerT18Desc,blocks,EndgameExpansion,,,,"Powered endgame defense device with bounded range, upkeep and downtime.",,,,,,,,,,,,有范围、消耗和停机限制的供电终局防御设备。,有范围、消耗和停机限制的供电终局防御设备。
PZAECHoundDecoyTowerT19,blocks,EndgameExpansion,,,,T19 Hound Decoy Tower,,,,,,,,,,,,T19 猎犬诱导塔,T19 猎犬诱导塔
PZAECHoundDecoyTowerT19Desc,blocks,EndgameExpansion,,,,"Powered endgame defense device with bounded range, upkeep and downtime.",,,,,,,,,,,,有范围、消耗和停机限制的供电终局防御设备。,有范围、消耗和停机限制的供电终局防御设备。
PZAECShockNetNodeT16,blocks,EndgameExpansion,,,,T16 Shock Net Node,,,,,,,,,,,,T16 震荡网节点,T16 震荡网节点
PZAECShockNetNodeT16Desc,blocks,EndgameExpansion,,,,"Powered endgame defense device with bounded range, upkeep and downtime.",,,,,,,,,,,,有范围、消耗和停机限制的供电终局防御设备。,有范围、消耗和停机限制的供电终局防御设备。
PZAECShockNetNodeT17,blocks,EndgameExpansion,,,,T17 Shock Net Node,,,,,,,,,,,,T17 震荡网节点,T17 震荡网节点
PZAECShockNetNodeT17Desc,blocks,EndgameExpansion,,,,"Powered endgame defense device with bounded range, upkeep and downtime.",,,,,,,,,,,,有范围、消耗和停机限制的供电终局防御设备。,有范围、消耗和停机限制的供电终局防御设备。
PZAECShockNetNodeT18,blocks,EndgameExpansion,,,,T18 Shock Net Node,,,,,,,,,,,,T18 震荡网节点,T18 震荡网节点
PZAECShockNetNodeT18Desc,blocks,EndgameExpansion,,,,"Powered endgame defense device with bounded range, upkeep and downtime.",,,,,,,,,,,,有范围、消耗和停机限制的供电终局防御设备。,有范围、消耗和停机限制的供电终局防御设备。
PZAECShockNetNodeT19,blocks,EndgameExpansion,,,,T19 Shock Net Node,,,,,,,,,,,,T19 震荡网节点,T19 震荡网节点
PZAECShockNetNodeT19Desc,blocks,EndgameExpansion,,,,"Powered endgame defense device with bounded range, upkeep and downtime.",,,,,,,,,,,,有范围、消耗和停机限制的供电终局防御设备。,有范围、消耗和停机限制的供电终局防御设备。
PZAECArmorBreakTurretT16,blocks,EndgameExpansion,,,,T16 Armor-Break Sentry,,,,,,,,,,,,T16 裂甲哨戒炮,T16 裂甲哨戒炮
PZAECArmorBreakTurretT16Desc,blocks,EndgameExpansion,,,,"Powered endgame defense device with bounded range, upkeep and downtime.",,,,,,,,,,,,有范围、消耗和停机限制的供电终局防御设备。,有范围、消耗和停机限制的供电终局防御设备。
PZAECArmorBreakTurretT17,blocks,EndgameExpansion,,,,T17 Armor-Break Sentry,,,,,,,,,,,,T17 裂甲哨戒炮,T17 裂甲哨戒炮
PZAECArmorBreakTurretT17Desc,blocks,EndgameExpansion,,,,"Powered endgame defense device with bounded range, upkeep and downtime.",,,,,,,,,,,,有范围、消耗和停机限制的供电终局防御设备。,有范围、消耗和停机限制的供电终局防御设备。
PZAECArmorBreakTurretT18,blocks,EndgameExpansion,,,,T18 Armor-Break Sentry,,,,,,,,,,,,T18 裂甲哨戒炮,T18 裂甲哨戒炮
PZAECArmorBreakTurretT18Desc,blocks,EndgameExpansion,,,,"Powered endgame defense device with bounded range, upkeep and downtime.",,,,,,,,,,,,有范围、消耗和停机限制的供电终局防御设备。,有范围、消耗和停机限制的供电终局防御设备。
PZAECArmorBreakTurretT19,blocks,EndgameExpansion,,,,T19 Armor-Break Sentry,,,,,,,,,,,,T19 裂甲哨戒炮,T19 裂甲哨戒炮
PZAECArmorBreakTurretT19Desc,blocks,EndgameExpansion,,,,"Powered endgame defense device with bounded range, upkeep and downtime.",,,,,,,,,,,,有范围、消耗和停机限制的供电终局防御设备。,有范围、消耗和停机限制的供电终局防御设备。
PZAECResonanceForge,blocks,EndgameExpansion,,,,Resonance Forge,,,,,,,,,,,,共鸣锻造台,共鸣锻造台
PZAECResonanceForgeDesc,blocks,EndgameExpansion,,,,Endgame workbench for the T16-T19 arsenal and fortress network.,,,,,,,,,,,,用于 T16–T19 军械、组件与要塞设备的终局工作台。,用于 T16–T19 军械、组件与要塞设备的终局工作台。
PZAECTacticalRelay,blocks,EndgameExpansion,,,,Tactical Command Relay,,,,,,,,,,,,战术指挥中继,战术指挥中继
PZAECTacticalRelayDesc,blocks,EndgameExpansion,,,,Armored power relay and visible priority target for siege squads.,,,,,,,,,,,,装甲供电中继，也是工程小队能够识别并攻击的高价值目标。,装甲供电中继，也是工程小队能够识别并攻击的高价值目标。
PZAECReactiveWallT16,blocks,EndgameExpansion,,,,T16 Reactive Armor Wall,,,,,,,,,,,,T16 反应装甲墙,T16 反应装甲墙
PZAECReactiveWallT16Desc,blocks,EndgameExpansion,,,,Repairable fortress block designed for active Blood Moon defense.,,,,,,,,,,,,为主动血夜防守设计的可维修要塞建筑。,为主动血夜防守设计的可维修要塞建筑。
PZAECReactiveWallT17,blocks,EndgameExpansion,,,,T17 Reactive Armor Wall,,,,,,,,,,,,T17 反应装甲墙,T17 反应装甲墙
PZAECReactiveWallT17Desc,blocks,EndgameExpansion,,,,Repairable fortress block designed for active Blood Moon defense.,,,,,,,,,,,,为主动血夜防守设计的可维修要塞建筑。,为主动血夜防守设计的可维修要塞建筑。
PZAECReactiveWallT18,blocks,EndgameExpansion,,,,T18 Reactive Armor Wall,,,,,,,,,,,,T18 反应装甲墙,T18 反应装甲墙
PZAECReactiveWallT18Desc,blocks,EndgameExpansion,,,,Repairable fortress block designed for active Blood Moon defense.,,,,,,,,,,,,为主动血夜防守设计的可维修要塞建筑。,为主动血夜防守设计的可维修要塞建筑。
PZAECReactiveWallT19,blocks,EndgameExpansion,,,,T19 Reactive Armor Wall,,,,,,,,,,,,T19 反应装甲墙,T19 反应装甲墙
PZAECReactiveWallT19Desc,blocks,EndgameExpansion,,,,Repairable fortress block designed for active Blood Moon defense.,,,,,,,,,,,,为主动血夜防守设计的可维修要塞建筑。,为主动血夜防守设计的可维修要塞建筑。
PZAECAblativeWallT16,blocks,EndgameExpansion,,,,T16 Replaceable Ablative Wall,,,,,,,,,,,,T16 可替换缓冲墙,T16 可替换缓冲墙
PZAECAblativeWallT16Desc,blocks,EndgameExpansion,,,,Repairable fortress block designed for active Blood Moon defense.,,,,,,,,,,,,为主动血夜防守设计的可维修要塞建筑。,为主动血夜防守设计的可维修要塞建筑。
PZAECAblativeWallT17,blocks,EndgameExpansion,,,,T17 Replaceable Ablative Wall,,,,,,,,,,,,T17 可替换缓冲墙,T17 可替换缓冲墙
PZAECAblativeWallT17Desc,blocks,EndgameExpansion,,,,Repairable fortress block designed for active Blood Moon defense.,,,,,,,,,,,,为主动血夜防守设计的可维修要塞建筑。,为主动血夜防守设计的可维修要塞建筑。
PZAECAblativeWallT18,blocks,EndgameExpansion,,,,T18 Replaceable Ablative Wall,,,,,,,,,,,,T18 可替换缓冲墙,T18 可替换缓冲墙
PZAECAblativeWallT18Desc,blocks,EndgameExpansion,,,,Repairable fortress block designed for active Blood Moon defense.,,,,,,,,,,,,为主动血夜防守设计的可维修要塞建筑。,为主动血夜防守设计的可维修要塞建筑。
PZAECAblativeWallT19,blocks,EndgameExpansion,,,,T19 Replaceable Ablative Wall,,,,,,,,,,,,T19 可替换缓冲墙,T19 可替换缓冲墙
PZAECAblativeWallT19Desc,blocks,EndgameExpansion,,,,Repairable fortress block designed for active Blood Moon defense.,,,,,,,,,,,,为主动血夜防守设计的可维修要塞建筑。,为主动血夜防守设计的可维修要塞建筑。
PZAECEmbrasureT16,blocks,EndgameExpansion,,,,T16 Armored Embrasure,,,,,,,,,,,,T16 装甲射击孔,T16 装甲射击孔
PZAECEmbrasureT16Desc,blocks,EndgameExpansion,,,,Repairable fortress block designed for active Blood Moon defense.,,,,,,,,,,,,为主动血夜防守设计的可维修要塞建筑。,为主动血夜防守设计的可维修要塞建筑。
PZAECEmbrasureT17,blocks,EndgameExpansion,,,,T17 Armored Embrasure,,,,,,,,,,,,T17 装甲射击孔,T17 装甲射击孔
PZAECEmbrasureT17Desc,blocks,EndgameExpansion,,,,Repairable fortress block designed for active Blood Moon defense.,,,,,,,,,,,,为主动血夜防守设计的可维修要塞建筑。,为主动血夜防守设计的可维修要塞建筑。
PZAECEmbrasureT18,blocks,EndgameExpansion,,,,T18 Armored Embrasure,,,,,,,,,,,,T18 装甲射击孔,T18 装甲射击孔
PZAECEmbrasureT18Desc,blocks,EndgameExpansion,,,,Repairable fortress block designed for active Blood Moon defense.,,,,,,,,,,,,为主动血夜防守设计的可维修要塞建筑。,为主动血夜防守设计的可维修要塞建筑。
PZAECEmbrasureT19,blocks,EndgameExpansion,,,,T19 Armored Embrasure,,,,,,,,,,,,T19 装甲射击孔,T19 装甲射击孔
PZAECEmbrasureT19Desc,blocks,EndgameExpansion,,,,Repairable fortress block designed for active Blood Moon defense.,,,,,,,,,,,,为主动血夜防守设计的可维修要塞建筑。,为主动血夜防守设计的可维修要塞建筑。
PZAECBlastGateT16,blocks,EndgameExpansion,,,,T16 Sectional Blast Gate,,,,,,,,,,,,T16 分区防爆门,T16 分区防爆门
PZAECBlastGateT16Desc,blocks,EndgameExpansion,,,,Repairable fortress block designed for active Blood Moon defense.,,,,,,,,,,,,为主动血夜防守设计的可维修要塞建筑。,为主动血夜防守设计的可维修要塞建筑。
PZAECBlastGateT17,blocks,EndgameExpansion,,,,T17 Sectional Blast Gate,,,,,,,,,,,,T17 分区防爆门,T17 分区防爆门
PZAECBlastGateT17Desc,blocks,EndgameExpansion,,,,Repairable fortress block designed for active Blood Moon defense.,,,,,,,,,,,,为主动血夜防守设计的可维修要塞建筑。,为主动血夜防守设计的可维修要塞建筑。
PZAECBlastGateT18,blocks,EndgameExpansion,,,,T18 Sectional Blast Gate,,,,,,,,,,,,T18 分区防爆门,T18 分区防爆门
PZAECBlastGateT18Desc,blocks,EndgameExpansion,,,,Repairable fortress block designed for active Blood Moon defense.,,,,,,,,,,,,为主动血夜防守设计的可维修要塞建筑。,为主动血夜防守设计的可维修要塞建筑。
PZAECBlastGateT19,blocks,EndgameExpansion,,,,T19 Sectional Blast Gate,,,,,,,,,,,,T19 分区防爆门,T19 分区防爆门
PZAECBlastGateT19Desc,blocks,EndgameExpansion,,,,Repairable fortress block designed for active Blood Moon defense.,,,,,,,,,,,,为主动血夜防守设计的可维修要塞建筑。,为主动血夜防守设计的可维修要塞建筑。
PZAECArmoredConduitT16,blocks,EndgameExpansion,,,,T16 Armored Conduit,,,,,,,,,,,,T16 装甲电缆槽,T16 装甲电缆槽
PZAECArmoredConduitT16Desc,blocks,EndgameExpansion,,,,Repairable fortress block designed for active Blood Moon defense.,,,,,,,,,,,,为主动血夜防守设计的可维修要塞建筑。,为主动血夜防守设计的可维修要塞建筑。
PZAECArmoredConduitT17,blocks,EndgameExpansion,,,,T17 Armored Conduit,,,,,,,,,,,,T17 装甲电缆槽,T17 装甲电缆槽
PZAECArmoredConduitT17Desc,blocks,EndgameExpansion,,,,Repairable fortress block designed for active Blood Moon defense.,,,,,,,,,,,,为主动血夜防守设计的可维修要塞建筑。,为主动血夜防守设计的可维修要塞建筑。
PZAECArmoredConduitT18,blocks,EndgameExpansion,,,,T18 Armored Conduit,,,,,,,,,,,,T18 装甲电缆槽,T18 装甲电缆槽
PZAECArmoredConduitT18Desc,blocks,EndgameExpansion,,,,Repairable fortress block designed for active Blood Moon defense.,,,,,,,,,,,,为主动血夜防守设计的可维修要塞建筑。,为主动血夜防守设计的可维修要塞建筑。
PZAECArmoredConduitT19,blocks,EndgameExpansion,,,,T19 Armored Conduit,,,,,,,,,,,,T19 装甲电缆槽,T19 装甲电缆槽
PZAECArmoredConduitT19Desc,blocks,EndgameExpansion,,,,Repairable fortress block designed for active Blood Moon defense.,,,,,,,,,,,,为主动血夜防守设计的可维修要塞建筑。,为主动血夜防守设计的可维修要塞建筑。
PZAECSiegeDisruptorT16,entityclasses,EndgameExpansion,,,,T16 Siege Disruptor,,,,,,,,,,,,T16 攻城干扰者,T16 攻城干扰者
PZAECSiegeSpotterT16,entityclasses,EndgameExpansion,,,,T16 Siege Spotter,,,,,,,,,,,,T16 攻城校射官,T16 攻城校射官
PZAECSiegeLinesmanT16,entityclasses,EndgameExpansion,,,,T16 Siege Linesman,,,,,,,,,,,,T16 攻城切线者,T16 攻城切线者
PZAECSiegeDisruptorT17,entityclasses,EndgameExpansion,,,,T17 Siege Disruptor,,,,,,,,,,,,T17 攻城干扰者,T17 攻城干扰者
PZAECSiegeSpotterT17,entityclasses,EndgameExpansion,,,,T17 Siege Spotter,,,,,,,,,,,,T17 攻城校射官,T17 攻城校射官
PZAECSiegeLinesmanT17,entityclasses,EndgameExpansion,,,,T17 Siege Linesman,,,,,,,,,,,,T17 攻城切线者,T17 攻城切线者
PZAECSiegeDisruptorT18,entityclasses,EndgameExpansion,,,,T18 Siege Disruptor,,,,,,,,,,,,T18 攻城干扰者,T18 攻城干扰者
PZAECSiegeSpotterT18,entityclasses,EndgameExpansion,,,,T18 Siege Spotter,,,,,,,,,,,,T18 攻城校射官,T18 攻城校射官
PZAECSiegeLinesmanT18,entityclasses,EndgameExpansion,,,,T18 Siege Linesman,,,,,,,,,,,,T18 攻城切线者,T18 攻城切线者
PZAECSiegeDisruptorT19,entityclasses,EndgameExpansion,,,,T19 Siege Disruptor,,,,,,,,,,,,T19 攻城干扰者,T19 攻城干扰者
PZAECSiegeSpotterT19,entityclasses,EndgameExpansion,,,,T19 Siege Spotter,,,,,,,,,,,,T19 攻城校射官,T19 攻城校射官
PZAECSiegeLinesmanT19,entityclasses,EndgameExpansion,,,,T19 Siege Linesman,,,,,,,,,,,,T19 攻城切线者,T19 攻城切线者
