model,speed,dt,time,stride,support,pelvisY,lean,leftArm,rightArm,footError
初号机（完全体）,1.2,0.02,0,0,0,1.661509,0,-0.2965393,12.36129,7.450596E-06
初号机（完全体）,1.2,0.02,0.02,0,0,1.661509,0.09317023,-1.270508,12.40346,7.450596E-06
初号机（完全体）,1.2,0.02,0.04,0,0,1.661509,0.1919549,-2.981567,12.44816,1.13845E-05
初号机（完全体）,1.2,0.02,0.06,0,0,1.661509,0.2902317,-4.843872,12.49262,1.245738E-05
初号机（完全体）,1.2,0.02,0.08,6.23397E-05,0.01348719,1.652538,0.3845118,-6.102234,12.53462,3.130425E-05
初号机（完全体）,1.2,0.02,0.09999999,0.001439273,0.04682584,1.651851,0.4730232,-6.051727,12.56028,3.211847E-05
初号机（完全体）,1.2,0.02,0.12,0.006628828,0.1016589,1.64783,0.5550844,-6.017242,12.54323,3.211847E-05
初号机（完全体）,1.2,0.02,0.14,0.01824305,0.1734513,1.638007,0.6306798,-5.961884,12.45618,3.211847E-05
初号机（完全体）,1.2,0.02,0.16,0.03815264,0.2518656,1.622943,0.7001775,-5.806946,12.27969,3.240834E-05
初号机（完全体）,1.2,0.02,0.18,0.06684049,0.3228934,1.606232,0.7641441,-5.479279,12.00875,3.240834E-05
初号机（完全体）,1.2,0.02,0.2,0.1029131,0.3722511,1.5906,0.8232273,-4.981049,11.65799,6.131491E-05
初号机（完全体）,1.2,0.02,0.22,0.1427313,0.3892389,1.575488,0.8780832,-4.396027,11.26555,6.131491E-05
初号机（完全体）,1.2,0.02,0.24,0.1815052,0.3701177,1.559566,0.9293348,-3.820282,10.88187,6.131491E-05
初号机（完全体）,1.2,0.02,0.26,0.2189911,0.3201309,1.542317,0.9775485,-3.264221,10.50984,6.131491E-05
初号机（完全体）,1.2,0.02,0.28,0.2473224,0.2525065,1.537922,1.023226,-2.837952,10.23258,6.131491E-05
初号机（完全体）,1.2,0.02,0.3,0.2687347,0.1908403,1.533913,1.066803,-2.509888,10.02699,6.131491E-05
初号机（完全体）,1.2,0.02,0.32,0.2849177,0.144234,1.530884,1.108649,-2.256165,9.875593,6.131491E-05
初号机（完全体）,1.2,0.02,0.34,0.2971486,0.0963845,1.529415,1.149076,-2.058685,9.765142,6.131491E-05
初号机（完全体）,1.2,0.02,0.36,0.3063926,0.02495567,1.530597,1.188347,-1.903748,9.685624,6.131491E-05
初号机（完全体）,1.2,0.02,0.38,0.313379,-0.07964139,1.53478,1.226675,-1.781036,9.629464,6.131491E-05
初号机（完全体）,1.2,0.02,0.4,0.3160543,-0.2141878,1.541549,1.264239,-1.719177,9.618416,6.131491E-05
初号机（完全体）,1.2,0.02,0.42,0.3071509,-0.3647754,1.549843,1.301181,-1.819794,9.72918,6.131491E-05
初号机（完全体）,1.2,0.02,0.44,0.2837959,-0.5107808,1.558204,1.33762,-2.123047,9.99196,6.131491E-05
初号机（完全体）,1.2,0.02,0.46,0.2469025,-0.6299599,1.565097,1.373651,-2.616089,10.3968,6.131491E-05
初号机（完全体）,1.2,0.02,0.48,0.2002454,-0.7036749,1.569244,1.409349,-3.246002,10.90351,6.131491E-05
初号机（完全体）,1.2,0.02,0.5,0.1497619,-0.7212225,1.569897,1.444777,-3.929657,11.44932,6.131491E-05
初号机（完全体）,1.2,0.02,0.52,0.1030242,-0.6824052,1.567005,1.479983,-4.561005,11.95473,6.131491E-05
初号机（完全体）,1.2,0.02,0.54,0.06681632,-0.5978433,1.56123,1.515007,-5.045105,12.34911,6.131491E-05
初号机（完全体）,1.2,0.02,0.56,0.03945098,-0.4869831,1.553814,1.549879,-5.405487,12.65055,6.131491E-05
初号机（完全体）,1.2,0.02,0.58,0.01876871,-0.3742304,1.546326,1.584626,-5.672424,12.88192,6.461938E-05
初号机（完全体）,1.2,0.02,0.6,0.003137375,-0.2828373,1.540265,1.594122,-5.885071,13.04907,6.461938E-05
初号机（完全体）,1.2,0.02,0.62,-0.00867653,-0.2137638,1.535685,1.56938,-6.066528,13.16091,6.461938E-05
初号机（完全体）,1.2,0.02,0.64,-0.01760529,-0.1469487,1.533172,1.526421,-6.219421,13.23447,6.461938E-05
初号机（完全体）,1.2,0.02,0.66,-0.0243535,-0.05611564,1.533895,1.475517,-6.346985,13.28174,6.461938E-05
初号机（完全体）,1.2,0.02,0.68,-0.02945368,0.06894199,1.538108,1.423033,-6.452484,13.31113,6.461938E-05
初号机（完全体）,1.2,0.02,0.7,-0.025279,0.2224397,1.545126,1.372718,-6.426758,13.24502,6.461938E-05
初号机（完全体）,1.2,0.02,0.72,-5.280783E-05,0.3858912,1.553514,1.326598,-6.103607,12.96154,6.461938E-05
初号机（完全体）,1.2,0.02,0.74,0.0491828,0.533972,1.561449,1.28559,-5.44104,12.42945,6.461938E-05
初号机（完全体）,1.2,0.02,0.76,0.1186946,0.6416683,1.567171,1.249922,-4.49118,11.68636,6.461938E-05
初号机（完全体）,1.2,0.02,0.78,0.1996924,0.691085,1.569418,1.219411,-3.377167,10.82287,6.461938E-05
初号机（完全体）,1.2,0.02,0.8,0.2795637,0.6763498,1.56773,1.193652,-2.275879,9.970822,6.461938E-05
初号机（完全体）,1.2,0.02,0.82,0.3439696,0.6054885,1.562572,1.172132,-1.388275,9.281734,6.461938E-05
初号机（完全体）,1.2,0.02,0.84,0.3926466,0.4988592,1.555225,1.154307,-0.7184753,8.759293,6.461938E-05
初号机（完全体）,1.2,0.02,0.86,0.4294358,0.3845489,1.54748,1.13965,-0.2130127,8.363402,6.461938E-05
初号机（完全体）,1.2,0.02,0.88,0.4572406,0.2906358,1.541137,1.127671,0.1684193,8.063508,6.461938E-05
初号机（完全体）,1.2,0.02,0.9,0.4782549,0.2050473,1.537293,1.117934,0.4562548,7.83639,6.461938E-05
初号机（完全体）,1.2,0.02,0.92,0.4941373,0.1000256,1.53701,1.110054,0.6734579,7.664418,6.461938E-05
初号机（完全体）,1.2,0.02,0.94,0.5061408,-0.03575553,1.540462,1.103704,0.8373609,7.534218,6.461938E-05
初号机（完全体）,1.2,0.02,0.96,0.5024853,-0.1973579,1.546905,1.098603,0.7828739,7.570641,6.461938E-05
初号机（完全体）,1.2,0.02,0.98,0.4647367,-0.3669348,1.554858,1.094519,0.2518054,7.968883,6.461938E-05
初号机（完全体）,1.2,0.02,1,0.3883831,-0.5196451,1.562465,1.09126,-0.8191223,8.775484,6.461938E-05
初号机（完全体）,1.2,0.02,1.02,0.2794755,-0.6308402,1.567939,1.088665,-2.345337,9.923815,6.461938E-05
初号机（完全体）,1.2,0.02,1.04,0.1520489,-0.6829013,1.569998,1.086602,-4.130432,11.26259,6.461938E-05
初号机（完全体）,1.2,0.02,1.06,0.02617169,-0.6701646,1.568169,1.084968,-5.893555,12.57891,6.461938E-05
初号机（完全体）,1.2,0.02,1.08,-0.07536902,-0.6008139,1.562904,1.083674,-7.315765,13.63557,6.461938E-05
初号机（完全体）,1.2,0.02,1.1,-0.1521118,-0.4953262,1.555475,1.082653,-8.390686,14.43079,6.461938E-05
初号机（完全体）,1.2,0.02,1.12,-0.2101128,-0.3818787,1.547669,1.081844,-9.203125,15.02974,6.461938E-05
初号机（完全体）,1.2,0.02,1.14,-0.253949,-0.2886177,1.54128,1.081208,-9.817169,15.48116,6.461938E-05
初号机（完全体）,1.2,0.02,1.16,-0.2870797,-0.2181326,1.536452,1.080709,-10.28128,15.82161,6.461938E-05
初号机（完全体）,1.2,0.02,1.18,-0.3121193,-0.1502505,1.533752,1.080317,-10.63202,16.07847,6.461938E-05
初号机（完全体）,1.2,0.02,1.2,-0.3310438,-0.05861112,1.534334,1.08001,-10.89716,16.27235,6.461938E-05
初号机（完全体）,1.2,0.02,1.22,-0.3453467,0.06705594,1.53844,1.079769,-11.0975,16.41874,6.461938E-05
初号机（完全体）,1.2,0.02,1.24,-0.3451167,0.2210143,1.545377,1.079581,-11.09442,16.4163,6.461938E-05
初号机（完全体）,1.2,0.02,1.26,-0.3145964,0.3848139,1.553703,1.079435,-10.66727,16.10349,6.461938E-05
初号机（完全体）,1.2,0.02,1.28,-0.2500476,0.5331578,1.561592,1.07932,-9.763794,15.44017,6.461938E-05
初号机（完全体）,1.2,0.02,1.3,-0.1568514,0.641053,1.567279,1.079231,-8.459259,14.4783,6.461938E-05
初号机（完全体）,1.2,0.02,1.32,-0.04728188,0.6906199,1.569499,1.079161,-6.925537,13.34158,6.461938E-05
初号机（完全体）,1.2,0.02,1.34,0.06117797,0.6759983,1.567792,1.079107,-5.407318,12.21066,6.461938E-05
初号机（完全体）,1.2,0.02,1.36,0.1487057,0.6052228,1.562619,1.079065,-4.182129,11.29423,6.461938E-05
初号机（完全体）,1.2,0.02,1.38,0.2148577,0.4986584,1.55526,1.079032,-3.256134,10.59956,6.461938E-05
初号机（完全体）,1.2,0.02,1.4,0.2648543,0.3843971,1.547506,1.079007,-2.556274,10.07343,6.461938E-05
初号机（完全体）,1.2,0.02,1.42,0.3026409,0.2905211,1.541157,1.078987,-2.027344,9.675212,6.461938E-05
初号机（完全体）,1.2,0.02,1.44,0.3311994,0.2049606,1.537308,1.078972,-1.627594,9.373921,6.461938E-05
初号机（完全体）,1.2,0.02,1.46,0.3527835,0.09996012,1.537021,1.07896,-1.32547,9.146032,6.461938E-05
初号机（完全体）,1.2,0.02,1.48,0.3690964,-0.03580505,1.540471,1.07895,-1.097107,8.973699,6.461938E-05
初号机（完全体）,1.2,0.02,1.5,0.3703855,-0.1973954,1.546912,1.078943,-1.079071,8.960072,6.461938E-05
初号机（完全体）,1.2,0.02,1.52,0.3410134,-0.3669631,1.554863,1.078937,-1.490234,9.270308,6.461938E-05
初号机（完全体）,1.2,0.02,1.54,0.2773324,-0.5196665,1.562469,1.078933,-2.381653,9.941953,6.461938E-05
初号机（完全体）,1.2,0.02,1.56,0.1847921,-0.6308565,1.567942,1.07893,-3.677063,10.91543,6.461938E-05
初号机（完全体）,1.2,0.02,1.58,0.07571837,-0.6829135,1.57,1.078927,-5.203888,12.05857,6.461938E-05
初号机（完全体）,1.2,0.02,1.6,-0.03236677,-0.6701739,1.56817,1.078925,-6.716919,13.18628,6.461938E-05
初号机（完全体）,1.2,0.02,1.62,-0.1196112,-0.6008209,1.562905,1.078923,-7.938171,14.09251,6.461938E-05
初号机（完全体）,1.2,0.02,1.64,-0.1855491,-0.4953315,1.555476,1.078922,-8.861176,14.77484,6.461938E-05
初号机（完全体）,1.2,0.02,1.66,-0.235384,-0.3818827,1.54767,1.078921,-9.558777,15.28897,6.461938E-05
初号机（完全体）,1.2,0.02,1.68,-0.2730483,-0.2886207,1.541281,1.07892,-10.08603,15.67661,6.461938E-05
初号机（完全体）,1.2,0.02,1.7,-0.3015144,-0.2181349,1.536452,1.07892,-10.4845,15.96903,6.461938E-05
初号机（完全体）,1.2,0.02,1.72,-0.3230286,-0.1502523,1.533752,1.07892,-10.78564,16.18972,6.461938E-05
初号机（完全体）,1.2,0.02,1.74,-0.3392887,-0.05861244,1.534334,1.078919,-11.01328,16.35633,6.461938E-05
初号机（完全体）,1.2,0.02,1.76,-0.3515778,0.06705495,1.53844,1.078919,-11.1853,16.48214,6.461938E-05
初号机（完全体）,1.2,0.02,1.78,-0.3498259,0.2210135,1.545377,1.078919,-11.16077,16.46421,6.461938E-05
初号机（完全体）,1.2,0.02,1.8,-0.3181554,0.3848133,1.553703,1.078919,-10.71744,16.13975,6.461938E-05
初号机（完全体）,1.2,0.02,1.82,-0.2527374,0.5331573,1.561592,1.078919,-9.801697,15.46767,6.461938E-05
初号机（完全体）,1.2,0.02,1.84,-0.1588844,0.6410526,1.567279,1.078919,-8.487915,14.49919,6.461938E-05
初号机（完全体）,1.2,0.02,1.86,-0.04881851,0.6906196,1.569499,1.078919,-6.947205,13.35746,6.461938E-05
初号机（完全体）,1.2,0.02,1.88,0.06001643,0.675998,1.567792,1.078919,-5.423706,12.22272,6.461938E-05
初号机（完全体）,1.2,0.02,1.9,0.1478276,0.6052226,1.562619,1.078919,-4.194519,11.30337,6.461938E-05
初号机（完全体）,1.2,0.02,1.92,0.2141938,0.4986583,1.55526,1.078919,-3.265503,10.60648,6.461938E-05
初号机（完全体）,1.2,0.02,1.94,0.2643523,0.3843971,1.547506,1.078919,-2.563354,10.07868,6.461938E-05
初号机（完全体）,1.2,0.02,1.96,0.3022613,0.2905211,1.541157,1.078925,-2.032715,9.679184,6.461938E-05
初号机（完全体）,1.2,0.02,1.98,0.3309123,0.2049606,1.537308,1.07893,-1.631622,9.376931,6.461938E-05
初号机（完全体）,1.2,0.02,2,0.3525663,0.09996009,1.537021,1.078932,-1.328522,9.148313,6.461938E-05
初号机（完全体）,1.2,0.02,2.02,0.368932,-0.03580507,1.540471,1.078933,-1.099426,8.975426,6.461938E-05
初号机（完全体）,1.2,0.02,2.04,0.370261,-0.1973954,1.546912,1.078932,-1.080811,8.961383,6.461938E-05
初号机（完全体）,1.2,0.02,2.06,0.3409192,-0.3669631,1.554863,1.078932,-1.491547,9.271299,6.461938E-05
初号机（完全体）,1.2,0.02,2.08,0.277261,-0.5196665,1.562469,1.078931,-2.38266,9.942706,6.461938E-05
初号机（完全体）,1.2,0.02,2.1,0.184738,-0.6308565,1.567942,1.07893,-3.677826,10.916,6.461938E-05
初号机（完全体）,1.2,0.02,2.12,0.07567739,-0.6829135,1.57,1.078929,-5.204468,12.059,6.461938E-05
初号机（完全体）,1.2,0.02,2.14,-0.03239781,-0.6701739,1.56817,1.078928,-6.717346,13.18661,6.461938E-05
初号机（完全体）,1.2,0.02,2.16,-0.1196347,-0.6008209,1.562905,1.078928,-7.938507,14.09276,6.461938E-05
初号机（完全体）,1.2,0.02,2.18,-0.185567,-0.4953315,1.555476,1.078927,-8.86142,14.77503,6.461938E-05
初号机（完全体）,1.2,0.02,2.2,-0.2353975,-0.3818827,1.54767,1.078926,-9.55896,15.28911,6.461938E-05
初号机（完全体）,1.2,0.02,2.22,-0.2730586,-0.2886207,1.541281,1.078926,-10.08615,15.67672,6.461938E-05
初号机（完全体）,1.2,0.02,2.24,-0.3015223,-0.2181349,1.536452,1.078925,-10.48459,15.96912,6.461938E-05
初号机（完全体）,1.2,0.02,2.26,-0.3230346,-0.1502523,1.533752,1.078925,-10.78574,16.18979,6.461938E-05
初号机（完全体）,1.2,0.02,2.28,-0.3392933,-0.05861244,1.534334,1.078925,-11.01334,16.35638,6.461938E-05
初号机（完全体）,1.2,0.02,2.3,-0.3515814,0.06705495,1.53844,1.078924,-11.18533,16.48218,6.461938E-05
初号机（完全体）,1.2,0.02,2.32,-0.3498286,0.2210135,1.545377,1.078924,-11.1608,16.46424,6.461938E-05
初号机（完全体）,1.2,0.02,2.34,-0.3181575,0.3848133,1.553703,1.078924,-10.71747,16.13978,6.461938E-05
初号机（完全体）,1.2,0.02,2.36,-0.2527387,0.5331573,1.561592,1.078924,-9.801727,15.46769,6.461938E-05
初号机（完全体）,1.2,0.02,2.38,-0.158885,0.6410526,1.567279,1.078924,-8.487946,14.4992,6.461938E-05
初号机（完全体）,1.2,0.02,2.4,-0.04881856,0.6906196,1.569499,1.078924,-6.947205,13.35746,6.461938E-05
初号机（完全体）,1.2,0.02,2.42,0.0600169,0.675998,1.567792,1.078924,-5.423706,12.22271,6.461938E-05
初号机（完全体）,1.2,0.02,2.44,0.1478284,0.6052226,1.562619,1.078924,-4.194489,11.30337,6.461938E-05
初号机（完全体）,1.2,0.02,2.46,0.214195,0.4986583,1.55526,1.078924,-3.265472,10.60647,6.461938E-05
初号机（完全体）,1.2,0.02,2.48,0.2643537,0.3843971,1.547506,1.078924,-2.563354,10.07867,6.461938E-05
初号机（完全体）,1.2,0.02,2.5,0.3022628,0.2905211,1.541157,1.078924,-2.032684,9.67917,6.461938E-05
初号机（完全体）,1.2,0.02,2.52,0.330914,0.2049606,1.537308,1.078924,-1.631622,9.376912,6.461938E-05
初号机（完全体）,1.2,0.02,2.54,0.352568,0.09996009,1.537021,1.078924,-1.328491,9.148292,6.461938E-05
初号机（完全体）,1.2,0.02,2.56,0.3689338,-0.03580507,1.540471,1.078924,-1.099396,8.975405,6.461938E-05
初号机（完全体）,1.2,0.02,2.58,0.370263,-0.1973954,1.546912,1.078924,-1.080811,8.96136,6.461938E-05
初号机（完全体）,1.2,0.02,2.6,0.3409209,-0.3669631,1.554863,1.078924,-1.491547,9.271279,6.461938E-05
初号机（完全体）,1.2,0.02,2.62,0.2772624,-0.5196665,1.562469,1.078924,-2.382629,9.942688,6.461938E-05
初号机（完全体）,1.2,0.02,2.64,0.1847391,-0.6308565,1.567942,1.078924,-3.677795,10.91599,6.461938E-05
初号机（完全体）,1.2,0.02,2.66,0.07567786,-0.6829135,1.57,1.078924,-5.204468,12.05899,6.461938E-05
初号机（完全体）,1.2,0.02,2.68,-0.03239782,-0.6701739,1.56817,1.078924,-6.717346,13.18661,6.461938E-05
初号机（完全体）,1.2,0.02,2.7,-0.1196352,-0.6008209,1.562905,1.078924,-7.938507,14.09276,6.461938E-05
初号机（完全体）,1.2,0.02,2.72,-0.1855678,-0.4953315,1.555476,1.078924,-8.86145,14.77503,6.461938E-05
初号机（完全体）,1.2,0.02,2.74,-0.2353986,-0.3818827,1.54767,1.078924,-9.55899,15.28912,6.461938E-05
初号机（完全体）,1.2,0.02,2.76,-0.2730598,-0.2886207,1.541281,1.078924,-10.08618,15.67673,6.461938E-05
初号机（完全体）,1.2,0.02,2.78,-0.3015236,-0.2181349,1.536452,1.078924,-10.48462,15.96913,6.461938E-05
初号机（完全体）,1.2,0.02,2.8,-0.3230361,-0.1502523,1.533752,1.078924,-10.78577,16.1898,6.461938E-05
初号机（完全体）,1.2,0.02,2.82,-0.3392949,-0.05861244,1.534334,1.078924,-11.01334,16.35639,6.461938E-05
初号机（完全体）,1.2,0.02,2.84,-0.351583,0.06705495,1.53844,1.078924,-11.18536,16.48219,6.461938E-05
初号机（完全体）,1.2,0.02,2.86,-0.3498303,0.2210135,1.545377,1.078924,-11.16083,16.46425,6.461938E-05
初号机（完全体）,1.2,0.02,2.88,-0.318159,0.3848133,1.553703,1.078924,-10.71747,16.1398,6.461938E-05
初号机（完全体）,1.2,0.02,2.9,-0.2527401,0.5331573,1.561592,1.078924,-9.801727,15.4677,6.461938E-05
初号机（完全体）,1.2,0.02,2.92,-0.1588864,0.6410526,1.567279,1.078924,-8.487946,14.49921,6.461938E-05
初号机（完全体）,1.2,0.02,2.94,-0.04881962,0.6906196,1.569499,1.078924,-6.947205,13.35747,6.461938E-05
初号机（完全体）,1.2,0.02,2.96,0.06001602,0.675998,1.567792,1.078924,-5.423706,12.22272,6.461938E-05
初号机（完全体）,1.2,0.02,2.98,0.1478278,0.6052226,1.562619,1.078924,-4.194489,11.30337,6.461938E-05
初号机（完全体）,1.2,0.02,3,0.2141945,0.4986583,1.55526,1.078924,-3.265472,10.60648,6.461938E-05
初号机（完全体）,1.2,0.02,3.02,0.2643533,0.3843971,1.547506,1.078924,-2.563354,10.07867,6.461938E-05
初号机（完全体）,1.2,0.02,3.04,0.3022626,0.2905211,1.541157,1.078924,-2.032684,9.679173,6.461938E-05
初号机（完全体）,1.2,0.02,3.06,0.3309138,0.2049606,1.537308,1.078924,-1.631622,9.376911,6.461938E-05
初号机（完全体）,1.2,0.02,3.08,0.3525679,0.09996009,1.537021,1.078924,-1.328491,9.148293,6.461938E-05
初号机（完全体）,1.2,0.02,3.1,0.3689337,-0.03580507,1.540471,1.078924,-1.099396,8.975406,6.461938E-05
初号机（完全体）,1.2,0.02,3.12,0.3702629,-0.1973954,1.546912,1.078924,-1.080811,8.961361,6.461938E-05
初号机（完全体）,1.2,0.02,3.14,0.3409208,-0.3669631,1.554863,1.078924,-1.491547,9.271279,6.461938E-05
初号机（完全体）,1.2,0.02,3.16,0.2772624,-0.5196665,1.562469,1.078924,-2.382629,9.942688,6.461938E-05
初号机（完全体）,1.2,0.02,3.18,0.184739,-0.6308565,1.567942,1.078924,-3.677795,10.91599,6.461938E-05
初号机（完全体）,1.2,0.02,3.2,0.07567785,-0.6829135,1.57,1.078924,-5.204468,12.05899,6.461938E-05
初号机（完全体）,1.2,0.02,3.22,-0.03239783,-0.6701739,1.56817,1.078924,-6.717346,13.18661,6.461938E-05
初号机（完全体）,1.2,0.02,3.24,-0.1196352,-0.6008209,1.562905,1.078924,-7.938507,14.09276,6.461938E-05
初号机（完全体）,1.2,0.02,3.26,-0.1855678,-0.4953315,1.555476,1.078924,-8.86145,14.77503,6.461938E-05
初号机（完全体）,1.2,0.02,3.28,-0.2353986,-0.3818827,1.54767,1.078924,-9.55899,15.28912,6.461938E-05
初号机（完全体）,1.2,0.02,3.3,-0.2730598,-0.2886207,1.541281,1.078924,-10.08618,15.67673,6.461938E-05
初号机（完全体）,1.2,0.02,3.32,-0.3015236,-0.2181349,1.536452,1.078924,-10.48462,15.96913,6.461938E-05
初号机（完全体）,1.2,0.02,3.34,-0.3230361,-0.1502523,1.533752,1.078924,-10.78577,16.1898,6.461938E-05
初号机（完全体）,1.2,0.02,3.36,-0.3392949,-0.05861244,1.534334,1.078924,-11.01334,16.35639,6.461938E-05
初号机（完全体）,1.2,0.02,3.38,-0.351583,0.06705495,1.53844,1.078924,-11.18536,16.48219,6.461938E-05
初号机（完全体）,1.2,0.02,3.4,-0.3498302,0.2210135,1.545377,1.078924,-11.16083,16.46425,6.461938E-05
初号机（完全体）,1.2,0.02,3.42,-0.318159,0.3848133,1.553703,1.078924,-10.71747,16.1398,6.461938E-05
初号机（完全体）,1.2,0.02,3.44,-0.2527401,0.5331573,1.561592,1.078924,-9.801727,15.4677,6.461938E-05
初号机（完全体）,1.2,0.02,3.46,-0.1588863,0.6410526,1.567279,1.078924,-8.487946,14.49921,6.461938E-05
初号机（完全体）,1.2,0.02,3.48,-0.04881957,0.6906196,1.569499,1.078924,-6.947205,13.35747,6.461938E-05
初号机（完全体）,1.2,0.02,3.5,0.06001621,0.675998,1.567792,1.078924,-5.423706,12.22272,6.461938E-05
初号机（完全体）,1.2,0.02,3.52,0.147828,0.6052226,1.562619,1.078924,-4.194489,11.30337,6.461938E-05
初号机（完全体）,1.2,0.02,3.54,0.2141947,0.4986583,1.55526,1.078924,-3.265472,10.60647,6.461938E-05
初号机（完全体）,1.2,0.02,3.56,0.2643536,0.3843971,1.547506,1.078924,-2.563354,10.07867,6.461938E-05
初号机（完全体）,1.2,0.02,3.58,0.3022628,0.2905211,1.541157,1.078924,-2.032684,9.67917,6.461938E-05
初号机（完全体）,1.2,0.02,3.6,0.3309141,0.2049606,1.537308,1.078924,-1.631622,9.376911,6.461938E-05
初号机（完全体）,1.2,0.02,3.62,0.3525681,0.09996009,1.537021,1.078924,-1.328491,9.14829,6.461938E-05
初号机（完全体）,1.2,0.02,3.64,0.368934,-0.03580507,1.540471,1.07891,-1.099396,8.975395,6.461938E-05
初号机（完全体）,1.2,0.02,3.66,0.3702631,-0.1973954,1.546912,1.078902,-1.080811,8.961346,6.461938E-05
初号机（完全体）,1.2,0.02,3.68,0.3409211,-0.3669631,1.554863,1.078899,-1.491547,9.271266,6.461938E-05
初号机（完全体）,1.2,0.02,3.7,0.2772626,-0.5196665,1.562469,1.078898,-2.38266,9.942673,6.461938E-05
初号机（完全体）,1.2,0.02,3.72,0.1847393,-0.6308565,1.567942,1.078898,-3.677826,10.91598,6.461938E-05
初号机（完全体）,1.2,0.02,3.74,0.07567816,-0.6829135,1.57,1.078899,-5.204468,12.05898,6.461938E-05
初号机（完全体）,1.2,0.02,3.76,-0.03239759,-0.6701739,1.56817,1.0789,-6.717346,13.18659,6.461938E-05
初号机（完全体）,1.2,0.02,3.78,-0.1196349,-0.6008209,1.562905,1.078902,-7.938507,14.09275,6.461938E-05
初号机（完全体）,1.2,0.02,3.8,-0.1855675,-0.4953315,1.555476,1.078903,-8.86145,14.77502,6.461938E-05
初号机（完全体）,1.2,0.02,3.82,-0.2353983,-0.3818827,1.54767,1.078905,-9.55899,15.28911,6.461938E-05
初号机（完全体）,1.2,0.02,3.84,-0.2730596,-0.2886207,1.541281,1.078906,-10.08618,15.67672,6.461938E-05
初号机（完全体）,1.2,0.02,3.86,-0.3015234,-0.2181349,1.536452,1.078907,-10.48462,15.96912,6.461938E-05
初号机（完全体）,1.2,0.02,3.88,-0.3230358,-0.1502523,1.533752,1.078908,-10.78577,16.18979,6.461938E-05
初号机（完全体）,1.2,0.02,3.9,-0.3392946,-0.05861244,1.534334,1.078909,-11.01337,16.35638,6.461938E-05
初号机（完全体）,1.2,0.02,3.92,-0.3515827,0.06705495,1.53844,1.07891,-11.18536,16.48218,6.461938E-05
初号机（完全体）,1.2,0.02,3.94,-0.34983,0.2210135,1.545377,1.078911,-11.16083,16.46425,6.461938E-05
初号机（完全体）,1.2,0.02,3.96,-0.318159,0.3848133,1.553703,1.078912,-10.7175,16.13979,6.461938E-05
初号机（完全体）,1.2,0.02,3.98,-0.2527405,0.5331573,1.561592,1.078912,-9.801758,15.4677,6.461938E-05
初号机（完全体）,1.2,0.02,4,-0.1588872,0.6410526,1.567279,1.078912,-8.487976,14.49922,6.461938E-05
初号机（完全体）,1.2,0.02,4.02,-0.04882104,0.6906196,1.569499,1.078913,-6.947235,13.35748,6.461938E-05
初号机（完全体）,1.2,0.02,4.04,0.06001415,0.675998,1.567792,1.078913,-5.423737,12.22274,6.461938E-05
初号机（完全体）,1.2,0.02,4.06,0.1478255,0.6052226,1.562619,1.078913,-4.19455,11.30339,6.461938E-05
初号机（完全体）,1.2,0.02,4.08,0.2141919,0.4986583,1.55526,1.078913,-3.265533,10.6065,6.461938E-05
初号机（完全体）,1.2,0.02,4.1,0.2643505,0.3843971,1.547506,1.078913,-2.563385,10.0787,6.461938E-05
初号机（完全体）,1.2,0.02,4.12,0.3022596,0.2905211,1.541157,1.078913,-2.032745,9.6792,6.461938E-05
初号机（完全体）,1.2,0.02,4.14,0.3309106,0.2049606,1.537308,1.078913,-1.631653,9.376942,6.461938E-05
初号机（完全体）,1.2,0.02,4.16,0.3525646,0.09996009,1.537021,1.078913,-1.328552,9.148321,6.461938E-05
初号机（完全体）,1.2,0.02,4.18,0.3689304,-0.03580507,1.540471,1.078913,-1.099457,8.975433,6.461938E-05
初号机（完全体）,1.2,0.02,4.2,0.3702595,-0.1973954,1.546912,1.078913,-1.080841,8.961391,6.461938E-05
初号机（完全体）,1.2,0.02,4.22,0.3409177,-0.3669631,1.554863,1.078913,-1.491577,9.271306,6.461938E-05
初号机（完全体）,1.2,0.02,4.24,0.2772599,-0.5196665,1.562469,1.078913,-2.38269,9.942712,6.461938E-05
初号机（完全体）,1.2,0.02,4.26,0.1847374,-0.6308565,1.567942,1.078913,-3.677826,10.916,6.461938E-05
初号机（完全体）,1.2,0.02,4.28,0.07567731,-0.6829135,1.57,1.078913,-5.204498,12.05899,6.461938E-05
初号机（完全体）,1.2,0.02,4.3,-0.03239736,-0.6701739,1.56817,1.078913,-6.717346,13.18659,6.461938E-05
初号机（完全体）,1.2,0.02,4.32,-0.1196339,-0.6008209,1.562905,1.078913,-7.938507,14.09274,6.461938E-05
初号机（完全体）,1.2,0.02,4.34,-0.1855659,-0.4953315,1.555476,1.078913,-8.86142,14.77501,6.461938E-05
初号机（完全体）,1.2,0.02,4.36,-0.2353962,-0.3818827,1.54767,1.078913,-9.55896,15.28909,6.461938E-05
初号机（完全体）,1.2,0.02,4.38,-0.2730571,-0.2886207,1.541281,1.078913,-10.08615,15.6767,6.461938E-05
初号机（完全体）,1.2,0.02,4.4,-0.3015206,-0.2181349,1.536452,1.078913,-10.48459,15.9691,6.461938E-05
初号机（完全体）,1.2,0.02,4.42,-0.3230329,-0.1502523,1.533752,1.078913,-10.78571,16.18976,6.461938E-05
初号机（完全体）,1.2,0.02,4.44,-0.3392915,-0.05861244,1.534334,1.078913,-11.01331,16.35635,6.461938E-05
初号机（完全体）,1.2,0.02,4.46,-0.3515795,0.06705495,1.53844,1.078913,-11.1853,16.48215,6.461938E-05
初号机（完全体）,1.2,0.02,4.48,-0.3498268,0.2210135,1.545377,1.078913,-11.16077,16.46422,6.461938E-05
初号机（完全体）,1.2,0.02,4.5,-0.3181559,0.3848133,1.553703,1.078913,-10.71744,16.13975,6.461938E-05
初号机（完全体）,1.2,0.02,4.52,-0.2527377,0.5331573,1.561592,1.078913,-9.801697,15.46767,6.461938E-05
初号机（完全体）,1.2,0.02,4.54,-0.1588848,0.6410526,1.567279,1.078913,-8.487946,14.49919,6.461938E-05
初号机（完全体）,1.2,0.02,4.56,-0.04881909,0.6906196,1.569499,1.078913,-6.947205,13.35746,6.461938E-05
初号机（完全体）,1.2,0.02,4.58,0.06001548,0.675998,1.567792,1.078913,-5.423737,12.22272,6.461938E-05
初号机（完全体）,1.2,0.02,4.6,0.1478263,0.6052226,1.562619,1.078913,-4.194519,11.30338,6.461938E-05
初号机（完全体）,1.2,0.02,4.62,0.2141924,0.4986583,1.55526,1.078913,-3.265533,10.60649,6.461938E-05
初号机（完全体）,1.2,0.02,4.64,0.2643507,0.3843971,1.547506,1.078913,-2.563385,10.0787,6.461938E-05
初号机（完全体）,1.2,0.02,4.66,0.3022596,0.2905211,1.541157,1.078913,-2.032745,9.679199,6.461938E-05
初号机（完全体）,1.2,0.02,4.68,0.3309105,0.2049606,1.537308,1.078913,-1.631683,9.376943,6.461938E-05
初号机（完全体）,1.2,0.02,4.7,0.3525644,0.09996009,1.537021,1.078913,-1.328552,9.148325,6.461938E-05
初号机（完全体）,1.2,0.02,4.72,0.36893,-0.03580507,1.540471,1.078913,-1.099457,8.975436,6.461938E-05
初号机（完全体）,1.2,0.02,4.74,0.3702592,-0.1973954,1.546912,1.078913,-1.080872,8.961391,6.461938E-05
初号机（完全体）,1.2,0.02,4.76,0.3409174,-0.3669631,1.554863,1.078913,-1.491577,9.271308,6.461938E-05
初号机（完全体）,1.2,0.02,4.78,0.2772596,-0.5196665,1.562469,1.078913,-2.38269,9.942713,6.461938E-05
初号机（完全体）,1.2,0.02,4.8,0.1847372,-0.6308565,1.567942,1.078913,-3.677826,10.91601,6.461938E-05
初号机（完全体）,1.2,0.02,4.82,0.07567702,-0.6829135,1.57,1.078913,-5.204498,12.05899,6.461938E-05
初号机（完全体）,1.2,0.02,4.84,-0.03239758,-0.6701739,1.56817,1.078913,-6.717346,13.1866,6.461938E-05
初号机（完全体）,1.2,0.02,4.86,-0.1196341,-0.6008209,1.562905,1.078913,-7.938507,14.09274,6.461938E-05
初号机（完全体）,1.2,0.02,4.88,-0.185566,-0.4953315,1.555476,1.078913,-8.86142,14.77501,6.461938E-05
初号机（完全体）,1.2,0.02,4.9,-0.2353963,-0.3818827,1.54767,1.078913,-9.55896,15.28909,6.461938E-05
初号机（完全体）,1.2,0.02,4.92,-0.2730572,-0.2886207,1.541281,1.078913,-10.08615,15.6767,6.461938E-05
初号机（完全体）,1.2,0.02,4.94,-0.3015207,-0.2181349,1.536452,1.078913,-10.48459,15.9691,6.461938E-05
初号机（完全体）,1.2,0.02,4.96,-0.3230329,-0.1502523,1.533752,1.078913,-10.78571,16.18976,6.461938E-05
初号机（完全体）,1.2,0.02,4.98,-0.3392915,-0.05861244,1.534334,1.078913,-11.01331,16.35635,6.461938E-05
初号机（完全体）,1.2,0.02,5,-0.3515795,0.06705495,1.53844,1.078913,-11.1853,16.48215,6.461938E-05
初号机（完全体）,1.2,0.02,5.02,-0.3498268,0.2210135,1.545377,1.078913,-11.1608,16.46422,6.461938E-05
初号机（完全体）,1.2,0.02,5.04,-0.3181559,0.3848133,1.553703,1.078913,-10.71744,16.13975,6.461938E-05
初号机（完全体）,1.2,0.02,5.06,-0.2527377,0.5331573,1.561592,1.078913,-9.801697,15.46767,6.461938E-05
初号机（完全体）,1.2,0.02,5.08,-0.1588848,0.6410526,1.567279,1.078913,-8.487946,14.49919,6.461938E-05
初号机（完全体）,1.2,0.02,5.1,-0.04881909,0.6906196,1.569499,1.078913,-6.947205,13.35746,6.461938E-05
初号机（完全体）,1.2,0.02,5.12,0.06001548,0.675998,1.567792,1.078913,-5.423737,12.22272,6.461938E-05
初号机（完全体）,1.2,0.02,5.14,0.1478263,0.6052226,1.562619,1.078913,-4.194519,11.30338,6.461938E-05
初号机（完全体）,1.2,0.02,5.16,0.2141924,0.4986583,1.55526,1.078913,-3.265503,10.60649,6.461938E-05
初号机（完全体）,1.2,0.02,5.18,0.2643507,0.3843971,1.547506,1.078913,-2.563385,10.0787,6.461938E-05
初号机（完全体）,1.2,0.02,5.2,0.3022596,0.2905211,1.541157,1.078913,-2.032745,9.679199,6.461938E-05
初号机（完全体）,1.2,0.02,5.22,0.3309105,0.2049606,1.537308,1.078913,-1.631683,9.376943,6.461938E-05
初号机（完全体）,1.2,0.02,5.24,0.3525644,0.09996009,1.537021,1.078913,-1.328552,9.148325,6.461938E-05
初号机（完全体）,1.2,0.02,5.26,0.36893,-0.03580507,1.540471,1.078913,-1.099457,8.975436,6.461938E-05
初号机（完全体）,1.2,0.02,5.28,0.3702592,-0.1973954,1.546912,1.078913,-1.080872,8.961391,6.461938E-05
初号机（完全体）,1.2,0.02,5.3,0.3409174,-0.3669631,1.554863,1.078913,-1.491577,9.271308,6.461938E-05
初号机（完全体）,1.2,0.02,5.32,0.2772596,-0.5196665,1.562469,1.078913,-2.38269,9.942713,6.461938E-05
初号机（完全体）,1.2,0.02,5.34,0.1847372,-0.6308565,1.567942,1.078913,-3.677826,10.91601,6.461938E-05
初号机（完全体）,1.2,0.02,5.36,0.07567702,-0.6829135,1.57,1.078913,-5.204498,12.05899,6.461938E-05
初号机（完全体）,1.2,0.02,5.38,-0.03239758,-0.6701739,1.56817,1.078913,-6.717346,13.1866,6.461938E-05
初号机（完全体）,1.2,0.02,5.4,-0.1196341,-0.6008209,1.562905,1.078913,-7.938507,14.09274,6.461938E-05
初号机（完全体）,1.2,0.02,5.42,-0.185566,-0.4953315,1.555476,1.078913,-8.86142,14.77501,6.461938E-05
初号机（完全体）,1.2,0.02,5.44,-0.2353963,-0.3818827,1.54767,1.078913,-9.55896,15.28909,6.461938E-05
初号机（完全体）,1.2,0.02,5.46,-0.2730572,-0.2886207,1.541281,1.078913,-10.08615,15.6767,6.461938E-05
初号机（完全体）,1.2,0.02,5.48,-0.3015207,-0.2181349,1.536452,1.078913,-10.48459,15.9691,6.461938E-05
初号机（完全体）,1.2,0.02,5.5,-0.3230329,-0.1502523,1.533752,1.078913,-10.78571,16.18976,6.461938E-05
初号机（完全体）,1.2,0.02,5.52,-0.3392915,-0.05861244,1.534334,1.078913,-11.01331,16.35635,6.461938E-05
初号机（完全体）,1.2,0.02,5.54,-0.3515795,0.06705495,1.53844,1.078913,-11.1853,16.48215,6.461938E-05
初号机（完全体）,1.2,0.02,5.56,-0.3498268,0.2210135,1.545377,1.078913,-11.16077,16.46422,6.461938E-05
初号机（完全体）,1.2,0.02,5.58,-0.3181559,0.3848133,1.553703,1.078913,-10.71744,16.13975,6.461938E-05
初号机（完全体）,1.2,0.02,5.6,-0.2527377,0.5331573,1.561592,1.078913,-9.801697,15.46767,6.461938E-05
初号机（完全体）,1.2,0.02,5.62,-0.1588848,0.6410526,1.567279,1.078913,-8.487946,14.49919,6.461938E-05
初号机（完全体）,1.2,0.02,5.64,-0.04881909,0.6906196,1.569499,1.078913,-6.947205,13.35746,6.461938E-05
初号机（完全体）,1.2,0.02,5.66,0.06001548,0.675998,1.567792,1.078913,-5.423737,12.22272,6.461938E-05
初号机（完全体）,1.2,0.02,5.68,0.1478263,0.6052226,1.562619,1.078913,-4.194519,11.30338,6.461938E-05
初号机（完全体）,1.2,0.02,5.7,0.2141924,0.4986583,1.55526,1.078913,-3.265533,10.60649,6.461938E-05
初号机（完全体）,1.2,0.02,5.72,0.2643507,0.3843971,1.547506,1.078913,-2.563385,10.0787,6.461938E-05
初号机（完全体）,1.2,0.02,5.74,0.3022596,0.2905211,1.541157,1.078913,-2.032745,9.679199,6.461938E-05
初号机（完全体）,1.2,0.02,5.76,0.3309105,0.2049606,1.537308,1.078913,-1.631683,9.376943,6.461938E-05
初号机（完全体）,1.2,0.02,5.78,0.3525644,0.09996009,1.537021,1.078913,-1.328552,9.148325,6.461938E-05
初号机（完全体）,1.2,0.02,5.8,0.36893,-0.03580507,1.540471,1.078913,-1.099457,8.975436,6.461938E-05
初号机（完全体）,1.2,0.02,5.82,0.3702592,-0.1973954,1.546912,1.078913,-1.080872,8.961391,6.461938E-05
初号机（完全体）,1.2,0.02,5.84,0.3409174,-0.3669631,1.554863,1.078913,-1.491577,9.271308,6.461938E-05
初号机（完全体）,1.2,0.02,5.86,0.2772596,-0.5196665,1.562469,1.078913,-2.38269,9.942713,6.461938E-05
初号机（完全体）,1.2,0.02,5.88,0.1847372,-0.6308565,1.567942,1.078913,-3.677826,10.91601,6.461938E-05
初号机（完全体）,1.2,0.02,5.9,0.07567702,-0.6829135,1.57,1.078913,-5.204498,12.05899,6.461938E-05
初号机（完全体）,1.2,0.02,5.92,-0.03239758,-0.6701739,1.56817,1.078913,-6.717346,13.1866,6.461938E-05
初号机（完全体）,1.2,0.02,5.94,-0.1196341,-0.6008209,1.562905,1.078913,-7.938507,14.09274,6.461938E-05
初号机（完全体）,1.2,0.02,5.96,-0.185566,-0.4953315,1.555476,1.078913,-8.86142,14.77501,6.461938E-05
初号机（完全体）,1.2,0.02,5.98,-0.2353963,-0.3818827,1.54767,1.078913,-9.55896,15.28909,6.461938E-05
初号机（完全体）,1.2,0.02,6,-0.2730572,-0.2886207,1.541281,1.078913,-10.08615,15.6767,6.461938E-05
初号机（完全体）,1.2,0.02,6.02,-0.3015207,-0.2181349,1.536452,1.078913,-10.48459,15.9691,6.461938E-05
初号机（完全体）,1.2,0.02,6.04,-0.3230329,-0.1502523,1.533752,1.078913,-10.78571,16.18976,6.461938E-05
初号机（完全体）,1.2,0.02,6.06,-0.3392915,-0.05861244,1.534334,1.078913,-11.01331,16.35635,6.461938E-05
初号机（完全体）,1.2,0.02,6.08,-0.3515795,0.06705495,1.53844,1.078913,-11.1853,16.48215,6.461938E-05
初号机（完全体）,1.2,0.02,6.1,-0.3498268,0.2210135,1.545377,1.078913,-11.16077,16.46422,6.461938E-05
初号机（完全体）,1.2,0.02,6.12,-0.3181559,0.3848133,1.553703,1.078913,-10.71744,16.13975,6.461938E-05
初号机（完全体）,1.2,0.02,6.14,-0.2527377,0.5331573,1.561592,1.078913,-9.801697,15.46767,6.461938E-05
初号机（完全体）,1.2,0.02,6.16,-0.1588848,0.6410526,1.567279,1.078913,-8.487946,14.49919,6.461938E-05
初号机（完全体）,1.2,0.02,6.18,-0.04881909,0.6906196,1.569499,1.078913,-6.947205,13.35746,6.461938E-05
初号机（完全体）,1.2,0.02,6.2,0.06001548,0.675998,1.567792,1.078913,-5.423737,12.22272,6.461938E-05
初号机（完全体）,1.2,0.02,6.22,0.1478263,0.6052226,1.562619,1.078913,-4.194519,11.30338,6.461938E-05
初号机（完全体）,1.2,0.02,6.24,0.2141924,0.4986583,1.55526,1.078913,-3.265503,10.60649,6.461938E-05
初号机（完全体）,1.2,0.02,6.26,0.2643507,0.3843971,1.547506,1.078913,-2.563385,10.0787,6.461938E-05
初号机（完全体）,1.2,0.02,6.28,0.3022596,0.2905211,1.541157,1.078913,-2.032745,9.679199,6.461938E-05
初号机（完全体）,1.2,0.02,6.3,0.3309105,0.2049606,1.537308,1.078913,-1.631683,9.376943,6.461938E-05
初号机（完全体）,1.2,0.02,6.32,0.3525644,0.09996009,1.537021,1.078913,-1.328552,9.148325,6.461938E-05
初号机（完全体）,1.2,0.02,6.34,0.36893,-0.03580507,1.540471,1.078913,-1.099457,8.975436,6.461938E-05
初号机（完全体）,1.2,0.02,6.36,0.3702592,-0.1973954,1.546912,1.078913,-1.080872,8.961391,6.461938E-05
初号机（完全体）,1.2,0.02,6.38,0.3409174,-0.3669631,1.554863,1.078913,-1.491577,9.271308,6.461938E-05
初号机（完全体）,1.2,0.02,6.4,0.2772596,-0.5196665,1.562469,1.078913,-2.38269,9.942713,6.461938E-05
初号机（完全体）,1.2,0.02,6.42,0.1847372,-0.6308565,1.567942,1.078913,-3.677826,10.91601,6.461938E-05
初号机（完全体）,1.2,0.02,6.44,0.07567702,-0.6829135,1.57,1.078913,-5.204498,12.05899,6.461938E-05
初号机（完全体）,1.2,0.02,6.46,-0.03239758,-0.6701739,1.56817,1.078913,-6.717346,13.1866,6.461938E-05
初号机（完全体）,1.2,0.02,6.48,-0.1196341,-0.6008209,1.562905,1.078913,-7.938507,14.09274,6.461938E-05
初号机（完全体）,1.2,0.02,6.5,-0.185566,-0.4953315,1.555476,1.078913,-8.86142,14.77501,6.461938E-05
初号机（完全体）,1.2,0.02,6.52,-0.2353963,-0.3818827,1.54767,1.078913,-9.55896,15.28909,6.461938E-05
初号机（完全体）,1.2,0.02,6.54,-0.2730572,-0.2886207,1.541281,1.078913,-10.08615,15.6767,6.461938E-05
初号机（完全体）,1.2,0.02,6.56,-0.3015207,-0.2181349,1.536452,1.078913,-10.48459,15.9691,6.461938E-05
初号机（完全体）,1.2,0.02,6.58,-0.3230329,-0.1502523,1.533752,1.078913,-10.78571,16.18976,6.461938E-05
初号机（完全体）,1.2,0.02,6.6,-0.3392915,-0.05861244,1.534334,1.078913,-11.01331,16.35635,6.461938E-05
初号机（完全体）,1.2,0.02,6.62,-0.3515795,0.06705495,1.53844,1.078913,-11.1853,16.48215,6.461938E-05
初号机（完全体）,1.2,0.02,6.64,-0.3498267,0.2210135,1.545377,1.078913,-11.16077,16.46421,6.461938E-05
初号机（完全体）,1.2,0.02,6.66,-0.3181557,0.3848133,1.553703,1.078913,-10.71744,16.13975,6.461938E-05
初号机（完全体）,1.2,0.02,6.68,-0.2527375,0.5331573,1.561592,1.078913,-9.801697,15.46767,6.461938E-05
初号机（完全体）,1.2,0.02,6.7,-0.1588845,0.6410526,1.567279,1.078913,-8.487946,14.49919,6.461938E-05
初号机（完全体）,1.2,0.02,6.72,-0.04881885,0.6906196,1.569499,1.078913,-6.947205,13.35746,6.461938E-05
初号机（完全体）,1.2,0.02,6.74,0.06001595,0.675998,1.567792,1.078913,-5.423706,12.22272,6.461938E-05
初号机（完全体）,1.2,0.02,6.76,0.1478268,0.6052226,1.562619,1.078913,-4.194519,11.30338,6.461938E-05
初号机（完全体）,1.2,0.02,6.78,0.2141929,0.4986583,1.55526,1.078913,-3.265503,10.60649,6.461938E-05
初号机（完全体）,1.2,0.02,6.8,0.2643512,0.3843971,1.547506,1.078913,-2.563385,10.07869,6.461938E-05
初号机（完全体）,1.2,0.02,6.82,0.3022601,0.2905211,1.541157,1.078913,-2.032715,9.679194,6.461938E-05
初号机（完全体）,1.2,0.02,6.84,0.330911,0.2049606,1.537308,1.078913,-1.631653,9.376937,6.461938E-05
初号机（完全体）,1.2,0.02,6.86,0.3525649,0.09996009,1.537021,1.078913,-1.328552,9.148319,6.461938E-05
初号机（完全体）,1.2,0.02,6.88,0.3689306,-0.03580507,1.540471,1.078913,-1.099457,8.975431,6.461938E-05
初号机（完全体）,1.2,0.02,6.9,0.3702596,-0.1973954,1.546912,1.078913,-1.080841,8.96139,6.461938E-05
初号机（完全体）,1.2,0.02,6.92,0.3409179,-0.3669631,1.554863,1.078913,-1.491577,9.271303,6.461938E-05
初号机（完全体）,1.2,0.02,6.94,0.2772598,-0.5196665,1.562469,1.078913,-2.38269,9.942712,6.461938E-05
初号机（完全体）,1.2,0.02,6.96,0.1847373,-0.6308565,1.567942,1.078913,-3.677826,10.916,6.461938E-05
初号机（完全体）,1.2,0.02,6.98,0.07567715,-0.6829135,1.57,1.078941,-5.204468,12.059,6.461938E-05
初号机（完全体）,1.2,0.02,7,-0.03239777,-0.6701739,1.56817,1.078956,-6.717316,13.18662,6.461938E-05
初号机（完全体）,1.2,0.02,7.02,-0.1196344,-0.6008209,1.562905,1.078964,-7.938477,14.09277,6.461938E-05
初号机（完全体）,1.2,0.02,7.04,-0.1855663,-0.4953315,1.555476,1.078966,-8.861389,14.77504,6.461938E-05
初号机（完全体）,1.2,0.02,7.06,-0.2353967,-0.3818827,1.54767,1.078966,-9.558929,15.28912,6.461938E-05
初号机（完全体）,1.2,0.02,7.08,-0.2730576,-0.2886207,1.541281,1.078964,-10.08612,15.67673,6.461938E-05
初号机（完全体）,1.2,0.02,7.1,-0.3015212,-0.2181349,1.536452,1.078961,-10.48456,15.96912,6.461938E-05
初号机（完全体）,1.2,0.02,7.12,-0.3230334,-0.1502523,1.533752,1.078958,-10.78571,16.18979,6.461938E-05
初号机（完全体）,1.2,0.02,7.14,-0.339292,-0.05861244,1.534334,1.078955,-11.01328,16.35638,6.461938E-05
初号机（完全体）,1.2,0.02,7.16,-0.3515801,0.06705495,1.53844,1.078952,-11.1853,16.48217,6.461938E-05
初号机（完全体）,1.2,0.02,7.18,-0.3498273,0.2210135,1.545377,1.078949,-11.16077,16.46424,6.461938E-05
初号机（完全体）,1.2,0.02,7.2,-0.3181562,0.3848133,1.553703,1.078946,-10.71744,16.13978,6.461938E-05
初号机（完全体）,1.2,0.02,7.22,-0.2527376,0.5331573,1.561592,1.078944,-9.801697,15.46769,6.461938E-05
初号机（完全体）,1.2,0.02,7.24,-0.1588843,0.6410526,1.567279,1.078942,-8.487915,14.4992,6.461938E-05
初号机（完全体）,1.2,0.02,7.26,-0.04881801,0.6906196,1.569499,1.078941,-6.947174,13.35746,6.461938E-05
初号机（完全体）,1.2,0.02,7.28,0.06001703,0.675998,1.567792,1.07894,-5.423676,12.22272,6.461938E-05
初号机（完全体）,1.2,0.02,7.3,0.1478284,0.6052226,1.562619,1.078939,-4.194489,11.30337,6.461938E-05
初号机（完全体）,1.2,0.02,7.32,0.2141948,0.4986583,1.55526,1.078938,-3.265472,10.60648,6.461938E-05
初号机（完全体）,1.2,0.02,7.34,0.2643534,0.3843971,1.547506,1.078937,-2.563324,10.07868,6.461938E-05
初号机（完全体）,1.2,0.02,7.36,0.3022625,0.2905211,1.541157,1.078936,-2.032684,9.67918,6.461938E-05
初号机（完全体）,1.2,0.02,7.38,0.3309136,0.2049606,1.537308,1.078936,-1.631622,9.376922,6.461938E-05
初号机（完全体）,1.2,0.02,7.4,0.3525676,0.09996009,1.537021,1.078936,-1.328491,9.148301,6.461938E-05
初号机（完全体）,1.2,0.02,7.42,0.3689333,-0.03580507,1.540471,1.078935,-1.099396,8.975413,6.461938E-05
初号机（完全体）,1.2,0.02,7.44,0.3702624,-0.1973954,1.546912,1.078935,-1.080811,8.961369,6.461938E-05
初号机（完全体）,1.2,0.02,7.46,0.3409203,-0.3669631,1.554863,1.078935,-1.491547,9.27129,6.461938E-05
初号机（完全体）,1.2,0.02,7.48,0.2772613,-0.5196665,1.562469,1.078935,-2.38266,9.942703,6.461938E-05
初号机（完全体）,1.2,0.02,7.5,0.1847376,-0.6308565,1.567942,1.078935,-3.677826,10.91601,6.461938E-05
初号机（完全体）,1.2,0.02,7.52,0.07567589,-0.6829135,1.57,1.078935,-5.204498,12.05902,6.461938E-05
初号机（完全体）,1.2,0.02,7.54,-0.03240018,-0.6701739,1.56817,1.078935,-6.717377,13.18664,6.461938E-05
初号机（完全体）,1.2,0.02,7.56,-0.1196379,-0.6008209,1.562905,1.078935,-7.938538,14.0928,6.461938E-05
初号机（完全体）,1.2,0.02,7.58,-0.1855708,-0.4953315,1.555476,1.078935,-8.861481,14.77507,6.461938E-05
初号机（完全体）,1.2,0.02,7.6,-0.2354018,-0.3818827,1.54767,1.078935,-9.559021,15.28916,6.461938E-05
初号机（完全体）,1.2,0.02,7.62,-0.2730632,-0.2886207,1.541281,1.078935,-10.08621,15.67677,6.461938E-05
初号机（完全体）,1.2,0.02,7.64,-0.3015271,-0.2181349,1.536452,1.078935,-10.48465,15.96917,6.461938E-05
初号机（完全体）,1.2,0.02,7.66,-0.3230397,-0.1502523,1.533752,1.078935,-10.7858,16.18984,6.461938E-05
初号机（完全体）,1.2,0.02,7.68,-0.3392985,-0.05861244,1.534334,1.078935,-11.0134,16.35644,6.461938E-05
初号机（完全体）,1.2,0.02,7.7,-0.3515867,0.06705495,1.53844,1.078935,-11.18539,16.48223,6.461938E-05
初号机（完全体）,1.2,0.02,7.72,-0.3498341,0.2210135,1.545377,1.078935,-11.16086,16.4643,6.461938E-05
初号机（完全体）,1.2,0.02,7.74,-0.3181625,0.3848133,1.553703,1.078935,-10.71753,16.13984,6.461938E-05
初号机（完全体）,1.2,0.02,7.76,-0.252743,0.5331573,1.561592,1.078935,-9.801758,15.46774,6.461938E-05
初号机（完全体）,1.2,0.02,7.78,-0.1588881,0.6410526,1.567279,1.078935,-8.487976,14.49924,6.461938E-05
初号机（完全体）,1.2,0.02,7.8,-0.04882025,0.6906196,1.569499,1.078935,-6.947205,13.35748,6.461938E-05
初号机（完全体）,1.2,0.02,7.82,0.06001649,0.675998,1.567792,1.078935,-5.423706,12.22272,6.461938E-05
初号机（完全体）,1.2,0.02,7.84,0.1478291,0.6052226,1.562619,1.078935,-4.194458,11.30336,6.461938E-05
初号机（完全体）,1.2,0.02,7.86,0.2141965,0.4986583,1.55526,1.078935,-3.265442,10.60646,6.461938E-05
初号机（完全体）,1.2,0.02,7.88,0.2643559,0.3843971,1.547506,1.078935,-2.563293,10.07865,6.461938E-05
初号机（完全体）,1.2,0.02,7.9,0.3022656,0.2905211,1.541157,1.078935,-2.032623,9.679147,6.461938E-05
初号机（完全体）,1.2,0.02,7.92,0.330917,0.2049606,1.537308,1.078935,-1.631561,9.376886,6.461938E-05
初号机（完全体）,1.2,0.02,7.94,0.3525714,0.09996009,1.537021,1.078935,-1.32843,9.148261,6.461938E-05
初号机（完全体）,1.2,0.02,7.96,0.3689374,-0.03580507,1.540471,1.078935,-1.099335,8.97537,6.461938E-05
初号机（完全体）,1.2,0.02,7.98,0.3702666,-0.1973954,1.546912,1.078935,-1.08075,8.961326,6.461938E-05
初号机（完全体）,1.2,0.02,8,0.3409244,-0.3669631,1.554863,1.078935,-1.491486,9.271249,6.461938E-05
初号机（完全体）,1.2,0.02,8.02,0.2772653,-0.5196665,1.562469,1.078935,-2.382599,9.942665,6.461938E-05
初号机（完全体）,1.2,0.02,8.04,0.1847409,-0.6308565,1.567942,1.078935,-3.677765,10.91598,6.461938E-05
初号机（完全体）,1.2,0.02,8.059999,0.07567868,-0.6829135,1.57,1.078935,-5.204437,12.05899,6.461938E-05
初号机（完全体）,1.2,0.02,8.08,-0.03239807,-0.6701739,1.56817,1.078935,-6.717346,13.18661,6.461938E-05
初号机（完全体）,1.2,0.02,8.099999,-0.1196363,-0.6008209,1.562905,1.078935,-7.938507,14.09278,6.461938E-05
初号机（完全体）,1.2,0.02,8.12,-0.1855696,-0.4953315,1.555476,1.078935,-8.86145,14.77505,6.461938E-05
初号机（完全体）,1.2,0.02,8.139999,-0.2354009,-0.3818827,1.54767,1.078935,-9.559021,15.28915,6.461938E-05
初号机（完全体）,1.2,0.02,8.16,-0.2730625,-0.2886207,1.541281,1.078935,-10.08621,15.67676,6.461938E-05
初号机（完全体）,1.2,0.02,8.179999,-0.3015266,-0.2181349,1.536452,1.078935,-10.48465,15.96916,6.461938E-05
初号机（完全体）,1.2,0.02,8.2,-0.3230393,-0.1502523,1.533752,1.078935,-10.7858,16.18984,6.461938E-05
初号机（完全体）,1.2,0.02,8.22,-0.3392982,-0.05861244,1.534334,1.078935,-11.0134,16.35643,6.461938E-05
初号机（完全体）,1.2,0.02,8.24,-0.3515865,0.06705495,1.53844,1.078935,-11.18539,16.48223,6.461938E-05
初号机（完全体）,1.2,0.02,8.26,-0.3498339,0.2210135,1.545377,1.078935,-11.16086,16.4643,6.461938E-05
初号机（完全体）,1.2,0.02,8.28,-0.3181623,0.3848133,1.553703,1.078935,-10.71753,16.13984,6.461938E-05
初号机（完全体）,1.2,0.02,8.3,-0.2527429,0.5331573,1.561592,1.078935,-9.801758,15.46774,6.461938E-05
初号机（完全体）,1.2,0.02,8.32,-0.158888,0.6410526,1.567279,1.078935,-8.487976,14.49923,6.461938E-05
初号机（完全体）,1.2,0.02,8.34,-0.0488202,0.6906196,1.569499,1.078935,-6.947205,13.35748,6.461938E-05
初号机（完全体）,1.2,0.02,8.36,0.06001654,0.675998,1.567792,1.078935,-5.423706,12.22272,6.461938E-05
初号机（完全体）,1.2,0.02,8.38,0.1478292,0.6052226,1.562619,1.078935,-4.194458,11.30336,6.461938E-05
初号机（完全体）,1.2,0.02,8.4,0.2141965,0.4986583,1.55526,1.078935,-3.265442,10.60646,6.461938E-05
初号机（完全体）,1.2,0.02,8.42,0.2643559,0.3843971,1.547506,1.078935,-2.563293,10.07865,6.461938E-05
初号机（完全体）,1.2,0.02,8.44,0.3022656,0.2905211,1.541157,1.078935,-2.032623,9.679147,6.461938E-05
初号机（完全体）,1.2,0.02,8.46,0.330917,0.2049606,1.537308,1.078935,-1.631561,9.376886,6.461938E-05
初号机（完全体）,1.2,0.02,8.48,0.3525714,0.09996009,1.537021,1.078935,-1.32843,9.148261,6.461938E-05
初号机（完全体）,1.2,0.02,8.5,0.3689374,-0.03580507,1.540471,1.078935,-1.099335,8.97537,6.461938E-05
初号机（完全体）,1.2,0.02,8.52,0.3702666,-0.1973954,1.546912,1.078935,-1.08075,8.961326,6.461938E-05
初号机（完全体）,1.2,0.02,8.54,0.3409244,-0.3669631,1.554863,1.078935,-1.491486,9.271249,6.461938E-05
初号机（完全体）,1.2,0.02,8.559999,0.2772653,-0.5196665,1.562469,1.078935,-2.382599,9.942665,6.461938E-05
初号机（完全体）,1.2,0.02,8.58,0.1847409,-0.6308565,1.567942,1.078935,-3.677765,10.91598,6.461938E-05
初号机（完全体）,1.2,0.02,8.599999,0.07567868,-0.6829135,1.57,1.078935,-5.204437,12.05899,6.461938E-05
初号机（完全体）,1.2,0.02,8.62,-0.03239807,-0.6701739,1.56817,1.078935,-6.717346,13.18661,6.461938E-05
初号机（完全体）,1.2,0.02,8.639999,-0.1196363,-0.6008209,1.562905,1.078935,-7.938507,14.09278,6.461938E-05
初号机（完全体）,1.2,0.02,8.66,-0.1855696,-0.4953315,1.555476,1.078935,-8.86145,14.77505,6.461938E-05
初号机（完全体）,1.2,0.02,8.679999,-0.2354009,-0.3818827,1.54767,1.078935,-9.559021,15.28915,6.461938E-05
初号机（完全体）,1.2,0.02,8.7,-0.2730625,-0.2886207,1.541281,1.078935,-10.08621,15.67676,6.461938E-05
初号机（完全体）,1.2,0.02,8.72,-0.3015266,-0.2181349,1.536452,1.078935,-10.48465,15.96916,6.461938E-05
初号机（完全体）,1.2,0.02,8.74,-0.3230393,-0.1502523,1.533752,1.078935,-10.7858,16.18984,6.461938E-05
初号机（完全体）,1.2,0.02,8.76,-0.3392982,-0.05861244,1.534334,1.078935,-11.0134,16.35643,6.461938E-05
初号机（完全体）,1.2,0.02,8.78,-0.3515865,0.06705495,1.53844,1.078935,-11.18539,16.48223,6.461938E-05
初号机（完全体）,1.2,0.02,8.8,-0.3498339,0.2210135,1.545377,1.078935,-11.16086,16.4643,6.461938E-05
初号机（完全体）,1.2,0.02,8.82,-0.3181623,0.3848133,1.553703,1.078935,-10.71753,16.13984,6.461938E-05
初号机（完全体）,1.2,0.02,8.84,-0.2527429,0.5331573,1.561592,1.078935,-9.801758,15.46774,6.461938E-05
初号机（完全体）,1.2,0.02,8.86,-0.158888,0.6410526,1.567279,1.078935,-8.487976,14.49923,6.461938E-05
初号机（完全体）,1.2,0.02,8.88,-0.0488202,0.6906196,1.569499,1.078935,-6.947205,13.35748,6.461938E-05
初号机（完全体）,1.2,0.02,8.9,0.06001654,0.675998,1.567792,1.078935,-5.423706,12.22272,6.461938E-05
初号机（完全体）,1.2,0.02,8.92,0.1478292,0.6052226,1.562619,1.078935,-4.194458,11.30336,6.461938E-05
初号机（完全体）,1.2,0.02,8.94,0.2141965,0.4986583,1.55526,1.078935,-3.265442,10.60646,6.461938E-05
初号机（完全体）,1.2,0.02,8.96,0.2643559,0.3843971,1.547506,1.078935,-2.563293,10.07865,6.461938E-05
初号机（完全体）,1.2,0.02,8.98,0.3022656,0.2905211,1.541157,1.078935,-2.032623,9.679147,6.461938E-05
初号机（完全体）,1.2,0.02,9,0.330917,0.2049606,1.537308,1.078935,-1.631561,9.376886,6.461938E-05
初号机（完全体）,1.2,0.02,9.02,0.3525714,0.09996009,1.537021,1.078935,-1.32843,9.148261,6.461938E-05
初号机（完全体）,1.2,0.02,9.04,0.3689374,-0.03580507,1.540471,1.078935,-1.099335,8.97537,6.461938E-05
初号机（完全体）,1.2,0.02,9.059999,0.3702666,-0.1973954,1.546912,1.078935,-1.08075,8.961326,6.461938E-05
初号机（完全体）,1.2,0.02,9.08,0.3409244,-0.3669631,1.554863,1.078935,-1.491486,9.271249,6.461938E-05
初号机（完全体）,1.2,0.02,9.099999,0.2772653,-0.5196665,1.562469,1.078935,-2.382599,9.942665,6.461938E-05
初号机（完全体）,1.2,0.02,9.12,0.1847409,-0.6308565,1.567942,1.078935,-3.677765,10.91598,6.461938E-05
初号机（完全体）,1.2,0.02,9.139999,0.07567868,-0.6829135,1.57,1.078935,-5.204437,12.05899,6.461938E-05
初号机（完全体）,1.2,0.02,9.16,-0.03239807,-0.6701739,1.56817,1.078935,-6.717346,13.18661,6.461938E-05
初号机（完全体）,1.2,0.02,9.179999,-0.1196363,-0.6008209,1.562905,1.078935,-7.938507,14.09278,6.461938E-05
初号机（完全体）,1.2,0.02,9.2,-0.1855696,-0.4953315,1.555476,1.078935,-8.86145,14.77505,6.461938E-05
初号机（完全体）,1.2,0.02,9.22,-0.2354009,-0.3818827,1.54767,1.078935,-9.559021,15.28915,6.461938E-05
初号机（完全体）,1.2,0.02,9.24,-0.2730625,-0.2886207,1.541281,1.078935,-10.08621,15.67676,6.461938E-05
初号机（完全体）,1.2,0.02,9.26,-0.3015266,-0.2181349,1.536452,1.078935,-10.48465,15.96916,6.461938E-05
初号机（完全体）,1.2,0.02,9.28,-0.3230393,-0.1502523,1.533752,1.078935,-10.7858,16.18984,6.461938E-05
初号机（完全体）,1.2,0.02,9.3,-0.3392982,-0.05861244,1.534334,1.078935,-11.0134,16.35643,6.461938E-05
初号机（完全体）,1.2,0.02,9.32,-0.3515865,0.06705495,1.53844,1.078935,-11.18539,16.48223,6.461938E-05
初号机（完全体）,1.2,0.02,9.34,-0.3498339,0.2210135,1.545377,1.078935,-11.16086,16.4643,6.461938E-05
初号机（完全体）,1.2,0.02,9.36,-0.3181623,0.3848133,1.553703,1.078935,-10.71753,16.13984,6.461938E-05
初号机（完全体）,1.2,0.02,9.38,-0.2527429,0.5331573,1.561592,1.078935,-9.801758,15.46774,6.461938E-05
初号机（完全体）,1.2,0.02,9.4,-0.158888,0.6410526,1.567279,1.078935,-8.487976,14.49923,6.461938E-05
初号机（完全体）,1.2,0.02,9.42,-0.0488202,0.6906196,1.569499,1.078935,-6.947205,13.35748,6.461938E-05
初号机（完全体）,1.2,0.02,9.44,0.06001654,0.675998,1.567792,1.078935,-5.423706,12.22272,6.461938E-05
初号机（完全体）,1.2,0.02,9.46,0.1478292,0.6052226,1.562619,1.078935,-4.194458,11.30336,6.461938E-05
初号机（完全体）,1.2,0.02,9.48,0.2141965,0.4986583,1.55526,1.078935,-3.265442,10.60646,6.461938E-05
初号机（完全体）,1.2,0.02,9.5,0.2643559,0.3843971,1.547506,1.078935,-2.563293,10.07865,6.461938E-05
初号机（完全体）,1.2,0.02,9.52,0.3022656,0.2905211,1.541157,1.078935,-2.032623,9.679147,6.461938E-05
初号机（完全体）,1.2,0.02,9.54,0.330917,0.2049606,1.537308,1.078935,-1.631561,9.376886,6.461938E-05
初号机（完全体）,1.2,0.02,9.559999,0.3525714,0.09996009,1.537021,1.078935,-1.32843,9.148261,6.461938E-05
初号机（完全体）,1.2,0.02,9.58,0.3689374,-0.03580507,1.540471,1.078935,-1.099335,8.97537,6.461938E-05
初号机（完全体）,1.2,0.02,9.599999,0.3702666,-0.1973954,1.546912,1.078935,-1.08075,8.961326,6.461938E-05
初号机（完全体）,1.2,0.02,9.62,0.3409244,-0.3669631,1.554863,1.078935,-1.491486,9.271249,6.461938E-05
初号机（完全体）,1.2,0.02,9.639999,0.2772653,-0.5196665,1.562469,1.078935,-2.382599,9.942665,6.461938E-05
初号机（完全体）,1.2,0.02,9.66,0.1847409,-0.6308565,1.567942,1.078935,-3.677765,10.91598,6.461938E-05
初号机（完全体）,1.2,0.02,9.679999,0.07567868,-0.6829135,1.57,1.078935,-5.204437,12.05899,6.461938E-05
初号机（完全体）,1.2,0.02,9.7,-0.03239807,-0.6701739,1.56817,1.078935,-6.717346,13.18661,6.461938E-05
初号机（完全体）,1.2,0.02,9.719999,-0.1196363,-0.6008209,1.562905,1.078935,-7.938507,14.09278,6.461938E-05
初号机（完全体）,1.2,0.02,9.74,-0.1855696,-0.4953315,1.555476,1.078935,-8.86145,14.77505,6.461938E-05
初号机（完全体）,1.2,0.02,9.76,-0.2354009,-0.3818827,1.54767,1.078935,-9.559021,15.28915,6.461938E-05
初号机（完全体）,1.2,0.02,9.78,-0.2730625,-0.2886207,1.541281,1.078935,-10.08621,15.67676,6.461938E-05
初号机（完全体）,1.2,0.02,9.8,-0.3015266,-0.2181349,1.536452,1.078935,-10.48465,15.96916,6.461938E-05
初号机（完全体）,1.2,0.02,9.82,-0.3230393,-0.1502523,1.533752,1.078935,-10.7858,16.18984,6.461938E-05
初号机（完全体）,1.2,0.02,9.84,-0.3392982,-0.05861244,1.534334,1.078935,-11.0134,16.35643,6.461938E-05
初号机（完全体）,1.2,0.02,9.86,-0.3515865,0.06705495,1.53844,1.078935,-11.18539,16.48223,6.461938E-05
初号机（完全体）,1.2,0.02,9.88,-0.3498339,0.2210135,1.545377,1.078935,-11.16086,16.4643,6.461938E-05
初号机（完全体）,1.2,0.02,9.9,-0.3181623,0.3848133,1.553703,1.078935,-10.71753,16.13984,6.461938E-05
初号机（完全体）,1.2,0.02,9.92,-0.2527429,0.5331573,1.561592,1.078935,-9.801758,15.46774,6.461938E-05
初号机（完全体）,1.2,0.02,9.94,-0.158888,0.6410526,1.567279,1.078935,-8.487976,14.49923,6.461938E-05
初号机（完全体）,1.2,0.02,9.96,-0.0488202,0.6906196,1.569499,1.078935,-6.947205,13.35748,6.461938E-05
初号机（完全体）,1.2,0.02,9.98,0.06001654,0.675998,1.567792,1.078935,-5.423706,12.22272,6.461938E-05
初号机（完全体）,4,0.02,0,-1.009863E-22,-1.348531E-23,1.661509,-2.405613E-21,-6.965027,12.36129,7.450596E-06
初号机（完全体）,4,0.02,0.02,-7.632383E-23,-1.019198E-23,1.661509,0.09317023,-6.90448,12.40346,7.450596E-06
初号机（完全体）,4,0.02,0.04,-5.768431E-23,-7.702932E-24,1.661509,0.1919549,-6.840271,12.44816,1.078845E-05
初号机（完全体）,4,0.02,0.06,-4.359686E-23,-5.821751E-24,1.661509,0.2902317,-6.776398,12.49262,1.162292E-05
初号机（完全体）,4,0.02,0.08,6.23397E-05,0.01348719,1.648386,0.3845118,-6.714264,12.53462,6.122817E-05
初号机（完全体）,4,0.02,0.09999999,0.001439273,0.04682584,1.647877,0.4730232,-6.637451,12.56028,6.122817E-05
初号机（完全体）,4,0.02,0.12,0.006628828,0.1016589,1.644477,0.5550844,-6.511475,12.54323,6.122817E-05
初号机（完全体）,4,0.02,0.14,0.01824305,0.1734513,1.635715,0.6306798,-6.299774,12.45618,6.122817E-05
初号机（完全体）,4,0.02,0.16,0.03815264,0.2518656,1.621797,0.7001775,-5.975922,12.27969,6.154017E-05
初号机（完全体）,4,0.02,0.18,0.06684049,0.3228934,1.605869,0.7641441,-5.532745,12.00875,6.154017E-05
初号机（完全体）,4,0.02,0.2,0.1029131,0.3722511,1.590543,0.8232273,-4.98941,11.65799,6.154017E-05
初号机（完全体）,4,0.02,0.22,0.1427313,0.3892389,1.575485,0.8780832,-4.396362,11.26555,6.154017E-05
初号机（完全体）,4,0.02,0.24,0.1815052,0.3701177,1.559566,0.9293348,-3.820282,10.88187,6.154017E-05
初号机（完全体）,4,0.02,0.26,0.2189911,0.3201309,1.542317,0.9775485,-3.264221,10.50984,6.154017E-05
初号机（完全体）,4,0.02,0.28,0.2473224,0.2525065,1.537922,1.023226,-2.837952,10.23258,6.154017E-05
初号机（完全体）,4,0.02,0.3,0.2687347,0.1908403,1.533913,1.066803,-2.509888,10.02699,6.154017E-05
初号机（完全体）,4,0.02,0.32,0.2849177,0.144234,1.530884,1.108649,-2.256165,9.875593,6.154017E-05
初号机（完全体）,4,0.02,0.34,0.2971486,0.0963845,1.529415,1.149076,-2.058685,9.765142,6.154017E-05
初号机（完全体）,4,0.02,0.36,0.3063926,0.02495567,1.530597,1.188347,-1.903748,9.685624,6.154017E-05
初号机（完全体）,4,0.02,0.38,0.313379,-0.07964139,1.53478,1.226675,-1.781036,9.629464,6.154017E-05
初号机（完全体）,4,0.02,0.4,0.3160543,-0.2141878,1.541549,1.264239,-1.719177,9.618416,6.154017E-05
初号机（完全体）,4,0.02,0.42,0.3071509,-0.3647754,1.549843,1.301181,-1.819794,9.72918,6.154017E-05
初号机（完全体）,4,0.02,0.44,0.2837959,-0.5107808,1.558204,1.33762,-2.123047,9.99196,6.154017E-05
初号机（完全体）,4,0.02,0.46,0.2469025,-0.6299599,1.565097,1.373651,-2.616089,10.3968,6.154017E-05
初号机（完全体）,4,0.02,0.48,0.2002454,-0.7036749,1.569244,1.409349,-3.246002,10.90351,6.154017E-05
初号机（完全体）,4,0.02,0.5,0.1497619,-0.7212225,1.569897,1.444777,-3.929657,11.44932,6.154017E-05
初号机（完全体）,4,0.02,0.52,0.1030242,-0.6824052,1.567005,1.479983,-4.561005,11.95473,6.154017E-05
初号机（完全体）,4,0.02,0.54,0.06681632,-0.5978433,1.56123,1.515007,-5.045105,12.34911,6.154017E-05
初号机（完全体）,4,0.02,0.56,0.03945098,-0.4869831,1.553814,1.549879,-5.405487,12.65055,6.154017E-05
初号机（完全体）,4,0.02,0.58,0.01876871,-0.3742304,1.546326,1.584626,-5.672424,12.88192,6.461938E-05
初号机（完全体）,4,0.02,0.6,0.003137375,-0.2828373,1.540265,1.619266,-5.868744,13.06042,6.461938E-05
初号机（完全体）,4,0.02,0.62,-0.00867653,-0.2137638,1.535685,1.653814,-6.011658,13.199,6.461938E-05
初号机（完全体）,4,0.02,0.64,-0.01760529,-0.1468701,1.533177,1.688283,-6.114227,13.30745,6.461938E-05
初号机（完全体）,4,0.02,0.66,-0.0243535,-0.05577978,1.533917,1.722684,-6.18634,13.39314,6.461938E-05
初号机（完全体）,4,0.02,0.68,-0.02945368,0.06969015,1.538157,1.757023,-6.235413,13.46164,6.461938E-05
初号机（完全体）,4,0.02,0.7,-0.02500097,0.2236122,1.545202,1.791306,-6.150818,13.4308,6.461938E-05
初号机（完全体）,4,0.02,0.72,0.0009062672,0.387289,1.553605,1.825535,-5.7659,13.17671,6.461938E-05
初号机（完全体）,4,0.02,0.74,0.05118936,0.5351987,1.561528,1.859719,-5.039825,12.66817,6.461938E-05
初号机（完全体）,4,0.02,0.76,0.1219639,0.6422284,1.567208,1.89386,-4.026917,11.94422,6.461938E-05
初号机（完全体）,4,0.02,0.78,0.2042016,0.6905432,1.569382,1.927959,-2.853546,11.09792,6.461938E-05
初号机（完全体）,4,0.02,0.8,0.2849869,0.6745013,1.56761,1.962016,-1.700562,10.26433,6.461938E-05
初号机（完全体）,4,0.02,0.82,0.3498447,0.6024836,1.562377,1.996036,-0.7705688,9.596484,6.461938E-05
初号机（完全体）,4,0.02,0.84,0.3988632,0.495234,1.554989,2.030015,-0.06231689,9.094624,6.461938E-05
初号机（完全体）,4,0.02,0.86,0.4359106,0.3811385,1.547258,2.063959,0.4783473,8.718631,6.461938E-05
初号机（完全体）,4,0.02,0.88,0.4639104,0.2880583,1.540969,2.097868,0.8923331,8.437991,6.461938E-05
初号机（完全体）,4,0.02,0.9,0.4850722,0.2011415,1.537294,2.13174,1.210576,8.229536,6.461938E-05
初号机（完全体）,4,0.02,0.92,0.5010659,0.09024246,1.537454,2.165576,1.456451,8.075696,6.461938E-05
初号机（完全体）,4,0.02,0.94,0.5127267,-0.05515402,1.541578,2.199379,1.641651,7.967688,6.461938E-05
初号机（完全体）,4,0.02,0.96,0.4963103,-0.226284,1.548676,2.233145,1.433795,8.157069,6.461938E-05
初号机（完全体）,4,0.02,0.98,0.4301401,-0.3999046,1.556919,2.266881,0.5294545,8.872596,6.461938E-05
初号机（完全体）,4,0.02,1,0.3123826,-0.5464321,1.564143,2.300578,-1.097046,10.13037,6.461938E-05
初号机（完全体）,4,0.02,1.02,0.1562013,-0.6393534,1.568445,2.334244,-3.261414,11.78562,6.461938E-05
初号机（完全体）,4,0.02,1.04,-0.01390569,-0.6634667,1.568699,2.367873,-5.620758,13.57516,6.461938E-05
初号机（完全体）,4,0.02,1.06,-0.1648739,-0.6197971,1.564868,2.401469,-7.712219,15.15293,6.461938E-05
初号机（完全体）,4,0.02,1.08,-0.2790564,-0.5259153,1.558015,2.435028,-9.288757,16.3413,6.461938E-05
初号机（完全体）,4,0.02,1.1,-0.3653538,-0.4116216,1.550019,2.468561,-10.47498,17.23763,6.461938E-05
初号机（完全体）,4,0.02,1.12,-0.4305759,-0.3110969,1.543056,2.502059,-11.36621,17.91532,6.461938E-05
初号机（完全体）,4,0.02,1.14,-0.4798697,-0.235122,1.537794,2.535519,-12.03448,18.42905,6.461938E-05
初号机（完全体）,4,0.02,1.16,-0.5171251,-0.1591758,1.535021,2.568945,-12.53427,18.81965,6.461938E-05
初号机（完全体）,4,0.02,1.18,-0.5452822,-0.05182125,1.536173,2.60234,-12.90671,19.11768,6.461938E-05
初号机（完全体）,4,0.02,1.2,-0.5639791,0.09554314,1.541348,2.635705,-13.14673,19.32008,6.461938E-05
初号机（完全体）,4,0.02,1.22,-0.537416,0.2693229,1.549315,2.669032,-12.75323,19.06763,6.461938E-05
初号机（完全体）,4,0.02,1.24,-0.4430809,0.4403083,1.557914,2.702328,-11.41107,18.13,6.461938E-05
初号机（完全体）,4,0.02,1.26,-0.2845578,0.5743936,1.564728,2.735593,-9.170441,16.53094,6.461938E-05
初号机（完全体）,4,0.02,1.28,-0.08515408,0.6443281,1.567837,2.76882,-6.357544,14.49401,6.461938E-05
初号机（完全体）,4,0.02,1.3,0.1169171,0.6390457,1.566407,2.802014,-3.507324,12.40833,6.461938E-05
初号机（完全体）,4,0.02,1.32,0.2783954,0.5678234,1.560957,2.835177,-1.225372,10.7316,6.461938E-05
初号机（完全体）,4,0.02,1.34,0.400438,0.4580719,1.553203,2.868303,0.5045524,9.461501,6.461938E-05
初号机（完全体）,4,0.02,1.36,0.4926759,0.3474768,1.545546,2.901402,1.817232,8.502053,6.461938E-05
初号机（完全体）,4,0.02,1.38,0.5623878,0.2626173,1.539675,2.934467,2.814566,7.778986,6.461938E-05
初号机（完全体）,4,0.02,1.4,0.6150749,0.178085,1.536565,2.967493,3.573556,7.235361,6.461938E-05
初号机（完全体）,4,0.02,1.42,0.6548949,0.05982015,1.537748,3.00049,4.152413,6.827759,6.461938E-05
初号机（完全体）,4,0.02,1.44,0.6783125,-0.09975264,1.543205,3.033453,4.501642,6.594136,6.461938E-05
初号机（完全体）,4,0.02,1.46,0.6377828,-0.2829097,1.551395,3.066384,3.955698,7.039807,6.461938E-05
初号机（完全体）,4,0.02,1.48,0.5115182,-0.4553576,1.559796,3.099283,2.209599,8.393407,6.461938E-05
初号机（完全体）,4,0.02,1.5,0.3106003,-0.5798121,1.565764,3.132153,-0.581543,10.52833,6.461938E-05
初号机（完全体）,4,0.02,1.52,0.07095259,-0.6300586,1.567426,3.164978,-3.914856,13.05172,6.461938E-05
初号机（完全体）,4,0.02,1.54,-0.1527262,-0.6009218,1.56432,3.197779,-7.024628,15.38332,6.461938E-05
初号机（完全体）,4,0.02,1.56,-0.3225592,-0.5109112,1.557553,3.23054,-9.380707,17.13803,6.461938E-05
初号机（完全体）,4,0.02,1.58,-0.4509162,-0.39673,1.549439,3.263279,-11.15619,18.45515,6.461938E-05
初号机（完全体）,4,0.02,1.6,-0.5479264,-0.2998421,1.542618,3.295981,-12.49292,19.44612,6.461938E-05
初号机（完全体）,4,0.02,1.62,-0.621245,-0.2266158,1.537463,3.328647,-13.49802,20.19362,6.461938E-05
初号机（完全体）,4,0.02,1.64,-0.6766581,-0.1489465,1.535018,3.36128,-14.25247,20.75901,6.461938E-05
初号机（完全体）,4,0.02,1.66,-0.7185384,-0.03143151,1.536993,3.393882,-14.81754,21.18794,6.461938E-05
初号机（完全体）,4,0.02,1.68,-0.7371225,0.1311794,1.543282,3.426453,-15.05652,21.38549,6.461938E-05
初号机（完全体）,4,0.02,1.7,-0.6734157,0.3158691,1.552052,3.458995,-14.14359,20.76885,6.461938E-05
初号机（完全体）,4,0.02,1.72,-0.508,0.4826463,1.560447,3.491492,-11.80695,19.13022,6.461938E-05
初号机（完全体）,4,0.02,1.74,-0.2616739,0.5913427,1.565665,3.523964,-8.337708,16.64629,6.461938E-05
初号机（完全体）,4,0.02,1.76,0.01436793,0.6179448,1.565997,3.556411,-4.452545,13.81639,6.461938E-05
初号机（完全体）,4,0.02,1.78,0.2484559,0.5646163,1.561475,3.588815,-1.154663,11.38867,6.461938E-05
初号机（完全体）,4,0.02,1.8,0.4253758,0.4598456,1.553868,3.621196,1.342956,9.542608,6.461938E-05
初号机（完全体）,4,0.02,1.82,0.5590889,0.3487373,1.546043,3.653537,3.235724,8.144061,6.461938E-05
初号机（完全体）,4,0.02,1.84,0.6601472,0.26357,1.540051,3.685842,4.671358,7.087357,6.461938E-05
初号机（完全体）,4,0.02,1.86,0.7365254,0.1720917,1.537285,3.718127,5.7615,6.290713,6.461938E-05
初号机（完全体）,4,0.02,1.88,0.7942507,0.03366125,1.539698,3.750374,6.590511,5.691432,6.461938E-05
初号机（完全体）,4,0.02,1.9,0.8047931,-0.151669,1.546768,3.782587,6.759021,5.594063,6.461938E-05
初号机（完全体）,4,0.02,1.92,0.7003843,-0.3480227,1.55577,3.814766,5.318396,6.719362,6.461938E-05
初号机（完全体）,4,0.02,1.94,0.4774528,-0.5032929,1.56302,3.846913,2.218642,9.09613,6.461938E-05
初号机（完全体）,4,0.02,1.96,0.1839776,-0.575048,1.565536,3.879028,-1.868622,12.1953,6.461938E-05
初号机（完全体）,4,0.02,1.98,-0.09310152,-0.5514647,1.562379,3.911112,-5.726379,15.0874,6.461938E-05
初号机（完全体）,4,0.02,2,-0.3025648,-0.4581598,1.555087,3.943165,-8.637665,17.24895,6.461938E-05
初号机（完全体）,4,0.02,2.02,-0.4608738,-0.3480103,1.547,3.975187,-10.83292,18.86687,6.461938E-05
初号机（完全体）,4,0.02,2.04,-0.5805211,-0.2630205,1.540774,4.007166,-12.48697,20.08067,6.461938E-05
初号机（完全体）,4,0.02,2.06,-0.6709486,-0.1987866,1.53607,4.039119,-13.73203,20.99365,6.461938E-05
初号机（完全体）,4,0.02,2.08,-0.7392923,-0.1169364,1.534678,4.071057,-14.66794,21.68227,6.461938E-05
初号机（完全体）,4,0.02,2.1,-0.790942,0.02666849,1.53894,4.073902,-15.3891,22.19078,6.461938E-05
初号机（完全体）,4,0.02,2.12,-0.7629449,0.2207982,1.547725,4.047548,-15.01431,21.90487,6.461938E-05
初号机（完全体）,4,0.02,2.14,-0.5911079,0.4102753,1.557143,4.005967,-12.63593,20.18578,6.461938E-05
初号机（完全体）,4,0.02,2.16,-0.2994616,0.530075,1.562741,3.958078,-8.584534,17.22392,6.461938E-05
初号机（完全体）,4,0.02,2.18,0.01788808,0.5438187,1.561979,3.90937,-4.173859,13.93857,6.461938E-05
初号机（完全体）,4,0.02,2.2,0.2577358,0.4659039,1.555664,3.86305,-0.8465271,11.41596,6.461938E-05
初号机（完全体）,4,0.02,2.22,0.4390088,0.3553782,1.547534,3.820813,1.663529,9.490039,6.461938E-05
初号机（完全体）,4,0.02,2.24,0.576012,0.268589,1.541178,3.7834,3.557018,8.024424,6.461938E-05
初号机（完全体）,4,0.02,2.26,0.6795567,0.1683335,1.538628,3.750949,4.985372,6.911221,6.461938E-05
初号机（完全体）,4,0.02,2.28,0.7578142,0.008254944,1.54218,3.72325,6.062835,6.066658,6.461938E-05
初号机（完全体）,4,0.02,2.3,0.7545858,-0.1988191,1.55046,3.699904,6.002471,6.090237,6.461938E-05
初号机（完全体）,4,0.02,2.32,0.5989081,-0.3943191,1.559254,3.680427,3.8106,7.734514,6.461938E-05
初号机（完全体）,4,0.02,2.34,0.3229959,-0.5118397,1.563934,3.664315,-0.06216431,10.64046,6.461938E-05
初号机（完全体）,4,0.02,2.36,0.02654817,-0.5183582,1.562122,3.651078,-4.22052,13.73254,6.461938E-05
初号机（完全体）,4,0.02,2.38,-0.2000429,-0.4356407,1.555055,3.64027,-7.399414,16.06673,6.461938E-05
初号机（完全体）,4,0.02,2.4,-0.3712967,-0.3298954,1.546905,3.631491,-9.802368,17.81045,6.461938E-05
初号机（完全体）,4,0.02,2.42,-0.5007275,-0.2493296,1.540702,3.624391,-11.61877,19.115,6.461938E-05
初号机（完全体）,4,0.02,2.44,-0.5985492,-0.1884393,1.536015,3.618671,-12.99182,20.09258,6.461938E-05
初号机（完全体）,4,0.02,2.46,-0.6724813,-0.1077576,1.534725,3.61408,-14.02969,20.82626,6.461938E-05
初号机（完全体）,4,0.02,2.48,-0.7281796,0.03752733,1.539231,3.610406,-14.81177,21.37591,6.461938E-05
初号机（完全体）,4,0.02,2.5,-0.6990812,0.2334206,1.548231,3.607475,-14.40634,21.08701,6.461938E-05
初号机（完全体）,4,0.02,2.52,-0.5273753,0.4204703,1.557569,3.60514,-12.0043,19.37434,6.461938E-05
初号机（完全体）,4,0.02,2.54,-0.2429884,0.5316044,1.562661,3.603287,-8.024597,16.49032,6.461938E-05
初号机（完全体）,4,0.02,2.56,0.05784266,0.533296,1.561159,3.601818,-3.814453,13.38516,6.461938E-05
初号机（完全体）,4,0.02,2.58,0.287688,0.4469304,1.554328,3.600656,-0.5977783,10.98242,6.461938E-05
初号机（完全体）,4,0.02,2.6,0.4614014,0.3384281,1.546355,3.599739,1.833307,9.152535,6.461938E-05
初号机（完全体）,4,0.02,2.62,0.5926912,0.2557784,1.540287,3.599016,3.670663,7.76302,6.461938E-05
初号机（完全体）,4,0.02,2.64,0.6919178,0.1586514,1.537954,3.598448,5.059292,6.709722,6.461938E-05
初号机（完全体）,4,0.02,2.66,0.7667336,0.0009374016,1.541671,3.598,6.106288,5.914017,6.461938E-05
初号机（完全体）,4,0.02,2.68,0.7521656,-0.2043496,1.550076,3.597649,5.902134,6.068847,6.461938E-05
初号机（完全体）,4,0.02,2.7,0.5916136,-0.3984989,1.558963,3.597374,3.654511,7.773687,6.461938E-05
初号机（完全体）,4,0.02,2.72,0.3158343,-0.5149988,1.563714,3.597157,-0.2060547,10.68514,6.461938E-05
初号机（完全体）,4,0.02,2.74,0.0216075,-0.5207458,1.561956,3.596988,-4.324829,13.7595,6.461938E-05
初号机（完全体）,4,0.02,2.76,-0.2032437,-0.4374452,1.55493,3.596856,-7.472443,16.08026,6.461938E-05
初号机（完全体）,4,0.02,2.78,-0.3731827,-0.3312593,1.54681,3.596753,-9.851349,17.81431,6.461938E-05
初号机（完全体）,4,0.02,2.8,-0.5016197,-0.2503603,1.540631,3.596673,-11.64926,19.1119,6.461938E-05
初号机（完全体）,4,0.02,2.82,-0.5986903,-0.1892183,1.535961,3.59661,-13.00812,20.08444,6.461938E-05
初号机（完全体）,4,0.02,2.84,-0.6720548,-0.1083463,1.534684,3.596561,-14.03513,20.8145,6.461938E-05
初号机（完全体）,4,0.02,2.86,-0.7273242,0.03708235,1.5392,3.596524,-14.80881,21.36152,6.461938E-05
初号机（完全体）,4,0.02,2.88,-0.6979835,0.2330843,1.548208,3.596494,-14.39813,21.07143,6.461938E-05
初号机（完全体）,4,0.02,2.9,-0.5262665,0.4202161,1.557551,3.596471,-11.99442,19.35944,6.461938E-05
初号机（完全体）,4,0.02,2.92,-0.2420488,0.5314123,1.562647,3.596454,-8.0159,16.47768,6.461938E-05
初号机（完全体）,4,0.02,2.94,0.05855565,0.5331508,1.561149,3.596439,-3.807983,13.37533,6.461938E-05
初号机（完全体）,4,0.02,2.96,0.2882269,0.4468207,1.55432,3.596429,-0.5929871,10.97484,6.461938E-05
初号机（完全体）,4,0.02,2.98,0.4618087,0.3383451,1.546349,3.596421,1.836851,9.146715,6.461938E-05
初号机（完全体）,4,0.02,3,0.592999,0.2557157,1.540283,3.596413,3.673279,7.758563,6.461938E-05
初号机（完全体）,4,0.02,3.02,0.6921505,0.158604,1.537951,3.596436,5.061241,6.706325,6.461938E-05
初号机（完全体）,4,0.02,3.04,0.7669094,0.0009015995,1.541668,3.59642,6.107723,5.911418,6.461938E-05
初号机（完全体）,4,0.02,3.06,0.7522984,-0.2043766,1.550074,3.59641,5.903189,6.066865,6.461938E-05
初号机（完全体）,4,0.02,3.08,0.5917138,-0.3985194,1.558961,3.596402,3.655282,7.772182,6.461938E-05
初号机（完全体）,4,0.02,3.1,0.3159099,-0.5150142,1.563713,3.596398,-0.2055054,10.684,6.461938E-05
初号机（完全体）,4,0.02,3.12,0.02166447,-0.5207574,1.561955,3.596395,-4.324402,13.75864,6.461938E-05
初号机（完全体）,4,0.02,3.14,-0.2032007,-0.437454,1.554929,3.596393,-7.472137,16.07962,6.461938E-05
初号机（完全体）,4,0.02,3.16,-0.3731501,-0.3312659,1.546809,3.596392,-9.851105,17.81383,6.461938E-05
初号机（完全体）,4,0.02,3.18,-0.5015951,-0.2503654,1.54063,3.596391,-11.64911,19.11152,6.461938E-05
初号机（完全体）,4,0.02,3.2,-0.5986718,-0.1892221,1.535961,3.59639,-13.008,20.08417,6.461938E-05
初号机（完全体）,4,0.02,3.22,-0.6720408,-0.1083492,1.534684,3.59639,-14.03503,20.81429,6.461938E-05
初号机（完全体）,4,0.02,3.24,-0.7273136,0.03708017,1.5392,3.596391,-14.80875,21.36136,6.461938E-05
初号机（完全体）,4,0.02,3.26,-0.6979755,0.2330827,1.548208,3.596391,-14.39807,21.07131,6.461938E-05
初号机（完全体）,4,0.02,3.28,-0.5262603,0.4202149,1.557551,3.596391,-11.99438,19.35934,6.461938E-05
初号机（完全体）,4,0.02,3.3,-0.2420437,0.5314114,1.562647,3.596391,-8.015869,16.4776,6.461938E-05
初号机（完全体）,4,0.02,3.32,0.05855981,0.5331501,1.561149,3.596391,-3.807953,13.37526,6.461938E-05
初号机（完全体）,4,0.02,3.34,0.2882303,0.4468202,1.55432,3.596391,-0.5929565,10.97479,6.461938E-05
初号机（完全体）,4,0.02,3.36,0.4618116,0.3383448,1.546349,3.596391,1.836874,9.14667,6.461938E-05
初号机（完全体）,4,0.02,3.38,0.5930014,0.2557155,1.540283,3.596391,3.673299,7.758525,6.461938E-05
初号机（完全体）,4,0.02,3.4,0.6921526,0.1586038,1.537951,3.596391,5.061242,6.706279,6.461938E-05
初号机（完全体）,4,0.02,3.42,0.7669113,0.0009014531,1.541668,3.596391,6.107731,5.911386,6.461938E-05
初号机（完全体）,4,0.02,3.44,0.7523001,-0.2043768,1.550074,3.596391,5.903201,6.066836,6.461938E-05
初号机（完全体）,4,0.02,3.46,0.5917154,-0.3985195,1.558961,3.596391,3.655298,7.772158,6.461938E-05
初号机（完全体）,4,0.02,3.48,0.3159111,-0.5150143,1.563713,3.596391,-0.2054749,10.68399,6.461938E-05
初号机（完全体）,4,0.02,3.5,0.02166538,-0.5207574,1.561955,3.596391,-4.324402,13.75863,6.461938E-05
初号机（完全体）,4,0.02,3.52,-0.2032,-0.437454,1.554929,3.596391,-7.472107,16.07961,6.461938E-05
初号机（完全体）,4,0.02,3.54,-0.3731496,-0.3312659,1.546809,3.596391,-9.851105,17.81382,6.461938E-05
初号机（完全体）,4,0.02,3.56,-0.5015947,-0.2503654,1.54063,3.596391,-11.64911,19.11152,6.461938E-05
初号机（完全体）,4,0.02,3.58,-0.5986715,-0.1892221,1.535961,3.596391,-13.008,20.08416,6.461938E-05
初号机（完全体）,4,0.02,3.6,-0.6720405,-0.1083492,1.534684,3.596391,-14.03503,20.81429,6.461938E-05
初号机（完全体）,4,0.02,3.62,-0.7273135,0.03708016,1.5392,3.596391,-14.80875,21.36136,6.461938E-05
初号机（完全体）,4,0.02,3.64,-0.6979753,0.2330826,1.548208,3.596391,-14.39807,21.07131,6.461938E-05
初号机（完全体）,4,0.02,3.66,-0.5262601,0.4202149,1.557551,3.596391,-11.99438,19.35934,6.461938E-05
初号机（完全体）,4,0.02,3.68,-0.2420439,0.5314113,1.562647,3.596391,-8.015869,16.4776,6.461938E-05
初号机（完全体）,4,0.02,3.7,0.05855937,0.5331501,1.561149,3.596391,-3.807953,13.37527,6.461938E-05
初号机（完全体）,4,0.02,3.72,0.2882297,0.4468202,1.55432,3.596391,-0.5929565,10.97479,6.461938E-05
初号机（完全体）,4,0.02,3.74,0.4618108,0.3383447,1.546349,3.596391,1.836861,9.146678,6.461938E-05
初号机（完全体）,4,0.02,3.76,0.5930006,0.2557154,1.540283,3.596391,3.673288,7.758534,6.461938E-05
初号机（完全体）,4,0.02,3.78,0.6921517,0.1586038,1.537951,3.596391,5.061229,6.706292,6.461938E-05
初号机（完全体）,4,0.02,3.8,0.7669103,0.0009014306,1.541668,3.596391,6.107717,5.911397,6.461938E-05
初号机（完全体）,4,0.02,3.82,0.7522991,-0.2043768,1.550074,3.596391,5.903187,6.066847,6.461938E-05
初号机（完全体）,4,0.02,3.84,0.5917143,-0.3985195,1.558961,3.596391,3.655282,7.772169,6.461938E-05
初号机（完全体）,4,0.02,3.86,0.3159103,-0.5150144,1.563713,3.596391,-0.2054749,10.684,6.461938E-05
初号机（完全体）,4,0.02,3.88,0.02166477,-0.5207575,1.561955,3.596391,-4.324402,13.75863,6.461938E-05
初号机（完全体）,4,0.02,3.9,-0.2032005,-0.4374541,1.554929,3.596391,-7.472137,16.07961,6.461938E-05
初号机（完全体）,4,0.02,3.92,-0.3731499,-0.331266,1.546809,3.596391,-9.851105,17.81383,6.461938E-05
初号机（完全体）,4,0.02,3.94,-0.501595,-0.2503654,1.54063,3.596391,-11.64911,19.11153,6.461938E-05
初号机（完全体）,4,0.02,3.96,-0.5986717,-0.1892221,1.535961,3.596391,-13.008,20.08417,6.461938E-05
初号机（完全体）,4,0.02,3.98,-0.6720406,-0.1083493,1.534684,3.596391,-14.03503,20.81429,6.461938E-05
初号机（完全体）,4,0.02,4,-0.7273136,0.03708014,1.5392,3.596391,-14.80875,21.36136,6.461938E-05
初号机（完全体）,4,0.02,4.02,-0.6979755,0.2330826,1.548208,3.596391,-14.39807,21.07131,6.461938E-05
初号机（完全体）,4,0.02,4.04,-0.5262603,0.4202149,1.557551,3.596391,-11.99438,19.35934,6.461938E-05
初号机（完全体）,4,0.02,4.06,-0.242044,0.5314113,1.562647,3.596391,-8.015869,16.4776,6.461938E-05
初号机（完全体）,4,0.02,4.08,0.0585593,0.5331501,1.561149,3.596391,-3.807953,13.37527,6.461938E-05
初号机（完全体）,4,0.02,4.1,0.2882296,0.4468202,1.55432,3.596391,-0.5929565,10.97479,6.461938E-05
初号机（完全体）,4,0.02,4.12,0.4618108,0.3383447,1.546349,3.596391,1.836861,9.146678,6.461938E-05
初号机（完全体）,4,0.02,4.14,0.5930005,0.2557154,1.540283,3.596391,3.673287,7.758535,6.461938E-05
初号机（完全体）,4,0.02,4.16,0.6921517,0.1586038,1.537951,3.596391,5.061228,6.706292,6.461938E-05
初号机（完全体）,4,0.02,4.18,0.7669103,0.0009014306,1.541668,3.596391,6.107718,5.911397,6.461938E-05
初号机（完全体）,4,0.02,4.2,0.7522991,-0.2043768,1.550074,3.596391,5.903188,6.066847,6.461938E-05
初号机（完全体）,4,0.02,4.22,0.5917143,-0.3985195,1.558961,3.596391,3.655282,7.772169,6.461938E-05
初号机（完全体）,4,0.02,4.24,0.3159103,-0.5150144,1.563713,3.596391,-0.2054749,10.684,6.461938E-05
初号机（完全体）,4,0.02,4.26,0.02166477,-0.5207575,1.561955,3.596391,-4.324402,13.75863,6.461938E-05
初号机（完全体）,4,0.02,4.28,-0.2032005,-0.4374541,1.554929,3.596391,-7.472137,16.07961,6.461938E-05
初号机（完全体）,4,0.02,4.3,-0.3731499,-0.331266,1.546809,3.596391,-9.851105,17.81383,6.461938E-05
初号机（完全体）,4,0.02,4.32,-0.501595,-0.2503654,1.54063,3.596391,-11.64911,19.11153,6.461938E-05
初号机（完全体）,4,0.02,4.34,-0.5986717,-0.1892221,1.535961,3.596391,-13.008,20.08417,6.461938E-05
初号机（完全体）,4,0.02,4.36,-0.6720406,-0.1083493,1.534684,3.596391,-14.03503,20.81429,6.461938E-05
初号机（完全体）,4,0.02,4.38,-0.7273136,0.03708014,1.5392,3.596391,-14.80875,21.36136,6.461938E-05
初号机（完全体）,4,0.02,4.4,-0.6979755,0.2330826,1.548208,3.596391,-14.39807,21.07131,6.461938E-05
初号机（完全体）,4,0.02,4.42,-0.5262603,0.4202149,1.557551,3.596391,-11.99438,19.35934,6.461938E-05
初号机（完全体）,4,0.02,4.44,-0.242044,0.5314113,1.562647,3.596391,-8.015869,16.4776,6.461938E-05
初号机（完全体）,4,0.02,4.46,0.0585593,0.5331501,1.561149,3.596391,-3.807953,13.37527,6.461938E-05
初号机（完全体）,4,0.02,4.48,0.2882296,0.4468202,1.55432,3.596391,-0.5929565,10.97479,6.461938E-05
初号机（完全体）,4,0.02,4.5,0.4618108,0.3383447,1.546349,3.596391,1.836861,9.146678,6.461938E-05
初号机（完全体）,4,0.02,4.52,0.5930005,0.2557154,1.540283,3.596391,3.673287,7.758535,6.461938E-05
初号机（完全体）,4,0.02,4.54,0.6921517,0.1586038,1.537951,3.596391,5.061229,6.706292,6.461938E-05
初号机（完全体）,4,0.02,4.56,0.7669103,0.0009014306,1.541668,3.596391,6.107717,5.911397,6.461938E-05
初号机（完全体）,4,0.02,4.58,0.7522991,-0.2043768,1.550074,3.596391,5.903188,6.066847,6.461938E-05
初号机（完全体）,4,0.02,4.6,0.5917143,-0.3985195,1.558961,3.596391,3.655282,7.772169,6.461938E-05
初号机（完全体）,4,0.02,4.62,0.3159103,-0.5150144,1.563713,3.596391,-0.2054749,10.684,6.461938E-05
初号机（完全体）,4,0.02,4.64,0.02166477,-0.5207575,1.561955,3.596391,-4.324402,13.75863,6.461938E-05
初号机（完全体）,4,0.02,4.66,-0.2032005,-0.4374541,1.554929,3.596391,-7.472137,16.07961,6.461938E-05
初号机（完全体）,4,0.02,4.68,-0.3731499,-0.331266,1.546809,3.596391,-9.851105,17.81383,6.461938E-05
初号机（完全体）,4,0.02,4.7,-0.501595,-0.2503654,1.54063,3.596391,-11.64911,19.11153,6.461938E-05
初号机（完全体）,4,0.02,4.72,-0.5986717,-0.1892221,1.535961,3.596391,-13.008,20.08417,6.461938E-05
初号机（完全体）,4,0.02,4.74,-0.6720406,-0.1083493,1.534684,3.596391,-14.03503,20.81429,6.461938E-05
初号机（完全体）,4,0.02,4.76,-0.7273136,0.03708014,1.5392,3.596391,-14.80875,21.36136,6.461938E-05
初号机（完全体）,4,0.02,4.78,-0.6979755,0.2330826,1.548208,3.596391,-14.39807,21.07131,6.461938E-05
初号机（完全体）,4,0.02,4.8,-0.5262603,0.4202149,1.557551,3.596391,-11.99438,19.35934,6.461938E-05
初号机（完全体）,4,0.02,4.82,-0.242044,0.5314113,1.562647,3.596391,-8.015869,16.4776,6.461938E-05
初号机（完全体）,4,0.02,4.84,0.0585593,0.5331501,1.561149,3.596391,-3.807953,13.37527,6.461938E-05
初号机（完全体）,4,0.02,4.86,0.2882296,0.4468202,1.55432,3.596391,-0.5929565,10.97479,6.461938E-05
初号机（完全体）,4,0.02,4.88,0.4618108,0.3383447,1.546349,3.596391,1.836861,9.146678,6.461938E-05
初号机（完全体）,4,0.02,4.9,0.5930005,0.2557154,1.540283,3.596391,3.673287,7.758535,6.461938E-05
初号机（完全体）,4,0.02,4.92,0.6921517,0.1586038,1.537951,3.596391,5.061229,6.706292,6.461938E-05
初号机（完全体）,4,0.02,4.94,0.7669103,0.0009014306,1.541668,3.596391,6.107717,5.911397,6.461938E-05
初号机（完全体）,4,0.02,4.96,0.7522991,-0.2043768,1.550074,3.596391,5.903188,6.066847,6.461938E-05
初号机（完全体）,4,0.02,4.98,0.5917143,-0.3985195,1.558961,3.596391,3.655282,7.772169,6.461938E-05
初号机（完全体）,4,0.02,5,0.3159103,-0.5150144,1.563713,3.596391,-0.2054749,10.684,6.461938E-05
初号机（完全体）,4,0.02,5.02,0.02166477,-0.5207575,1.561955,3.596447,-4.324371,13.75866,6.461938E-05
初号机（完全体）,4,0.02,5.04,-0.2032005,-0.4374541,1.554929,3.596422,-7.472107,16.07962,6.461938E-05
初号机（完全体）,4,0.02,5.06,-0.3731499,-0.331266,1.546809,3.596406,-9.851105,17.81383,6.461938E-05
初号机（完全体）,4,0.02,5.08,-0.501595,-0.2503654,1.54063,3.596396,-11.64911,19.11152,6.461938E-05
初号机（完全体）,4,0.02,5.1,-0.5986717,-0.1892221,1.535961,3.59639,-13.008,20.08416,6.461938E-05
初号机（完全体）,4,0.02,5.12,-0.6720406,-0.1083493,1.534684,3.596387,-14.03503,20.81429,6.461938E-05
初号机（完全体）,4,0.02,5.14,-0.7273136,0.03708014,1.5392,3.596385,-14.80875,21.36136,6.461938E-05
初号机（完全体）,4,0.02,5.16,-0.6979752,0.2330826,1.548208,3.596385,-14.39807,21.0713,6.461938E-05
初号机（完全体）,4,0.02,5.18,-0.52626,0.4202149,1.557551,3.596385,-11.99438,19.35933,6.461938E-05
初号机（完全体）,4,0.02,5.2,-0.2420438,0.5314113,1.562647,3.596385,-8.015869,16.4776,6.461938E-05
初号机（完全体）,4,0.02,5.22,0.05855944,0.5331501,1.561149,3.596386,-3.807953,13.37526,6.461938E-05
初号机（完全体）,4,0.02,5.24,0.2882298,0.4468202,1.55432,3.596386,-0.5929871,10.97479,6.461938E-05
初号机（完全体）,4,0.02,5.26,0.4618109,0.3383447,1.546349,3.596387,1.836859,9.146677,6.461938E-05
初号机（完全体）,4,0.02,5.28,0.5930006,0.2557154,1.540283,3.596388,3.673285,7.758534,6.461938E-05
初号机（完全体）,4,0.02,5.3,0.6921517,0.1586038,1.537951,3.596389,5.061226,6.70629,6.461938E-05
初号机（完全体）,4,0.02,5.32,0.7669103,0.0009014306,1.541668,3.59639,6.107716,5.911395,6.461938E-05
初号机（完全体）,4,0.02,5.34,0.7522988,-0.2043768,1.550074,3.59639,5.903182,6.066849,6.461938E-05
初号机（完全体）,4,0.02,5.36,0.5917141,-0.3985195,1.558961,3.59639,3.655278,7.772171,6.461938E-05
初号机（完全体）,4,0.02,5.38,0.3159101,-0.5150144,1.563713,3.596391,-0.2055054,10.684,6.461938E-05
初号机（完全体）,4,0.02,5.4,0.02166463,-0.5207575,1.561955,3.596391,-4.324402,13.75863,6.461938E-05
初号机（完全体）,4,0.02,5.42,-0.2032006,-0.4374541,1.554929,3.596391,-7.472137,16.07961,6.461938E-05
初号机（完全体）,4,0.02,5.44,-0.37315,-0.331266,1.546809,3.596391,-9.851105,17.81383,6.461938E-05
初号机（完全体）,4,0.02,5.46,-0.5015951,-0.2503654,1.54063,3.596391,-11.64911,19.11152,6.461938E-05
初号机（完全体）,4,0.02,5.48,-0.5986717,-0.1892221,1.535961,3.596391,-13.008,20.08417,6.461938E-05
初号机（完全体）,4,0.02,5.5,-0.6720407,-0.1083493,1.534684,3.596391,-14.03503,20.81429,6.461938E-05
初号机（完全体）,4,0.02,5.52,-0.7273136,0.03708014,1.5392,3.596391,-14.80875,21.36136,6.461938E-05
初号机（完全体）,4,0.02,5.54,-0.6979752,0.2330826,1.548208,3.596391,-14.39807,21.07131,6.461938E-05
初号机（完全体）,4,0.02,5.56,-0.52626,0.4202149,1.557551,3.596391,-11.99438,19.35934,6.461938E-05
初号机（完全体）,4,0.02,5.58,-0.2420438,0.5314113,1.562647,3.596391,-8.015869,16.4776,6.461938E-05
初号机（完全体）,4,0.02,5.6,0.05855944,0.5331501,1.561149,3.596391,-3.807953,13.37527,6.461938E-05
初号机（完全体）,4,0.02,5.62,0.2882298,0.4468202,1.55432,3.596391,-0.5929565,10.97479,6.461938E-05
初号机（完全体）,4,0.02,5.64,0.4618109,0.3383447,1.546349,3.596391,1.836863,9.146677,6.461938E-05
初号机（完全体）,4,0.02,5.66,0.5930006,0.2557154,1.540283,3.596391,3.673288,7.758534,6.461938E-05
初号机（完全体）,4,0.02,5.68,0.6921517,0.1586038,1.537951,3.596391,5.061229,6.706292,6.461938E-05
初号机（完全体）,4,0.02,5.7,0.7669103,0.0009014306,1.541668,3.596391,6.107717,5.911397,6.461938E-05
初号机（完全体）,4,0.02,5.72,0.7522988,-0.2043768,1.550074,3.596391,5.903183,6.06685,6.461938E-05
初号机（完全体）,4,0.02,5.74,0.5917141,-0.3985195,1.558961,3.596391,3.655281,7.772172,6.461938E-05
初号机（完全体）,4,0.02,5.76,0.3159101,-0.5150144,1.563713,3.596391,-0.2055054,10.684,6.461938E-05
初号机（完全体）,4,0.02,5.78,0.02166463,-0.5207575,1.561955,3.596391,-4.324402,13.75863,6.461938E-05
初号机（完全体）,4,0.02,5.8,-0.2032006,-0.4374541,1.554929,3.596391,-7.472137,16.07961,6.461938E-05
初号机（完全体）,4,0.02,5.82,-0.37315,-0.331266,1.546809,3.596391,-9.851105,17.81383,6.461938E-05
初号机（完全体）,4,0.02,5.84,-0.5015951,-0.2503654,1.54063,3.596391,-11.64911,19.11152,6.461938E-05
初号机（完全体）,4,0.02,5.86,-0.5986717,-0.1892221,1.535961,3.596391,-13.008,20.08417,6.461938E-05
初号机（完全体）,4,0.02,5.88,-0.6720407,-0.1083493,1.534684,3.596391,-14.03503,20.81429,6.461938E-05
初号机（完全体）,4,0.02,5.9,-0.7273136,0.03708014,1.5392,3.596391,-14.80875,21.36136,6.461938E-05
初号机（完全体）,4,0.02,5.92,-0.6979752,0.2330826,1.548208,3.596391,-14.39807,21.07131,6.461938E-05
初号机（完全体）,4,0.02,5.94,-0.52626,0.4202149,1.557551,3.596391,-11.99438,19.35934,6.461938E-05
初号机（完全体）,4,0.02,5.96,-0.2420438,0.5314113,1.562647,3.596391,-8.015869,16.4776,6.461938E-05
初号机（完全体）,4,0.02,5.98,0.05855944,0.5331501,1.561149,3.596391,-3.807953,13.37527,6.461938E-05
初号机（完全体）,4,0.02,6,0.2882298,0.4468202,1.55432,3.596391,-0.5929565,10.97479,6.461938E-05
初号机（完全体）,4,0.02,6.02,0.4618109,0.3383447,1.546349,3.596391,1.836863,9.146677,6.461938E-05
初号机（完全体）,4,0.02,6.04,0.5930006,0.2557154,1.540283,3.596391,3.673287,7.758534,6.461938E-05
初号机（完全体）,4,0.02,6.06,0.6921517,0.1586038,1.537951,3.596391,5.061228,6.706292,6.461938E-05
初号机（完全体）,4,0.02,6.08,0.7669103,0.0009014306,1.541668,3.596391,6.107717,5.911397,6.461938E-05
初号机（完全体）,4,0.02,6.1,0.7522988,-0.2043768,1.550074,3.596391,5.903183,6.06685,6.461938E-05
初号机（完全体）,4,0.02,6.12,0.5917141,-0.3985195,1.558961,3.596391,3.65528,7.772172,6.461938E-05
初号机（完全体）,4,0.02,6.14,0.3159101,-0.5150144,1.563713,3.596391,-0.2055054,10.684,6.461938E-05
初号机（完全体）,4,0.02,6.16,0.02166463,-0.5207575,1.561955,3.596391,-4.324402,13.75863,6.461938E-05
初号机（完全体）,4,0.02,6.18,-0.2032006,-0.4374541,1.554929,3.596391,-7.472137,16.07961,6.461938E-05
初号机（完全体）,4,0.02,6.2,-0.37315,-0.331266,1.546809,3.596391,-9.851105,17.81383,6.461938E-05
初号机（完全体）,4,0.02,6.22,-0.5015951,-0.2503654,1.54063,3.596391,-11.64911,19.11152,6.461938E-05
初号机（完全体）,4,0.02,6.24,-0.5986717,-0.1892221,1.535961,3.596391,-13.008,20.08417,6.461938E-05
初号机（完全体）,4,0.02,6.26,-0.6720407,-0.1083493,1.534684,3.596391,-14.03503,20.81429,6.461938E-05
初号机（完全体）,4,0.02,6.28,-0.7273136,0.03708014,1.5392,3.596391,-14.80875,21.36136,6.461938E-05
初号机（完全体）,4,0.02,6.3,-0.6979752,0.2330826,1.548208,3.596391,-14.39807,21.07131,6.461938E-05
初号机（完全体）,4,0.02,6.32,-0.52626,0.4202149,1.557551,3.596391,-11.99438,19.35934,6.461938E-05
初号机（完全体）,4,0.02,6.34,-0.2420438,0.5314113,1.562647,3.596391,-8.015869,16.4776,6.461938E-05
初号机（完全体）,4,0.02,6.36,0.05855944,0.5331501,1.561149,3.596391,-3.807953,13.37527,6.461938E-05
初号机（完全体）,4,0.02,6.38,0.2882298,0.4468202,1.55432,3.596391,-0.5929565,10.97479,6.461938E-05
初号机（完全体）,4,0.02,6.4,0.4618109,0.3383447,1.546349,3.596391,1.836863,9.146677,6.461938E-05
初号机（完全体）,4,0.02,6.42,0.5930006,0.2557154,1.540283,3.596391,3.673288,7.758534,6.461938E-05
初号机（完全体）,4,0.02,6.44,0.6921517,0.1586038,1.537951,3.596391,5.061229,6.706292,6.461938E-05
初号机（完全体）,4,0.02,6.46,0.7669103,0.0009014306,1.541668,3.596391,6.107717,5.911397,6.461938E-05
初号机（完全体）,4,0.02,6.48,0.7522988,-0.2043768,1.550074,3.596391,5.903183,6.06685,6.461938E-05
初号机（完全体）,4,0.02,6.5,0.5917141,-0.3985195,1.558961,3.596391,3.65528,7.772172,6.461938E-05
初号机（完全体）,4,0.02,6.52,0.3159101,-0.5150144,1.563713,3.596391,-0.2055054,10.684,6.461938E-05
初号机（完全体）,4,0.02,6.54,0.02166463,-0.5207575,1.561955,3.596391,-4.324402,13.75863,6.461938E-05
初号机（完全体）,4,0.02,6.56,-0.2032006,-0.4374541,1.554929,3.596391,-7.472137,16.07961,6.461938E-05
初号机（完全体）,4,0.02,6.58,-0.37315,-0.331266,1.546809,3.596391,-9.851105,17.81383,6.461938E-05
初号机（完全体）,4,0.02,6.6,-0.5015951,-0.2503654,1.54063,3.596391,-11.64911,19.11152,6.461938E-05
初号机（完全体）,4,0.02,6.62,-0.5986717,-0.1892221,1.535961,3.596391,-13.008,20.08417,6.461938E-05
初号机（完全体）,4,0.02,6.64,-0.6720407,-0.1083493,1.534684,3.596391,-14.03503,20.81429,6.461938E-05
初号机（完全体）,4,0.02,6.66,-0.7273136,0.03708014,1.5392,3.596391,-14.80875,21.36136,6.461938E-05
初号机（完全体）,4,0.02,6.68,-0.6979752,0.2330826,1.548208,3.596391,-14.39807,21.07131,6.461938E-05
初号机（完全体）,4,0.02,6.7,-0.52626,0.4202149,1.557551,3.596391,-11.99438,19.35934,6.461938E-05
初号机（完全体）,4,0.02,6.72,-0.2420438,0.5314113,1.562647,3.596391,-8.015869,16.4776,6.461938E-05
初号机（完全体）,4,0.02,6.74,0.05855944,0.5331501,1.561149,3.596391,-3.807953,13.37527,6.461938E-05
初号机（完全体）,4,0.02,6.76,0.2882298,0.4468202,1.55432,3.596391,-0.5929565,10.97479,6.461938E-05
初号机（完全体）,4,0.02,6.78,0.4618109,0.3383447,1.546349,3.596391,1.836863,9.146677,6.461938E-05
初号机（完全体）,4,0.02,6.8,0.5930006,0.2557154,1.540283,3.596391,3.673288,7.758534,6.461938E-05
初号机（完全体）,4,0.02,6.82,0.6921517,0.1586038,1.537951,3.596391,5.061229,6.706292,6.461938E-05
初号机（完全体）,4,0.02,6.84,0.7669103,0.0009014306,1.541668,3.596391,6.107717,5.911397,6.461938E-05
初号机（完全体）,4,0.02,6.86,0.7522988,-0.2043768,1.550074,3.596391,5.903183,6.06685,6.461938E-05
初号机（完全体）,4,0.02,6.88,0.5917141,-0.3985195,1.558961,3.596391,3.65528,7.772172,6.461938E-05
初号机（完全体）,4,0.02,6.9,0.3159101,-0.5150144,1.563713,3.596391,-0.2055054,10.684,6.461938E-05
初号机（完全体）,4,0.02,6.92,0.02166463,-0.5207575,1.561955,3.596391,-4.324402,13.75863,6.461938E-05
初号机（完全体）,4,0.02,6.94,-0.2032006,-0.4374541,1.554929,3.596391,-7.472137,16.07961,6.461938E-05
初号机（完全体）,4,0.02,6.96,-0.37315,-0.331266,1.546809,3.596391,-9.851105,17.81383,6.461938E-05
初号机（完全体）,4,0.02,6.98,-0.5015951,-0.2503654,1.54063,3.596391,-11.64911,19.11152,6.461938E-05
初号机（完全体）,4,0.02,7,-0.5986717,-0.1892221,1.535961,3.596391,-13.008,20.08417,6.461938E-05
初号机（完全体）,4,0.02,7.02,-0.6720407,-0.1083493,1.534684,3.596391,-14.03503,20.81429,6.461938E-05
初号机（完全体）,4,0.02,7.04,-0.7273136,0.03708014,1.5392,3.596391,-14.80875,21.36136,6.461938E-05
初号机（完全体）,4,0.02,7.06,-0.6979752,0.2330826,1.548208,3.596391,-14.39807,21.07131,6.461938E-05
初号机（完全体）,4,0.02,7.08,-0.52626,0.4202149,1.557551,3.596391,-11.99438,19.35934,6.461938E-05
初号机（完全体）,4,0.02,7.1,-0.2420438,0.5314113,1.562647,3.596391,-8.015869,16.4776,6.461938E-05
初号机（完全体）,4,0.02,7.12,0.05855944,0.5331501,1.561149,3.596391,-3.807953,13.37527,6.461938E-05
初号机（完全体）,4,0.02,7.14,0.2882298,0.4468202,1.55432,3.596391,-0.5929565,10.97479,6.461938E-05
初号机（完全体）,4,0.02,7.16,0.4618109,0.3383447,1.546349,3.596391,1.836863,9.146677,6.461938E-05
初号机（完全体）,4,0.02,7.18,0.5930006,0.2557154,1.540283,3.596391,3.673288,7.758534,6.461938E-05
初号机（完全体）,4,0.02,7.2,0.6921517,0.1586038,1.537951,3.596391,5.061229,6.706292,6.461938E-05
初号机（完全体）,4,0.02,7.22,0.7669103,0.0009014306,1.541668,3.596391,6.107717,5.911397,6.461938E-05
初号机（完全体）,4,0.02,7.24,0.7522988,-0.2043768,1.550074,3.596391,5.903183,6.06685,6.461938E-05
初号机（完全体）,4,0.02,7.26,0.5917141,-0.3985195,1.558961,3.596391,3.655279,7.772172,6.461938E-05
初号机（完全体）,4,0.02,7.28,0.3159101,-0.5150144,1.563713,3.596391,-0.2055054,10.684,6.461938E-05
初号机（完全体）,4,0.02,7.3,0.02166463,-0.5207575,1.561955,3.596391,-4.324402,13.75863,6.461938E-05
初号机（完全体）,4,0.02,7.32,-0.2032006,-0.4374541,1.554929,3.596391,-7.472137,16.07961,6.461938E-05
初号机（完全体）,4,0.02,7.34,-0.37315,-0.331266,1.546809,3.596391,-9.851105,17.81383,6.461938E-05
初号机（完全体）,4,0.02,7.36,-0.5015951,-0.2503654,1.54063,3.596391,-11.64911,19.11152,6.461938E-05
初号机（完全体）,4,0.02,7.38,-0.5986717,-0.1892221,1.535961,3.596391,-13.008,20.08417,6.461938E-05
初号机（完全体）,4,0.02,7.4,-0.6720407,-0.1083493,1.534684,3.596391,-14.03503,20.81429,6.461938E-05
初号机（完全体）,4,0.02,7.42,-0.7273136,0.03708014,1.5392,3.596391,-14.80875,21.36136,6.461938E-05
初号机（完全体）,4,0.02,7.44,-0.6979752,0.2330826,1.548208,3.596391,-14.39807,21.07131,6.461938E-05
初号机（完全体）,4,0.02,7.46,-0.52626,0.4202149,1.557551,3.596391,-11.99438,19.35934,6.461938E-05
初号机（完全体）,4,0.02,7.48,-0.2420438,0.5314113,1.562647,3.596391,-8.015869,16.4776,6.461938E-05
初号机（完全体）,4,0.02,7.5,0.05855944,0.5331501,1.561149,3.596391,-3.807953,13.37527,6.461938E-05
初号机（完全体）,4,0.02,7.52,0.2882298,0.4468202,1.55432,3.596391,-0.5929565,10.97479,6.461938E-05
初号机（完全体）,4,0.02,7.54,0.4618109,0.3383447,1.546349,3.596391,1.836863,9.146677,6.461938E-05
初号机（完全体）,4,0.02,7.56,0.5930006,0.2557154,1.540283,3.596391,3.673288,7.758534,6.461938E-05
初号机（完全体）,4,0.02,7.58,0.6921517,0.1586038,1.537951,3.596391,5.061229,6.706292,6.461938E-05
初号机（完全体）,4,0.02,7.6,0.7669103,0.0009014306,1.541668,3.596391,6.107717,5.911397,6.461938E-05
初号机（完全体）,4,0.02,7.62,0.7522988,-0.2043768,1.550074,3.596391,5.903183,6.06685,6.461938E-05
初号机（完全体）,4,0.02,7.64,0.5917141,-0.3985195,1.558961,3.596391,3.65528,7.772172,6.461938E-05
初号机（完全体）,4,0.02,7.66,0.3159101,-0.5150144,1.563713,3.596391,-0.2055054,10.684,6.461938E-05
初号机（完全体）,4,0.02,7.68,0.02166463,-0.5207575,1.561955,3.596391,-4.324402,13.75863,6.461938E-05
初号机（完全体）,4,0.02,7.7,-0.2032006,-0.4374541,1.554929,3.596391,-7.472137,16.07961,6.461938E-05
初号机（完全体）,4,0.02,7.72,-0.37315,-0.331266,1.546809,3.596391,-9.851105,17.81383,6.461938E-05
初号机（完全体）,4,0.02,7.74,-0.5015951,-0.2503654,1.54063,3.596391,-11.64911,19.11152,6.461938E-05
初号机（完全体）,4,0.02,7.76,-0.5986717,-0.1892221,1.535961,3.596391,-13.008,20.08417,6.461938E-05
初号机（完全体）,4,0.02,7.78,-0.6720407,-0.1083493,1.534684,3.596391,-14.03503,20.81429,6.461938E-05
初号机（完全体）,4,0.02,7.8,-0.7273136,0.03708014,1.5392,3.596391,-14.80875,21.36136,6.461938E-05
初号机（完全体）,4,0.02,7.82,-0.6979752,0.2330826,1.548208,3.596391,-14.39807,21.07131,6.461938E-05
初号机（完全体）,4,0.02,7.84,-0.52626,0.4202149,1.557551,3.596391,-11.99438,19.35934,6.461938E-05
初号机（完全体）,4,0.02,7.86,-0.2420438,0.5314113,1.562647,3.596391,-8.015869,16.4776,6.461938E-05
初号机（完全体）,4,0.02,7.88,0.05855944,0.5331501,1.561149,3.596391,-3.807953,13.37527,6.461938E-05
初号机（完全体）,4,0.02,7.9,0.2882298,0.4468202,1.55432,3.596391,-0.5929565,10.97479,6.461938E-05
初号机（完全体）,4,0.02,7.92,0.4618109,0.3383447,1.546349,3.596391,1.836863,9.146677,6.461938E-05
初号机（完全体）,4,0.02,7.94,0.5930006,0.2557154,1.540283,3.596391,3.673288,7.758534,6.461938E-05
初号机（完全体）,4,0.02,7.96,0.6921517,0.1586038,1.537951,3.596391,5.061229,6.706292,6.461938E-05
初号机（完全体）,4,0.02,7.98,0.7669103,0.0009014306,1.541668,3.596391,6.107716,5.911397,6.461938E-05
初号机（完全体）,4,0.02,8,0.7522988,-0.2043768,1.550074,3.596391,5.903183,6.06685,6.461938E-05
初号机（完全体）,4,0.02,8.02,0.5917141,-0.3985195,1.558961,3.596391,3.65528,7.772172,6.461938E-05
初号机（完全体）,4,0.02,8.04,0.3159101,-0.5150144,1.563713,3.596391,-0.2055054,10.684,6.461938E-05
初号机（完全体）,4,0.02,8.059999,0.02166463,-0.5207575,1.561955,3.596391,-4.324402,13.75863,6.461938E-05
初号机（完全体）,4,0.02,8.08,-0.2032006,-0.4374541,1.554929,3.596391,-7.472137,16.07961,6.461938E-05
初号机（完全体）,4,0.02,8.099999,-0.37315,-0.331266,1.546809,3.596391,-9.851105,17.81383,6.461938E-05
初号机（完全体）,4,0.02,8.12,-0.5015951,-0.2503654,1.54063,3.596391,-11.64911,19.11152,6.461938E-05
初号机（完全体）,4,0.02,8.139999,-0.5986717,-0.1892221,1.535961,3.596391,-13.008,20.08417,6.461938E-05
初号机（完全体）,4,0.02,8.16,-0.6720407,-0.1083493,1.534684,3.596391,-14.03503,20.81429,6.461938E-05
初号机（完全体）,4,0.02,8.179999,-0.7273136,0.03708014,1.5392,3.596391,-14.80875,21.36136,6.461938E-05
初号机（完全体）,4,0.02,8.2,-0.6979752,0.2330826,1.548208,3.596391,-14.39807,21.07131,6.461938E-05
初号机（完全体）,4,0.02,8.22,-0.52626,0.4202149,1.557551,3.596391,-11.99438,19.35934,6.461938E-05
初号机（完全体）,4,0.02,8.24,-0.2420438,0.5314113,1.562647,3.596391,-8.015869,16.4776,6.461938E-05
初号机（完全体）,4,0.02,8.26,0.05855944,0.5331501,1.561149,3.596391,-3.807953,13.37527,6.461938E-05
初号机（完全体）,4,0.02,8.28,0.2882298,0.4468202,1.55432,3.596391,-0.5929565,10.97479,6.461938E-05
初号机（完全体）,4,0.02,8.3,0.4618109,0.3383447,1.546349,3.596391,1.836863,9.146677,6.461938E-05
初号机（完全体）,4,0.02,8.32,0.5930006,0.2557154,1.540283,3.596391,3.673288,7.758534,6.461938E-05
初号机（完全体）,4,0.02,8.34,0.6921517,0.1586038,1.537951,3.596391,5.061229,6.706292,6.461938E-05
初号机（完全体）,4,0.02,8.36,0.7669103,0.0009014306,1.541668,3.596391,6.107717,5.911397,6.461938E-05
初号机（完全体）,4,0.02,8.38,0.7522988,-0.2043768,1.550074,3.596391,5.903183,6.06685,6.461938E-05
初号机（完全体）,4,0.02,8.4,0.5917141,-0.3985195,1.558961,3.596391,3.65528,7.772172,6.461938E-05
初号机（完全体）,4,0.02,8.42,0.3159101,-0.5150144,1.563713,3.596391,-0.2055054,10.684,6.461938E-05
初号机（完全体）,4,0.02,8.44,0.02166463,-0.5207575,1.561955,3.596391,-4.324402,13.75863,6.461938E-05
初号机（完全体）,4,0.02,8.46,-0.2032006,-0.4374541,1.554929,3.596391,-7.472137,16.07961,6.461938E-05
初号机（完全体）,4,0.02,8.48,-0.37315,-0.331266,1.546809,3.596391,-9.851105,17.81383,6.461938E-05
初号机（完全体）,4,0.02,8.5,-0.5015951,-0.2503654,1.54063,3.596391,-11.64911,19.11152,6.461938E-05
初号机（完全体）,4,0.02,8.52,-0.5986717,-0.1892221,1.535961,3.596391,-13.008,20.08417,6.461938E-05
初号机（完全体）,4,0.02,8.54,-0.6720407,-0.1083493,1.534684,3.596391,-14.03503,20.81429,6.461938E-05
初号机（完全体）,4,0.02,8.559999,-0.7273136,0.03708014,1.5392,3.596391,-14.80875,21.36136,6.461938E-05
初号机（完全体）,4,0.02,8.58,-0.6979752,0.2330826,1.548208,3.596391,-14.39807,21.07131,6.461938E-05
初号机（完全体）,4,0.02,8.599999,-0.52626,0.4202149,1.557551,3.596391,-11.99438,19.35934,6.461938E-05
初号机（完全体）,4,0.02,8.62,-0.2420438,0.5314113,1.562647,3.596391,-8.015869,16.4776,6.461938E-05
初号机（完全体）,4,0.02,8.639999,0.05855944,0.5331501,1.561149,3.596391,-3.807953,13.37527,6.461938E-05
初号机（完全体）,4,0.02,8.66,0.2882298,0.4468202,1.55432,3.596391,-0.5929565,10.97479,6.461938E-05
初号机（完全体）,4,0.02,8.679999,0.4618109,0.3383447,1.546349,3.596391,1.836863,9.146677,6.461938E-05
初号机（完全体）,4,0.02,8.7,0.5930006,0.2557154,1.540283,3.596391,3.673288,7.758534,6.461938E-05
初号机（完全体）,4,0.02,8.72,0.6921517,0.1586038,1.537951,3.596391,5.061229,6.706292,6.461938E-05
初号机（完全体）,4,0.02,8.74,0.7669103,0.0009014306,1.541668,3.596391,6.107717,5.911397,6.461938E-05
初号机（完全体）,4,0.02,8.76,0.7522988,-0.2043768,1.550074,3.596391,5.903183,6.06685,6.461938E-05
初号机（完全体）,4,0.02,8.78,0.5917141,-0.3985195,1.558961,3.596391,3.65528,7.772172,6.461938E-05
初号机（完全体）,4,0.02,8.8,0.3159101,-0.5150144,1.563713,3.596391,-0.2055054,10.684,6.461938E-05
初号机（完全体）,4,0.02,8.82,0.02166463,-0.5207575,1.561955,3.596391,-4.324402,13.75863,6.461938E-05
初号机（完全体）,4,0.02,8.84,-0.2032006,-0.4374541,1.554929,3.596391,-7.472137,16.07961,6.461938E-05
初号机（完全体）,4,0.02,8.86,-0.37315,-0.331266,1.546809,3.596391,-9.851105,17.81383,6.461938E-05
初号机（完全体）,4,0.02,8.88,-0.5015951,-0.2503654,1.54063,3.596391,-11.64911,19.11152,6.461938E-05
初号机（完全体）,4,0.02,8.9,-0.5986717,-0.1892221,1.535961,3.596391,-13.008,20.08417,6.461938E-05
初号机（完全体）,4,0.02,8.92,-0.6720407,-0.1083493,1.534684,3.596391,-14.03503,20.81429,6.461938E-05
初号机（完全体）,4,0.02,8.94,-0.7273136,0.03708014,1.5392,3.596391,-14.80875,21.36136,6.461938E-05
初号机（完全体）,4,0.02,8.96,-0.6979752,0.2330826,1.548208,3.596391,-14.39807,21.07131,6.461938E-05
初号机（完全体）,4,0.02,8.98,-0.52626,0.4202149,1.557551,3.596391,-11.99438,19.35934,6.461938E-05
初号机（完全体）,4,0.02,9,-0.2420438,0.5314113,1.562647,3.596391,-8.015869,16.4776,6.461938E-05
初号机（完全体）,4,0.02,9.02,0.05856002,0.5331501,1.561149,3.596391,-3.807953,13.37526,6.461938E-05
初号机（完全体）,4,0.02,9.04,0.2882308,0.4468202,1.55432,3.596503,-0.5928955,10.97483,6.461938E-05
初号机（完全体）,4,0.02,9.059999,0.4618122,0.3383447,1.546349,3.596564,1.836994,9.146746,6.461938E-05
初号机（完全体）,4,0.02,9.08,0.5930022,0.2557154,1.540283,3.596595,3.673443,7.758611,6.461938E-05
初号机（完全体）,4,0.02,9.099999,0.6921535,0.1586038,1.537951,3.596606,5.061393,6.706368,6.461938E-05
初号机（完全体）,4,0.02,9.12,0.7669122,0.0009014306,1.541668,3.596604,6.107882,5.911473,6.461938E-05
初号机（完全体）,4,0.02,9.139999,0.7523009,-0.2043768,1.550074,3.596596,5.903344,6.066923,6.461938E-05
初号机（完全体）,4,0.02,9.16,0.5917157,-0.3985195,1.558961,3.596584,3.655428,7.772244,6.461938E-05
初号机（完全体）,4,0.02,9.179999,0.3159113,-0.5150144,1.563713,3.596571,-0.2053528,10.68406,6.461938E-05
初号机（完全体）,4,0.02,9.2,0.02166497,-0.5207575,1.561955,3.596558,-4.32431,13.75871,6.461938E-05
初号机（完全体）,4,0.02,9.22,-0.2032009,-0.4374541,1.554929,3.596546,-7.472046,16.07969,6.461938E-05
初号机（完全体）,4,0.02,9.24,-0.3731508,-0.331266,1.546809,3.596535,-9.851044,17.81389,6.461938E-05
初号机（完全体）,4,0.02,9.26,-0.5015962,-0.2503654,1.54063,3.596525,-11.64905,19.1116,6.461938E-05
初号机（完全体）,4,0.02,9.28,-0.5986732,-0.1892221,1.535961,3.596518,-13.00793,20.08423,6.461938E-05
初号机（完全体）,4,0.02,9.3,-0.6720424,-0.1083493,1.534684,3.596511,-14.03497,20.81436,6.461938E-05
初号机（完全体）,4,0.02,9.32,-0.7273154,0.03708014,1.5392,3.596504,-14.80872,21.36143,6.461938E-05
初号机（完全体）,4,0.02,9.34,-0.6979765,0.2330826,1.548208,3.596499,-14.39801,21.07136,6.461938E-05
初号机（完全体）,4,0.02,9.36,-0.5262582,0.4202149,1.557551,3.596494,-11.99429,19.35937,6.461938E-05
初号机（完全体）,4,0.02,9.38,-0.2420384,0.5314113,1.562647,3.596491,-8.015717,16.47758,6.461938E-05
初号机（完全体）,4,0.02,9.4,0.05856939,0.5331501,1.561149,3.596489,-3.807739,13.37521,6.461938E-05
初号机（完全体）,4,0.02,9.42,0.2882431,0.4468202,1.55432,3.596486,-0.5927124,10.97469,6.461938E-05
初号机（完全体）,4,0.02,9.44,0.4618267,0.3383447,1.546349,3.596484,1.837145,9.146555,6.461938E-05
初号机（完全体）,4,0.02,9.46,0.5930185,0.2557154,1.540283,3.596482,3.673598,7.758386,6.461938E-05
初号机（完全体）,4,0.02,9.48,0.692171,0.1586038,1.537951,3.596481,5.061557,6.706126,6.461938E-05
初号机（完全体）,4,0.02,9.5,0.7669308,0.0009014306,1.541668,3.59648,6.108061,5.911219,6.461938E-05
初号机（完全体）,4,0.02,9.52,0.7523184,-0.2043768,1.550074,3.596479,5.903515,6.066683,6.461938E-05
初号机（完全体）,4,0.02,9.54,0.5917301,-0.3985195,1.558961,3.596479,3.65556,7.772042,6.461938E-05
初号机（完全体）,4,0.02,9.559999,0.3159187,-0.5150144,1.563713,3.596478,-0.2053223,10.68395,6.461938E-05
初号机（完全体）,4,0.02,9.58,0.02166588,-0.5207575,1.561955,3.596478,-4.324341,13.75866,6.461938E-05
初号机（完全体）,4,0.02,9.599999,-0.2032049,-0.4374541,1.554929,3.596478,-7.472137,16.0797,6.461938E-05
初号机（完全体）,4,0.02,9.62,-0.3731585,-0.331266,1.546809,3.596478,-9.851166,17.81395,6.461938E-05
初号机（完全体）,4,0.02,9.639999,-0.5016067,-0.2503654,1.54063,3.596478,-11.64923,19.11168,6.461938E-05
初号机（完全体）,4,0.02,9.66,-0.5986857,-0.1892221,1.535961,3.596478,-13.00815,20.08434,6.461938E-05
初号机（完全体）,4,0.02,9.679999,-0.6720565,-0.1083493,1.534684,3.596478,-14.03522,20.81448,6.461938E-05
初号机（完全体）,4,0.02,9.7,-0.7273307,0.03708014,1.5392,3.596478,-14.80893,21.36156,6.461938E-05
初号机（完全体）,4,0.02,9.719999,-0.6979916,0.2330826,1.548208,3.596478,-14.39825,21.0715,6.461938E-05
初号机（完全体）,4,0.02,9.74,-0.526273,0.4202149,1.557551,3.596478,-11.99451,19.3595,6.461938E-05
初号机（完全体）,4,0.02,9.76,-0.2420496,0.5314113,1.562647,3.596478,-8.0159,16.4777,6.461938E-05
初号机（完全体）,4,0.02,9.78,0.05856091,0.5331501,1.561149,3.596478,-3.807861,13.37529,6.461938E-05
初号机（完全体）,4,0.02,9.8,0.2882367,0.4468202,1.55432,3.596478,-0.592804,10.97476,6.461938E-05
初号机（完全体）,4,0.02,9.82,0.4618219,0.3383447,1.546349,3.596478,1.837073,9.146603,6.461938E-05
初号机（完全体）,4,0.02,9.84,0.5930148,0.2557154,1.540283,3.596478,3.673543,7.758423,6.461938E-05
初号机（完全体）,4,0.02,9.86,0.6921682,0.1586038,1.537951,3.596478,5.061517,6.706156,6.461938E-05
初号机（完全体）,4,0.02,9.88,0.7669286,0.0009014306,1.541668,3.596478,6.10803,5.911239,6.461938E-05
初号机（完全体）,4,0.02,9.9,0.7523168,-0.2043768,1.550074,3.596478,5.90349,6.0667,6.461938E-05
初号机（完全体）,4,0.02,9.92,0.5917289,-0.3985195,1.558961,3.596478,3.655543,7.772053,6.461938E-05
初号机（完全体）,4,0.02,9.94,0.3159178,-0.5150144,1.563713,3.596478,-0.2053223,10.68396,6.461938E-05
初号机（完全体）,4,0.02,9.96,0.0216652,-0.5207575,1.561955,3.596478,-4.324341,13.75867,6.461938E-05
初号机（完全体）,4,0.02,9.98,-0.2032054,-0.4374541,1.554929,3.596478,-7.472137,16.0797,6.461938E-05
初号机（完全体）,-2,0.02,0,-8.530726E-19,-9.85658E-20,1.661509,-2.386154E-17,-6.965027,12.36129,3.457101E-06
初号机（完全体）,-2,0.02,0.02,-6.447384E-19,-7.449443E-20,1.661509,-0.09317023,-6.90448,12.40346,1.016259E-05
初号机（完全体）,-2,0.02,0.04,-4.872828E-19,-5.630168E-20,1.661509,-0.1919549,-6.840271,12.44816,3.37675E-05
初号机（完全体）,-2,0.02,0.06,-3.682804E-19,-4.255189E-20,1.661509,-0.2902317,-6.776398,12.49262,3.37675E-05
初号机（完全体）,-2,0.02,0.08,-6.23397E-05,0.01348719,1.648386,-0.3845118,-6.716003,12.53592,3.37675E-05
初号机（完全体）,-2,0.02,0.09999999,-0.001439274,0.04682584,1.647877,-0.4730232,-6.677765,12.59032,3.37675E-05
初号机（完全体）,-2,0.02,0.12,-0.00662883,0.1016589,1.644477,-0.5550844,-6.697083,12.68156,4.167887E-05
初号机（完全体）,-2,0.02,0.14,-0.01824305,0.1734513,1.635715,-0.6306798,-6.810516,12.83683,4.167887E-05
初号机（完全体）,-2,0.02,0.16,-0.03815265,0.2518656,1.621797,-0.7001775,-7.044037,13.07565,4.167887E-05
初号机（完全体）,-2,0.02,0.18,-0.0668405,0.3228934,1.605869,-0.7641441,-7.404053,13.40302,4.167887E-05
初号机（完全体）,-2,0.02,0.2,-0.1029131,0.3722511,1.590543,-0.8232273,-7.870605,13.80438,4.167887E-05
初号机（完全体）,-2,0.02,0.22,-0.1427313,0.3892389,1.575485,-0.8780832,-8.392334,14.2419,4.167887E-05
初号机（完全体）,-2,0.02,0.24,-0.1815052,0.3701177,1.559566,-0.9293348,-8.901794,14.66607,4.167887E-05
初号机（完全体）,-2,0.02,0.26,-0.2189911,0.3201309,1.542317,-0.9775485,-9.395203,15.0747,4.167887E-05
初号机（完全体）,-2,0.02,0.28,-0.2473224,0.2525065,1.537922,-1.023226,-9.762085,15.38708,4.167887E-05
初号机（完全体）,-2,0.02,0.3,-0.2687347,0.1908403,1.533913,-1.066803,-10.03351,15.62686,4.167887E-05
初号机（完全体）,-2,0.02,0.32,-0.2849178,0.144234,1.530884,-1.108649,-10.23285,15.81183,4.167887E-05
初号机（完全体）,-2,0.02,0.34,-0.2971487,0.0963845,1.529415,-1.149076,-10.37778,15.95543,4.167887E-05
初号机（完全体）,-2,0.02,0.36,-0.3063926,0.02495567,1.530597,-1.188347,-10.48166,16.06775,4.167887E-05
初号机（完全体）,-2,0.02,0.38,-0.313379,-0.07964139,1.53478,-1.226675,-10.55453,16.15643,4.167887E-05
初号机（完全体）,-2,0.02,0.4,-0.3160543,-0.2141878,1.541549,-1.264239,-10.5676,16.20055,4.167887E-05
初号机（完全体）,-2,0.02,0.42,-0.3071509,-0.3647754,1.549843,-1.301181,-10.41895,16.12568,4.167887E-05
初号机（完全体）,-2,0.02,0.44,-0.283796,-0.5107808,1.558204,-1.33762,-10.06833,15.90222,4.167887E-05
初号机（完全体）,-2,0.02,0.46,-0.2469025,-0.6299599,1.565097,-1.373651,-9.528473,15.53906,4.167887E-05
初号机（完全体）,-2,0.02,0.48,-0.2002454,-0.7036749,1.569244,-1.409349,-8.852142,15.07435,4.167887E-05
初号机（完全体）,-2,0.02,0.5,-0.149762,-0.7212225,1.569897,-1.444777,-8.122467,14.56882,4.167887E-05
初号机（完全体）,-2,0.02,0.52,-0.1030243,-0.6824052,1.567005,-1.479983,-7.445343,14.10073,4.167887E-05
初号机（完全体）,-2,0.02,0.54,-0.06681637,-0.5978433,1.56123,-1.515007,-6.91571,13.74086,4.167887E-05
初号机（完全体）,-2,0.02,0.56,-0.03945104,-0.4869831,1.553814,-1.549879,-6.509979,13.47226,4.167887E-05
初号机（完全体）,-2,0.02,0.58,-0.01876876,-0.3742304,1.546326,-1.584626,-6.197876,13.27282,4.167887E-05
初号机（完全体）,-2,0.02,0.6,-0.00313743,-0.2828373,1.540265,-1.619266,-5.956573,13.12576,4.167887E-05
初号机（完全体）,-2,0.02,0.62,0.008676475,-0.2137638,1.535685,-1.653814,-5.768738,13.01832,4.167887E-05
初号机（完全体）,-2,0.02,0.64,0.01760523,-0.1468701,1.533177,-1.688283,-5.621338,12.94086,4.167887E-05
初号机（完全体）,-2,0.02,0.66,0.02435344,-0.05577978,1.533917,-1.722684,-5.504517,12.88607,4.167887E-05
初号机（完全体）,-2,0.02,0.68,0.02945363,0.06969015,1.538157,-1.757023,-5.410828,12.84842,4.167887E-05
初号机（完全体）,-2,0.02,0.7,0.02500092,0.2236122,1.545202,-1.791306,-5.450867,12.91031,4.167887E-05
初号机（完全体）,-2,0.02,0.72,-0.0009063161,0.387289,1.553605,-1.825535,-5.79129,13.19557,4.167887E-05
初号机（完全体）,-2,0.02,0.74,-0.05118942,0.5351987,1.561528,-1.859719,-6.472931,13.7337,4.167887E-05
初号机（完全体）,-2,0.02,0.76,-0.1219639,0.6422284,1.567208,-1.89386,-7.441467,14.48257,4.167887E-05
初号机（完全体）,-2,0.02,0.78,-0.2042017,0.6905432,1.569382,-1.927959,-8.570496,15.34675,4.167887E-05
初号机（完全体）,-2,0.02,0.8,-0.284987,0.6745013,1.56761,-1.962016,-9.679199,16.19204,4.167887E-05
初号机（完全体）,-2,0.02,0.82,-0.3498448,0.6024836,1.562377,-1.996036,-10.56497,16.87066,6.2621E-05
初号机（完全体）,-2,0.02,0.84,-0.3988633,0.495234,1.554989,-2.030015,-11.22906,17.38533,6.2621E-05
初号机（完全体）,-2,0.02,0.86,-0.4359107,0.3811385,1.547258,-2.063959,-11.72562,17.77683,6.2621E-05
初号机（完全体）,-2,0.02,0.88,-0.4639105,0.2880583,1.540969,-2.097868,-12.09552,18.07567,6.2621E-05
初号机（完全体）,-2,0.02,0.9,-0.4850723,0.2011415,1.537294,-2.13174,-12.36972,18.30475,6.2621E-05
初号机（完全体）,-2,0.02,0.92,-0.501066,0.09024246,1.537454,-2.165576,-12.57162,18.48124,6.2621E-05
初号机（完全体）,-2,0.02,0.94,-0.5127268,-0.05515402,1.541578,-2.199379,-12.71289,18.61378,6.2621E-05
初号机（完全体）,-2,0.02,0.96,-0.4963104,-0.226284,1.548676,-2.233145,-12.46112,18.46278,6.2621E-05
初号机（完全体）,-2,0.02,0.98,-0.4301402,-0.3999046,1.556919,-2.266881,-11.51294,17.80751,6.2621E-05
初号机（完全体）,-2,0.02,1,-0.3123827,-0.5464321,1.564143,-2.300578,-9.842651,16.62272,6.2621E-05
初号机（完全体）,-2,0.02,1.02,-0.1562014,-0.6393534,1.568445,-2.301812,-7.655579,15.01894,6.619869E-05
初号机（完全体）,-2,0.02,1.04,0.01390562,-0.6634667,1.568699,-2.273003,-5.293121,13.24322,6.619869E-05
初号机（完全体）,-2,0.02,1.06,0.1648738,-0.6197971,1.564868,-2.228626,-3.208679,11.64688,6.619869E-05
初号机（完全体）,-2,0.02,1.08,0.2790564,-0.5259153,1.558015,-2.177908,-1.64328,10.42517,6.619869E-05
初号机（完全体）,-2,0.02,1.1,0.3653537,-0.4116216,1.550019,-2.126521,-0.4686584,9.492525,6.619869E-05
初号机（完全体）,-2,0.02,1.12,0.4305758,-0.3110969,1.543056,-2.07776,0.4126397,8.781359,6.619869E-05
初号机（完全体）,-2,0.02,1.14,0.4798697,-0.235122,1.537794,-2.033368,1.073816,8.239487,6.619869E-05
初号机（完全体）,-2,0.02,1.16,0.5171251,-0.1600481,1.534964,-1.994085,1.569797,7.826815,6.619869E-05
初号机（完全体）,-2,0.02,1.18,0.5452822,-0.05545304,1.535936,-1.96004,1.941819,7.51265,6.619869E-05
初号机（完全体）,-2,0.02,1.2,0.5651607,0.08781891,1.540845,-1.930999,2.20121,7.288414,6.619869E-05
初号机（完全体）,-2,0.02,1.22,0.5460909,0.2581186,1.548587,-1.906534,1.918365,7.479482,6.619869E-05
初号机（完全体）,-2,0.02,1.24,0.4655214,0.42871,1.55716,-1.886132,0.7772749,8.32384,6.619869E-05
初号机（完全体）,-2,0.02,1.26,0.3245173,0.567277,1.564265,-1.86926,-1.207489,9.805616,6.619869E-05
初号机（完全体）,-2,0.02,1.28,0.1419924,0.6466089,1.567985,-1.855403,-3.771545,11.71714,6.619869E-05
初号机（完全体）,-2,0.02,1.3,-0.04964905,0.6534832,1.567346,-1.844092,-6.461517,13.71067,6.619869E-05
初号机（完全体）,-2,0.02,1.32,-0.2092655,0.593255,1.56261,-1.834904,-8.701843,15.35738,6.619869E-05
初号机（完全体）,-2,0.02,1.34,-0.329901,0.4888885,1.555206,-1.827476,-10.39536,16.59222,6.619869E-05
初号机（完全体）,-2,0.02,1.36,-0.4210754,0.3747545,1.547319,-1.821493,-11.67551,17.51936,6.619869E-05
初号机（完全体）,-2,0.02,1.38,-0.4899835,0.2832334,1.541016,-1.816692,-12.64322,18.21631,6.619869E-05
初号机（完全体）,-2,0.02,1.4,-0.5420632,0.1964099,1.537399,-1.81285,-13.37476,18.74076,6.619869E-05
初号机（完全体）,-2,0.02,1.42,-0.5814241,0.08293471,1.537776,-1.809785,-13.9277,19.13575,6.619869E-05
初号机（完全体）,-2,0.02,1.44,-0.609805,-0.06704872,1.542236,-1.807345,-14.32657,19.41975,6.619869E-05
初号机（完全体）,-2,0.02,1.46,-0.598004,-0.2424208,1.549638,-1.805408,-14.16266,19.30045,6.619869E-05
初号机（完全体）,-2,0.02,1.48,-0.5245637,-0.4168459,1.557954,-1.803866,-13.13562,18.56025,6.619869E-05
初号机（完全体）,-2,0.02,1.5,-0.3909282,-0.5583103,1.564866,-1.802647,-11.26575,17.2042,6.619869E-05
初号机（完全体）,-2,0.02,1.52,-0.2158503,-0.639832,1.568439,-1.801687,-8.815613,15.41036,6.619869E-05
初号机（完全体）,-2,0.02,1.54,-0.03116446,-0.6483613,1.567689,-1.800931,-6.230835,13.49921,6.619869E-05
初号机（完全体）,-2,0.02,1.56,0.1228297,-0.589384,1.56287,-1.800336,-4.075562,11.89276,6.619869E-05
初号机（完全体）,-2,0.02,1.58,0.239216,-0.4859629,1.555402,-1.799869,-2.446655,10.67185,6.619869E-05
初号机（完全体）,-2,0.02,1.6,0.3271789,-0.3725434,1.547467,-1.799503,-1.215576,9.745692,6.619869E-05
初号机（完全体）,-2,0.02,1.62,0.3936598,-0.2815622,1.541127,-1.799216,-0.2851563,9.043938,6.619869E-05
初号机（完全体）,-2,0.02,1.64,0.443905,-0.2128002,1.536336,-1.798991,0.4180482,8.512629,6.619869E-05
初号机（完全体）,-2,0.02,1.66,0.4818795,-0.1431776,1.533863,-1.798815,0.9495102,8.110575,6.619869E-05
初号机（完全体）,-2,0.02,1.68,0.5105801,-0.04270262,1.535104,-1.798678,1.351178,7.806439,6.619869E-05
初号机（完全体）,-2,0.02,1.7,0.5309606,0.09745548,1.540216,-1.798571,1.6364,7.59033,6.619869E-05
初号机（完全体）,-2,0.02,1.72,0.5144885,0.2654018,1.548111,-1.798487,1.405766,7.764924,6.619869E-05
初号机（完全体）,-2,0.02,1.74,0.440187,0.4342146,1.5568,-1.798422,0.3656324,8.551705,6.619869E-05
初号机（完全体）,-2,0.02,1.76,0.3091325,0.5714372,1.563994,-1.798372,-1.468933,9.935376,6.619869E-05
初号机（完全体）,-2,0.02,1.78,0.1390698,0.6497532,1.56778,-1.798333,-3.849548,11.72185,6.619869E-05
初号机（完全体）,-2,0.02,1.8,-0.03965949,0.6558595,1.567191,-1.798302,-6.35144,13.5863,6.619869E-05
初号机（完全体）,-2,0.02,1.82,-0.1885556,0.5950511,1.562493,-1.798278,-8.43576,15.1276,6.619869E-05
初号机（完全体）,-2,0.02,1.84,-0.3010889,0.4902459,1.555118,-1.798259,-10.01102,16.28433,6.619869E-05
初号机（完全体）,-2,0.02,1.86,-0.3861397,0.3757804,1.547252,-1.798245,-11.2016,17.15346,6.619869E-05
初号机（完全体）,-2,0.02,1.88,-0.4504197,0.2840087,1.540965,-1.798234,-12.10141,17.80722,6.619869E-05
初号机（完全体）,-2,0.02,1.9,-0.4990015,0.1969959,1.537361,-1.798225,-12.78146,18.29946,6.619869E-05
初号机（完全体）,-2,0.02,1.92,-0.5357189,0.0833776,1.537748,-1.798218,-13.29544,18.67037,6.619869E-05
初号机（完全体）,-2,0.02,1.94,-0.5621583,-0.06671399,1.542214,-1.798213,-13.66556,18.93685,6.619869E-05
初号机（完全体）,-2,0.02,1.96,-0.5502657,-0.2421678,1.549621,-1.79821,-13.49908,18.81705,6.619869E-05
初号机（完全体）,-2,0.02,1.98,-0.4794251,-0.4166547,1.557941,-1.798206,-12.50745,18.1013,6.619869E-05
初号机（完全体）,-2,0.02,2,-0.3509867,-0.5581658,1.564856,-1.798204,-10.70953,16.79477,6.619869E-05
初号机（完全体）,-2,0.02,2.02,-0.1829011,-0.6397228,1.568432,-1.798202,-8.356659,15.06925,6.619869E-05
初号机（完全体）,-2,0.02,2.04,-0.005666238,-0.6482788,1.567683,-1.7982,-5.875671,13.23279,6.619869E-05
初号机（完全体）,-2,0.02,2.06,0.1421004,-0.5893216,1.562865,-1.798199,-3.80719,11.69005,6.619869E-05
初号机（完全体）,-2,0.02,2.08,0.2537801,-0.4859157,1.555399,-1.798198,-2.243896,10.51797,6.619869E-05
初号机（完全体）,-2,0.02,2.1,0.3381858,-0.3725078,1.547464,-1.798198,-1.062347,9.629032,6.619869E-05
初号机（完全体）,-2,0.02,2.12,0.4019782,-0.2815353,1.541126,-1.798197,-0.1693726,8.955582,6.619869E-05
初号机（完全体）,-2,0.02,2.14,0.4501915,-0.2127798,1.536335,-1.798197,0.505531,8.445752,6.619869E-05
初号机（完全体）,-2,0.02,2.16,0.4866303,-0.1431623,1.533862,-1.798197,1.015611,8.059978,6.619869E-05
初号机（完全体）,-2,0.02,2.18,0.5141702,-0.042691,1.535103,-1.798196,1.401121,7.768167,6.619869E-05
初号机（完全体）,-2,0.02,2.2,0.5336735,0.09746426,1.540215,-1.798196,1.674133,7.561386,6.619869E-05
初号机（完全体）,-2,0.02,2.22,0.5165385,0.2654084,1.54811,-1.798196,1.434274,7.743063,6.619869E-05
初号机（完全体）,-2,0.02,2.24,0.441736,0.4342196,1.5568,-1.798196,0.3871698,8.535213,6.619869E-05
初号机（完全体）,-2,0.02,2.26,0.3103032,0.571441,1.563993,-1.798196,-1.452667,9.922957,6.619869E-05
初号机（完全体）,-2,0.02,2.28,0.1399547,0.649756,1.56778,-1.798196,-3.83725,11.71252,6.619869E-05
初号机（完全体）,-2,0.02,2.3,-0.03899058,0.6558617,1.567191,-1.798196,-6.342163,13.5793,6.619869E-05
初号机（完全体）,-2,0.02,2.32,-0.1880499,0.5950527,1.562493,-1.798196,-8.428711,15.12235,6.619869E-05
初号机（完全体）,-2,0.02,2.34,-0.3007065,0.4902471,1.555117,-1.798196,-10.00571,16.28039,6.619869E-05
初号机（完全体）,-2,0.02,2.36,-0.3858506,0.3757814,1.547252,-1.798196,-11.19757,17.1505,6.619869E-05
初号机（完全体）,-2,0.02,2.38,-0.4502011,0.2840094,1.540965,-1.798196,-12.09836,17.80499,6.619869E-05
初号机（完全体）,-2,0.02,2.4,-0.4988361,0.1969965,1.537361,-1.798196,-12.77917,18.29777,6.619869E-05
初号机（完全体）,-2,0.02,2.42,-0.5355937,0.08337799,1.537748,-1.798196,-13.2937,18.6691,6.619869E-05
初号机（完全体）,-2,0.02,2.44,-0.5620636,-0.06671369,1.542214,-1.798196,-13.66425,18.93589,6.619869E-05
初号机（完全体）,-2,0.02,2.46,-0.5501938,-0.2421676,1.549621,-1.798196,-13.49808,18.81632,6.619869E-05
初号机（完全体）,-2,0.02,2.48,-0.4793708,-0.4166546,1.557941,-1.798196,-12.50668,18.10074,6.619869E-05
初号机（完全体）,-2,0.02,2.5,-0.3509456,-0.5581657,1.564856,-1.798196,-10.70895,16.79434,6.619869E-05
初号机（完全体）,-2,0.02,2.52,-0.18287,-0.6397227,1.568432,-1.798196,-8.356201,15.06893,6.619869E-05
初号机（完全体）,-2,0.02,2.54,-0.005642746,-0.6482787,1.567683,-1.798196,-5.875336,13.23254,6.619869E-05
初号机（完全体）,-2,0.02,2.56,0.1421182,-0.5893216,1.562865,-1.798196,-3.806946,11.68986,6.619869E-05
初号机（完全体）,-2,0.02,2.58,0.2537935,-0.4859156,1.555399,-1.798196,-2.243683,10.51783,6.619869E-05
初号机（完全体）,-2,0.02,2.6,0.3381959,-0.3725077,1.547464,-1.798196,-1.062225,9.628927,6.619869E-05
初号机（完全体）,-2,0.02,2.62,0.4019859,-0.2815353,1.541126,-1.798196,-0.1692505,8.955501,6.619869E-05
初号机（完全体）,-2,0.02,2.64,0.4501972,-0.2127798,1.536335,-1.798196,0.5056115,8.445691,6.619869E-05
初号机（完全体）,-2,0.02,2.66,0.4866346,-0.1431622,1.533862,-1.798196,1.015671,8.05993,6.619869E-05
初号机（完全体）,-2,0.02,2.68,0.5141734,-0.04269097,1.535103,-1.798196,1.401166,7.768131,6.619869E-05
初号机（完全体）,-2,0.02,2.7,0.533676,0.09746428,1.540215,-1.798196,1.674167,7.561361,6.619869E-05
初号机（完全体）,-2,0.02,2.72,0.5165404,0.2654084,1.54811,-1.798196,1.434299,7.743041,6.619869E-05
初号机（完全体）,-2,0.02,2.74,0.4417374,0.4342196,1.5568,-1.798196,0.387189,8.535198,6.619869E-05
初号机（完全体）,-2,0.02,2.76,0.3103042,0.5714411,1.563993,-1.798196,-1.452637,9.922949,6.619869E-05
初号机（完全体）,-2,0.02,2.78,0.1399552,0.649756,1.56778,-1.798196,-3.837219,11.71251,6.619869E-05
初号机（完全体）,-2,0.02,2.8,-0.03899027,0.6558617,1.567191,-1.798196,-6.342163,13.5793,6.619869E-05
初号机（完全体）,-2,0.02,2.82,-0.1880498,0.5950527,1.562493,-1.798196,-8.428711,15.12235,6.619869E-05
初号机（完全体）,-2,0.02,2.84,-0.3007066,0.4902472,1.555117,-1.798196,-10.00571,16.28039,6.619869E-05
初号机（完全体）,-2,0.02,2.86,-0.3858508,0.3757814,1.547252,-1.798196,-11.19757,17.1505,6.619869E-05
初号机（完全体）,-2,0.02,2.88,-0.4502013,0.2840095,1.540965,-1.798196,-12.09836,17.80499,6.619869E-05
初号机（完全体）,-2,0.02,2.9,-0.4988365,0.1969965,1.537361,-1.798196,-12.77917,18.29777,6.619869E-05
初号机（完全体）,-2,0.02,2.92,-0.5355941,0.08337802,1.537748,-1.798196,-13.2937,18.6691,6.619869E-05
初号机（完全体）,-2,0.02,2.94,-0.562064,-0.06671368,1.542214,-1.798196,-13.66425,18.9359,6.619869E-05
初号机（完全体）,-2,0.02,2.96,-0.5501943,-0.2421676,1.549621,-1.798196,-13.49808,18.81632,6.619869E-05
初号机（完全体）,-2,0.02,2.98,-0.4793712,-0.4166546,1.557941,-1.798196,-12.50668,18.10075,6.619869E-05
初号机（完全体）,-2,0.02,3,-0.3509459,-0.5581657,1.564856,-1.798196,-10.70898,16.79435,6.619869E-05
初号机（完全体）,-2,0.02,3.02,-0.1828702,-0.6397227,1.568432,-1.798196,-8.356201,15.06893,6.619869E-05
初号机（完全体）,-2,0.02,3.04,-0.005642965,-0.6482787,1.567683,-1.798196,-5.875336,13.23254,6.619869E-05
初号机（完全体）,-2,0.02,3.06,0.142118,-0.5893216,1.562865,-1.798196,-3.806946,11.68987,6.619869E-05
初号机（完全体）,-2,0.02,3.08,0.2537934,-0.4859156,1.555399,-1.798196,-2.243683,10.51783,6.619869E-05
初号机（完全体）,-2,0.02,3.1,0.3381958,-0.3725077,1.547464,-1.798196,-1.062225,9.628927,6.619869E-05
初号机（完全体）,-2,0.02,3.12,0.4019858,-0.2815353,1.541126,-1.798196,-0.1692505,8.955502,6.619869E-05
初号机（完全体）,-2,0.02,3.14,0.4501972,-0.2127798,1.536335,-1.798196,0.5056115,8.445691,6.619869E-05
初号机（完全体）,-2,0.02,3.16,0.4866346,-0.1431622,1.533862,-1.798196,1.015671,8.05993,6.619869E-05
初号机（完全体）,-2,0.02,3.18,0.5141734,-0.04269097,1.535103,-1.798196,1.401165,7.76813,6.619869E-05
初号机（完全体）,-2,0.02,3.2,0.5336758,0.09746428,1.540215,-1.798196,1.674165,7.561362,6.619869E-05
初号机（完全体）,-2,0.02,3.22,0.5165402,0.2654084,1.54811,-1.798196,1.434298,7.743042,6.619869E-05
初号机（完全体）,-2,0.02,3.24,0.4417373,0.4342196,1.5568,-1.798196,0.3871873,8.535199,6.619869E-05
初号机（完全体）,-2,0.02,3.26,0.3103041,0.5714411,1.563993,-1.798196,-1.452637,9.92295,6.619869E-05
初号机（完全体）,-2,0.02,3.28,0.1399552,0.649756,1.56778,-1.798196,-3.837219,11.71251,6.619869E-05
初号机（完全体）,-2,0.02,3.3,-0.03899007,0.6558617,1.567191,-1.798196,-6.342163,13.5793,6.619869E-05
初号机（完全体）,-2,0.02,3.32,-0.1880495,0.5950527,1.562493,-1.798196,-8.428711,15.12235,6.619869E-05
初号机（完全体）,-2,0.02,3.34,-0.3007062,0.4902472,1.555117,-1.798196,-10.00571,16.28038,6.619869E-05
初号机（完全体）,-2,0.02,3.36,-0.3858503,0.3757814,1.547252,-1.798196,-11.19757,17.1505,6.619869E-05
初号机（完全体）,-2,0.02,3.38,-0.4502009,0.2840095,1.540965,-1.798196,-12.09836,17.80499,6.619869E-05
初号机（完全体）,-2,0.02,3.4,-0.498836,0.1969965,1.537361,-1.798196,-12.77917,18.29777,6.619869E-05
初号机（完全体）,-2,0.02,3.42,-0.5355936,0.08337802,1.537748,-1.798196,-13.2937,18.6691,6.619869E-05
初号机（完全体）,-2,0.02,3.44,-0.5620634,-0.06671368,1.542214,-1.798196,-13.66425,18.93589,6.619869E-05
初号机（完全体）,-2,0.02,3.46,-0.5501937,-0.2421676,1.549621,-1.798196,-13.49808,18.81632,6.619869E-05
初号机（完全体）,-2,0.02,3.48,-0.4793706,-0.4166546,1.557941,-1.798196,-12.50668,18.10074,6.619869E-05
初号机（完全体）,-2,0.02,3.5,-0.3509453,-0.5581657,1.564856,-1.798196,-10.70895,16.79434,6.619869E-05
初号机（完全体）,-2,0.02,3.52,-0.1828698,-0.6397227,1.568432,-1.798196,-8.356201,15.06893,6.619869E-05
初号机（完全体）,-2,0.02,3.54,-0.005642627,-0.6482787,1.567683,-1.798196,-5.875336,13.23254,6.619869E-05
初号机（完全体）,-2,0.02,3.56,0.1421183,-0.5893216,1.562865,-1.798196,-3.806946,11.68986,6.619869E-05
初号机（完全体）,-2,0.02,3.58,0.2537936,-0.4859156,1.555399,-1.798196,-2.243683,10.51783,6.619869E-05
初号机（完全体）,-2,0.02,3.6,0.3381959,-0.3725077,1.547464,-1.798196,-1.062195,9.628926,6.619869E-05
初号机（完全体）,-2,0.02,3.62,0.4019859,-0.2815353,1.541126,-1.798196,-0.1692505,8.955499,6.619869E-05
初号机（完全体）,-2,0.02,3.64,0.4501973,-0.2127798,1.536335,-1.798196,0.5056124,8.445688,6.619869E-05
初号机（完全体）,-2,0.02,3.66,0.4866347,-0.1431622,1.533862,-1.798196,1.015671,8.059929,6.619869E-05
初号机（完全体）,-2,0.02,3.68,0.5141734,-0.04269097,1.535103,-1.798196,1.401166,7.768131,6.619869E-05
初号机（完全体）,-2,0.02,3.7,0.5336758,0.09746428,1.540215,-1.798196,1.674165,7.561362,6.619869E-05
初号机（完全体）,-2,0.02,3.72,0.5165402,0.2654084,1.54811,-1.798196,1.434298,7.743042,6.619869E-05
初号机（完全体）,-2,0.02,3.74,0.4417373,0.4342196,1.5568,-1.798196,0.3871873,8.535199,6.619869E-05
初号机（完全体）,-2,0.02,3.76,0.3103041,0.5714411,1.563993,-1.798196,-1.452637,9.92295,6.619869E-05
初号机（完全体）,-2,0.02,3.78,0.1399552,0.649756,1.56778,-1.798196,-3.837219,11.71251,6.619869E-05
初号机（完全体）,-2,0.02,3.8,-0.03899007,0.6558617,1.567191,-1.798196,-6.342163,13.5793,6.619869E-05
初号机（完全体）,-2,0.02,3.82,-0.1880495,0.5950527,1.562493,-1.798196,-8.428711,15.12235,6.619869E-05
初号机（完全体）,-2,0.02,3.84,-0.3007062,0.4902472,1.555117,-1.798196,-10.00571,16.28038,6.619869E-05
初号机（完全体）,-2,0.02,3.86,-0.3858503,0.3757814,1.547252,-1.798196,-11.19757,17.1505,6.619869E-05
初号机（完全体）,-2,0.02,3.88,-0.4502009,0.2840095,1.540965,-1.798196,-12.09836,17.80499,6.619869E-05
初号机（完全体）,-2,0.02,3.9,-0.498836,0.1969965,1.537361,-1.798196,-12.77917,18.29777,6.619869E-05
初号机（完全体）,-2,0.02,3.92,-0.5355936,0.08337802,1.537748,-1.798196,-13.2937,18.6691,6.619869E-05
初号机（完全体）,-2,0.02,3.94,-0.5620634,-0.06671368,1.542214,-1.798196,-13.66425,18.93589,6.619869E-05
初号机（完全体）,-2,0.02,3.96,-0.5501937,-0.2421676,1.549621,-1.798196,-13.49808,18.81632,6.619869E-05
初号机（完全体）,-2,0.02,3.98,-0.4793706,-0.4166546,1.557941,-1.798196,-12.50668,18.10074,6.619869E-05
初号机（完全体）,-2,0.02,4,-0.3509453,-0.5581657,1.564856,-1.798196,-10.70895,16.79434,6.619869E-05
初号机（完全体）,-2,0.02,4.02,-0.1828698,-0.6397227,1.568432,-1.798196,-8.356201,15.06893,6.619869E-05
初号机（完全体）,-2,0.02,4.04,-0.005642627,-0.6482787,1.567683,-1.798196,-5.875336,13.23254,6.619869E-05
初号机（完全体）,-2,0.02,4.06,0.1421183,-0.5893216,1.562865,-1.798196,-3.806946,11.68986,6.619869E-05
初号机（完全体）,-2,0.02,4.08,0.2537936,-0.4859156,1.555399,-1.798196,-2.243683,10.51783,6.619869E-05
初号机（完全体）,-2,0.02,4.1,0.3381959,-0.3725077,1.547464,-1.798196,-1.062225,9.628926,6.619869E-05
初号机（完全体）,-2,0.02,4.12,0.4019859,-0.2815353,1.541126,-1.798196,-0.1692505,8.955499,6.619869E-05
初号机（完全体）,-2,0.02,4.14,0.4501973,-0.2127798,1.536335,-1.798196,0.5056124,8.445688,6.619869E-05
初号机（完全体）,-2,0.02,4.16,0.4866347,-0.1431622,1.533862,-1.798196,1.015672,8.059929,6.619869E-05
初号机（完全体）,-2,0.02,4.18,0.5141734,-0.04269097,1.535103,-1.798196,1.401165,7.768131,6.619869E-05
初号机（完全体）,-2,0.02,4.2,0.5336758,0.09746428,1.540215,-1.798196,1.674165,7.561362,6.619869E-05
初号机（完全体）,-2,0.02,4.22,0.5165402,0.2654084,1.54811,-1.798196,1.434298,7.743042,6.619869E-05
初号机（完全体）,-2,0.02,4.24,0.4417373,0.4342196,1.5568,-1.798196,0.3871869,8.535199,6.619869E-05
初号机（完全体）,-2,0.02,4.26,0.3103041,0.5714411,1.563993,-1.798196,-1.452637,9.92295,6.619869E-05
初号机（完全体）,-2,0.02,4.28,0.1399552,0.649756,1.56778,-1.798196,-3.837219,11.71251,6.619869E-05
初号机（完全体）,-2,0.02,4.3,-0.03899007,0.6558617,1.567191,-1.798196,-6.342163,13.5793,6.619869E-05
初号机（完全体）,-2,0.02,4.32,-0.1880495,0.5950527,1.562493,-1.798196,-8.428711,15.12235,6.619869E-05
初号机（完全体）,-2,0.02,4.34,-0.3007062,0.4902472,1.555117,-1.798196,-10.00571,16.28038,6.619869E-05
初号机（完全体）,-2,0.02,4.36,-0.3858503,0.3757814,1.547252,-1.798196,-11.19757,17.1505,6.619869E-05
初号机（完全体）,-2,0.02,4.38,-0.4502009,0.2840095,1.540965,-1.798196,-12.09836,17.80499,6.619869E-05
初号机（完全体）,-2,0.02,4.4,-0.498836,0.1969965,1.537361,-1.798196,-12.77917,18.29777,6.619869E-05
初号机（完全体）,-2,0.02,4.42,-0.5355936,0.08337802,1.537748,-1.798196,-13.2937,18.6691,6.619869E-05
初号机（完全体）,-2,0.02,4.44,-0.5620634,-0.06671368,1.542214,-1.798196,-13.66425,18.93589,6.619869E-05
初号机（完全体）,-2,0.02,4.46,-0.5501937,-0.2421676,1.549621,-1.798196,-13.49808,18.81632,6.619869E-05
初号机（完全体）,-2,0.02,4.48,-0.4793706,-0.4166546,1.557941,-1.798196,-12.50668,18.10074,6.619869E-05
初号机（完全体）,-2,0.02,4.5,-0.3509453,-0.5581657,1.564856,-1.798224,-10.70895,16.79436,6.619869E-05
初号机（完全体）,-2,0.02,4.52,-0.1828698,-0.6397227,1.568432,-1.798212,-8.356201,15.06893,6.619869E-05
初号机（完全体）,-2,0.02,4.54,-0.005642627,-0.6482787,1.567683,-1.798204,-5.875336,13.23254,6.619869E-05
初号机（完全体）,-2,0.02,4.56,0.1421183,-0.5893216,1.562865,-1.798199,-3.806946,11.68986,6.619869E-05
初号机（完全体）,-2,0.02,4.58,0.2537936,-0.4859156,1.555399,-1.798196,-2.243683,10.51783,6.619869E-05
初号机（完全体）,-2,0.02,4.6,0.3381959,-0.3725077,1.547464,-1.798194,-1.062225,9.628924,6.619869E-05
初号机（完全体）,-2,0.02,4.62,0.4019859,-0.2815353,1.541126,-1.798193,-0.1692505,8.955498,6.619869E-05
初号机（完全体）,-2,0.02,4.64,0.4501973,-0.2127798,1.536335,-1.798193,0.5056107,8.445688,6.619869E-05
初号机（完全体）,-2,0.02,4.66,0.4866347,-0.1431622,1.533862,-1.798193,1.015669,8.059928,6.619869E-05
初号机（完全体）,-2,0.02,4.68,0.5141734,-0.04269097,1.535103,-1.798193,1.401164,7.76813,6.619869E-05
初号机（完全体）,-2,0.02,4.7,0.5336758,0.09746428,1.540215,-1.798193,1.674164,7.561361,6.619869E-05
初号机（完全体）,-2,0.02,4.72,0.5165402,0.2654084,1.54811,-1.798193,1.434296,7.743041,6.619869E-05
初号机（完全体）,-2,0.02,4.74,0.4417373,0.4342196,1.5568,-1.798194,0.3871856,8.535199,6.619869E-05
初号机（完全体）,-2,0.02,4.76,0.3103041,0.5714411,1.563993,-1.798194,-1.452637,9.92295,6.619869E-05
初号机（完全体）,-2,0.02,4.78,0.1399552,0.649756,1.56778,-1.798195,-3.837219,11.71251,6.619869E-05
初号机（完全体）,-2,0.02,4.8,-0.03899007,0.6558617,1.567191,-1.798195,-6.342163,13.5793,6.619869E-05
初号机（完全体）,-2,0.02,4.82,-0.1880495,0.5950527,1.562493,-1.798195,-8.428711,15.12235,6.619869E-05
初号机（完全体）,-2,0.02,4.84,-0.3007062,0.4902472,1.555117,-1.798195,-10.00571,16.28038,6.619869E-05
初号机（完全体）,-2,0.02,4.86,-0.3858503,0.3757814,1.547252,-1.798195,-11.19757,17.1505,6.619869E-05
初号机（完全体）,-2,0.02,4.88,-0.4502009,0.2840095,1.540965,-1.798196,-12.09836,17.80499,6.619869E-05
初号机（完全体）,-2,0.02,4.9,-0.498836,0.1969965,1.537361,-1.798196,-12.77917,18.29777,6.619869E-05
初号机（完全体）,-2,0.02,4.92,-0.5355936,0.08337802,1.537748,-1.798196,-13.2937,18.6691,6.619869E-05
初号机（完全体）,-2,0.02,4.94,-0.5620634,-0.06671368,1.542214,-1.798196,-13.66425,18.93589,6.619869E-05
初号机（完全体）,-2,0.02,4.96,-0.5501938,-0.2421676,1.549621,-1.798196,-13.49808,18.81632,6.619869E-05
初号机（完全体）,-2,0.02,4.98,-0.4793707,-0.4166546,1.557941,-1.798196,-12.50668,18.10074,6.619869E-05
初号机（完全体）,-2,0.02,5,-0.3509454,-0.5581657,1.564856,-1.798196,-10.70895,16.79434,6.619869E-05
初号机（完全体）,-2,0.02,5.02,-0.1828698,-0.6397227,1.568432,-1.798196,-8.356201,15.06893,6.619869E-05
初号机（完全体）,-2,0.02,5.04,-0.005642661,-0.6482787,1.567683,-1.798196,-5.875336,13.23254,6.619869E-05
初号机（完全体）,-2,0.02,5.06,0.1421183,-0.5893216,1.562865,-1.798196,-3.806946,11.68986,6.619869E-05
初号机（完全体）,-2,0.02,5.08,0.2537936,-0.4859156,1.555399,-1.798196,-2.243683,10.51783,6.619869E-05
初号机（完全体）,-2,0.02,5.1,0.3381959,-0.3725077,1.547464,-1.798196,-1.062225,9.628924,6.619869E-05
初号机（完全体）,-2,0.02,5.12,0.4019859,-0.2815353,1.541126,-1.798196,-0.1692505,8.955499,6.619869E-05
初号机（完全体）,-2,0.02,5.14,0.4501973,-0.2127798,1.536335,-1.798196,0.5056124,8.445688,6.619869E-05
初号机（完全体）,-2,0.02,5.16,0.4866347,-0.1431622,1.533862,-1.798196,1.015671,8.059929,6.619869E-05
初号机（完全体）,-2,0.02,5.18,0.5141734,-0.04269097,1.535103,-1.798196,1.401166,7.768131,6.619869E-05
初号机（完全体）,-2,0.02,5.2,0.5336758,0.09746428,1.540215,-1.798196,1.674165,7.561362,6.619869E-05
初号机（完全体）,-2,0.02,5.22,0.5165404,0.2654084,1.54811,-1.798196,1.434299,7.743041,6.619869E-05
初号机（完全体）,-2,0.02,5.24,0.4417374,0.4342196,1.5568,-1.798196,0.387189,8.535198,6.619869E-05
初号机（完全体）,-2,0.02,5.26,0.3103042,0.5714411,1.563993,-1.798196,-1.452637,9.922949,6.619869E-05
初号机（完全体）,-2,0.02,5.28,0.1399553,0.649756,1.56778,-1.798196,-3.837219,11.71251,6.619869E-05
初号机（完全体）,-2,0.02,5.3,-0.03899001,0.6558617,1.567191,-1.798196,-6.342163,13.5793,6.619869E-05
初号机（完全体）,-2,0.02,5.32,-0.1880495,0.5950527,1.562493,-1.798196,-8.428711,15.12235,6.619869E-05
初号机（完全体）,-2,0.02,5.34,-0.3007062,0.4902472,1.555117,-1.798196,-10.00571,16.28038,6.619869E-05
初号机（完全体）,-2,0.02,5.36,-0.3858503,0.3757814,1.547252,-1.798196,-11.19757,17.1505,6.619869E-05
初号机（完全体）,-2,0.02,5.38,-0.4502009,0.2840095,1.540965,-1.798196,-12.09836,17.80499,6.619869E-05
初号机（完全体）,-2,0.02,5.4,-0.498836,0.1969965,1.537361,-1.798196,-12.77917,18.29777,6.619869E-05
初号机（完全体）,-2,0.02,5.42,-0.5355936,0.08337802,1.537748,-1.798196,-13.2937,18.6691,6.619869E-05
初号机（完全体）,-2,0.02,5.44,-0.5620634,-0.06671368,1.542214,-1.798196,-13.66425,18.93589,6.619869E-05
初号机（完全体）,-2,0.02,5.46,-0.5501938,-0.2421676,1.549621,-1.798196,-13.49808,18.81632,6.619869E-05
初号机（完全体）,-2,0.02,5.48,-0.4793707,-0.4166546,1.557941,-1.798196,-12.50668,18.10074,6.619869E-05
初号机（完全体）,-2,0.02,5.5,-0.3509454,-0.5581657,1.564856,-1.798196,-10.70895,16.79434,6.619869E-05
初号机（完全体）,-2,0.02,5.52,-0.1828698,-0.6397227,1.568432,-1.798196,-8.356201,15.06893,6.619869E-05
初号机（完全体）,-2,0.02,5.54,-0.005642661,-0.6482787,1.567683,-1.798196,-5.875336,13.23254,6.619869E-05
初号机（完全体）,-2,0.02,5.56,0.1421183,-0.5893216,1.562865,-1.798196,-3.806946,11.68986,6.619869E-05
初号机（完全体）,-2,0.02,5.58,0.2537936,-0.4859156,1.555399,-1.798196,-2.243683,10.51783,6.619869E-05
初号机（完全体）,-2,0.02,5.6,0.3381959,-0.3725077,1.547464,-1.798196,-1.062225,9.628924,6.619869E-05
初号机（完全体）,-2,0.02,5.62,0.4019859,-0.2815353,1.541126,-1.798196,-0.1692505,8.955499,6.619869E-05
初号机（完全体）,-2,0.02,5.64,0.4501973,-0.2127798,1.536335,-1.798196,0.5056124,8.445688,6.619869E-05
初号机（完全体）,-2,0.02,5.66,0.4866347,-0.1431622,1.533862,-1.798196,1.015671,8.059929,6.619869E-05
初号机（完全体）,-2,0.02,5.68,0.5141734,-0.04269097,1.535103,-1.798196,1.401166,7.768131,6.619869E-05
初号机（完全体）,-2,0.02,5.7,0.5336758,0.09746428,1.540215,-1.798196,1.674165,7.561362,6.619869E-05
初号机（完全体）,-2,0.02,5.72,0.5165404,0.2654084,1.54811,-1.798196,1.434299,7.743041,6.619869E-05
初号机（完全体）,-2,0.02,5.74,0.4417374,0.4342196,1.5568,-1.798196,0.387189,8.535198,6.619869E-05
初号机（完全体）,-2,0.02,5.76,0.3103042,0.5714411,1.563993,-1.798196,-1.452637,9.922949,6.619869E-05
初号机（完全体）,-2,0.02,5.78,0.1399553,0.649756,1.56778,-1.798196,-3.837219,11.71251,6.619869E-05
初号机（完全体）,-2,0.02,5.8,-0.03899001,0.6558617,1.567191,-1.798196,-6.342163,13.5793,6.619869E-05
初号机（完全体）,-2,0.02,5.82,-0.1880495,0.5950527,1.562493,-1.798196,-8.428711,15.12235,6.619869E-05
初号机（完全体）,-2,0.02,5.84,-0.3007062,0.4902472,1.555117,-1.798196,-10.00571,16.28038,6.619869E-05
初号机（完全体）,-2,0.02,5.86,-0.3858503,0.3757814,1.547252,-1.798196,-11.19757,17.1505,6.619869E-05
初号机（完全体）,-2,0.02,5.88,-0.4502009,0.2840095,1.540965,-1.798196,-12.09836,17.80499,6.619869E-05
初号机（完全体）,-2,0.02,5.9,-0.498836,0.1969965,1.537361,-1.798196,-12.77917,18.29777,6.619869E-05
初号机（完全体）,-2,0.02,5.92,-0.5355936,0.08337802,1.537748,-1.798196,-13.2937,18.6691,6.619869E-05
初号机（完全体）,-2,0.02,5.94,-0.5620634,-0.06671368,1.542214,-1.798196,-13.66425,18.93589,6.619869E-05
初号机（完全体）,-2,0.02,5.96,-0.5501938,-0.2421676,1.549621,-1.798196,-13.49808,18.81632,6.619869E-05
初号机（完全体）,-2,0.02,5.98,-0.4793707,-0.4166546,1.557941,-1.798196,-12.50668,18.10074,6.619869E-05
初号机（完全体）,-2,0.02,6,-0.3509454,-0.5581657,1.564856,-1.798196,-10.70895,16.79434,6.619869E-05
初号机（完全体）,-2,0.02,6.02,-0.1828698,-0.6397227,1.568432,-1.798196,-8.356201,15.06893,6.619869E-05
初号机（完全体）,-2,0.02,6.04,-0.005642661,-0.6482787,1.567683,-1.798196,-5.875336,13.23254,6.619869E-05
初号机（完全体）,-2,0.02,6.06,0.1421183,-0.5893216,1.562865,-1.798196,-3.806946,11.68986,6.619869E-05
初号机（完全体）,-2,0.02,6.08,0.2537936,-0.4859156,1.555399,-1.798196,-2.243683,10.51783,6.619869E-05
初号机（完全体）,-2,0.02,6.1,0.3381959,-0.3725077,1.547464,-1.798196,-1.062225,9.628924,6.619869E-05
初号机（完全体）,-2,0.02,6.12,0.4019859,-0.2815353,1.541126,-1.798196,-0.1692505,8.955499,6.619869E-05
初号机（完全体）,-2,0.02,6.14,0.4501973,-0.2127798,1.536335,-1.798196,0.5056124,8.445688,6.619869E-05
初号机（完全体）,-2,0.02,6.16,0.4866347,-0.1431622,1.533862,-1.798196,1.015671,8.059929,6.619869E-05
初号机（完全体）,-2,0.02,6.18,0.5141734,-0.04269097,1.535103,-1.798196,1.401166,7.768131,6.619869E-05
初号机（完全体）,-2,0.02,6.2,0.5336758,0.09746428,1.540215,-1.798196,1.674165,7.561362,6.619869E-05
初号机（完全体）,-2,0.02,6.22,0.5165404,0.2654084,1.54811,-1.798196,1.434299,7.743041,6.619869E-05
初号机（完全体）,-2,0.02,6.24,0.4417374,0.4342196,1.5568,-1.798196,0.387189,8.535198,6.619869E-05
初号机（完全体）,-2,0.02,6.26,0.3103042,0.5714411,1.563993,-1.798196,-1.452637,9.922949,6.619869E-05
初号机（完全体）,-2,0.02,6.28,0.1399553,0.649756,1.56778,-1.798196,-3.837219,11.71251,6.619869E-05
初号机（完全体）,-2,0.02,6.3,-0.03899001,0.6558617,1.567191,-1.798196,-6.342163,13.5793,6.619869E-05
初号机（完全体）,-2,0.02,6.32,-0.1880495,0.5950527,1.562493,-1.798196,-8.428711,15.12235,6.619869E-05
初号机（完全体）,-2,0.02,6.34,-0.3007062,0.4902472,1.555117,-1.798196,-10.00571,16.28038,6.619869E-05
初号机（完全体）,-2,0.02,6.36,-0.3858503,0.3757814,1.547252,-1.798196,-11.19757,17.1505,6.619869E-05
初号机（完全体）,-2,0.02,6.38,-0.4502009,0.2840095,1.540965,-1.798196,-12.09836,17.80499,6.619869E-05
初号机（完全体）,-2,0.02,6.4,-0.498836,0.1969965,1.537361,-1.798196,-12.77917,18.29777,6.619869E-05
初号机（完全体）,-2,0.02,6.42,-0.5355936,0.08337802,1.537748,-1.798196,-13.2937,18.6691,6.619869E-05
初号机（完全体）,-2,0.02,6.44,-0.5620634,-0.06671368,1.542214,-1.798196,-13.66425,18.93589,6.619869E-05
初号机（完全体）,-2,0.02,6.46,-0.5501938,-0.2421676,1.549621,-1.798196,-13.49808,18.81632,6.619869E-05
初号机（完全体）,-2,0.02,6.48,-0.4793707,-0.4166546,1.557941,-1.798196,-12.50668,18.10074,6.619869E-05
初号机（完全体）,-2,0.02,6.5,-0.3509454,-0.5581657,1.564856,-1.798196,-10.70895,16.79434,6.619869E-05
初号机（完全体）,-2,0.02,6.52,-0.1828698,-0.6397227,1.568432,-1.798196,-8.356201,15.06893,6.619869E-05
初号机（完全体）,-2,0.02,6.54,-0.005642661,-0.6482787,1.567683,-1.798196,-5.875336,13.23254,6.619869E-05
初号机（完全体）,-2,0.02,6.56,0.1421183,-0.5893216,1.562865,-1.798196,-3.806946,11.68986,6.619869E-05
初号机（完全体）,-2,0.02,6.58,0.2537936,-0.4859156,1.555399,-1.798196,-2.243683,10.51783,6.619869E-05
初号机（完全体）,-2,0.02,6.6,0.3381959,-0.3725077,1.547464,-1.798196,-1.062225,9.628924,6.619869E-05
初号机（完全体）,-2,0.02,6.62,0.4019859,-0.2815353,1.541126,-1.798196,-0.1692505,8.955499,6.619869E-05
初号机（完全体）,-2,0.02,6.64,0.4501973,-0.2127798,1.536335,-1.798196,0.5056128,8.445688,6.619869E-05
初号机（完全体）,-2,0.02,6.66,0.4866347,-0.1431622,1.533862,-1.798196,1.015671,8.059929,6.619869E-05
初号机（完全体）,-2,0.02,6.68,0.5141734,-0.04269097,1.535103,-1.798196,1.401165,7.768131,6.619869E-05
初号机（完全体）,-2,0.02,6.7,0.5336758,0.09746428,1.540215,-1.798196,1.674166,7.561362,6.619869E-05
初号机（完全体）,-2,0.02,6.72,0.5165404,0.2654084,1.54811,-1.798196,1.434299,7.743041,6.619869E-05
初号机（完全体）,-2,0.02,6.74,0.4417374,0.4342196,1.5568,-1.798196,0.3871894,8.535198,6.619869E-05
初号机（完全体）,-2,0.02,6.76,0.3103042,0.5714411,1.563993,-1.798196,-1.452637,9.922949,6.619869E-05
初号机（完全体）,-2,0.02,6.78,0.1399553,0.649756,1.56778,-1.798196,-3.837219,11.71251,6.619869E-05
初号机（完全体）,-2,0.02,6.8,-0.03899001,0.6558617,1.567191,-1.798196,-6.342163,13.5793,6.619869E-05
初号机（完全体）,-2,0.02,6.82,-0.1880495,0.5950527,1.562493,-1.798196,-8.428711,15.12235,6.619869E-05
初号机（完全体）,-2,0.02,6.84,-0.3007062,0.4902472,1.555117,-1.798196,-10.00571,16.28038,6.619869E-05
初号机（完全体）,-2,0.02,6.86,-0.3858503,0.3757814,1.547252,-1.798196,-11.19757,17.1505,6.619869E-05
初号机（完全体）,-2,0.02,6.88,-0.4502009,0.2840095,1.540965,-1.798196,-12.09836,17.80499,6.619869E-05
初号机（完全体）,-2,0.02,6.9,-0.498836,0.1969965,1.537361,-1.798196,-12.77917,18.29777,6.619869E-05
初号机（完全体）,-2,0.02,6.92,-0.5355936,0.08337802,1.537748,-1.798196,-13.2937,18.6691,6.619869E-05
初号机（完全体）,-2,0.02,6.94,-0.5620634,-0.06671368,1.542214,-1.798196,-13.66425,18.93589,6.619869E-05
初号机（完全体）,-2,0.02,6.96,-0.5501938,-0.2421676,1.549621,-1.798196,-13.49808,18.81632,6.619869E-05
初号机（完全体）,-2,0.02,6.98,-0.4793707,-0.4166546,1.557941,-1.798196,-12.50668,18.10074,6.619869E-05
初号机（完全体）,-2,0.02,7,-0.3509454,-0.5581657,1.564856,-1.798196,-10.70895,16.79434,6.619869E-05
初号机（完全体）,-2,0.02,7.02,-0.1828698,-0.6397227,1.568432,-1.798196,-8.356201,15.06893,6.619869E-05
初号机（完全体）,-2,0.02,7.04,-0.005642661,-0.6482787,1.567683,-1.798196,-5.875336,13.23254,6.619869E-05
初号机（完全体）,-2,0.02,7.06,0.1421183,-0.5893216,1.562865,-1.798196,-3.806946,11.68986,6.619869E-05
初号机（完全体）,-2,0.02,7.08,0.2537936,-0.4859156,1.555399,-1.798196,-2.243683,10.51783,6.619869E-05
初号机（完全体）,-2,0.02,7.1,0.3381959,-0.3725077,1.547464,-1.798196,-1.062225,9.628924,6.619869E-05
初号机（完全体）,-2,0.02,7.12,0.4019859,-0.2815353,1.541126,-1.798196,-0.1692505,8.955499,6.619869E-05
初号机（完全体）,-2,0.02,7.14,0.4501973,-0.2127798,1.536335,-1.798196,0.5056124,8.445688,6.619869E-05
初号机（完全体）,-2,0.02,7.16,0.4866347,-0.1431622,1.533862,-1.798196,1.015671,8.059929,6.619869E-05
初号机（完全体）,-2,0.02,7.18,0.5141734,-0.04269097,1.535103,-1.798196,1.401166,7.768131,6.619869E-05
初号机（完全体）,-2,0.02,7.2,0.5336758,0.09746428,1.540215,-1.798196,1.674165,7.561362,6.619869E-05
初号机（完全体）,-2,0.02,7.22,0.5165404,0.2654084,1.54811,-1.798196,1.434299,7.743041,6.619869E-05
初号机（完全体）,-2,0.02,7.24,0.4417374,0.4342196,1.5568,-1.798196,0.387189,8.535198,6.619869E-05
初号机（完全体）,-2,0.02,7.26,0.3103042,0.5714411,1.563993,-1.798196,-1.452637,9.922949,6.619869E-05
初号机（完全体）,-2,0.02,7.28,0.1399553,0.649756,1.56778,-1.798196,-3.837219,11.71251,6.619869E-05
初号机（完全体）,-2,0.02,7.3,-0.03899001,0.6558617,1.567191,-1.798196,-6.342163,13.5793,6.619869E-05
初号机（完全体）,-2,0.02,7.32,-0.1880495,0.5950527,1.562493,-1.798196,-8.428711,15.12235,6.619869E-05
初号机（完全体）,-2,0.02,7.34,-0.3007062,0.4902472,1.555117,-1.798196,-10.00571,16.28038,6.619869E-05
初号机（完全体）,-2,0.02,7.36,-0.3858503,0.3757814,1.547252,-1.798196,-11.19757,17.1505,6.619869E-05
初号机（完全体）,-2,0.02,7.38,-0.4502009,0.2840095,1.540965,-1.798196,-12.09836,17.80499,6.619869E-05
初号机（完全体）,-2,0.02,7.4,-0.498836,0.1969965,1.537361,-1.798196,-12.77917,18.29777,6.619869E-05
初号机（完全体）,-2,0.02,7.42,-0.5355936,0.08337802,1.537748,-1.798196,-13.2937,18.6691,6.619869E-05
初号机（完全体）,-2,0.02,7.44,-0.5620634,-0.06671368,1.542214,-1.798196,-13.66425,18.93589,6.619869E-05
初号机（完全体）,-2,0.02,7.46,-0.5501938,-0.2421676,1.549621,-1.798196,-13.49808,18.81632,6.619869E-05
初号机（完全体）,-2,0.02,7.48,-0.4793707,-0.4166546,1.557941,-1.798196,-12.50668,18.10074,6.619869E-05
初号机（完全体）,-2,0.02,7.5,-0.3509454,-0.5581657,1.564856,-1.798196,-10.70895,16.79434,6.619869E-05
初号机（完全体）,-2,0.02,7.52,-0.1828698,-0.6397227,1.568432,-1.798196,-8.356201,15.06893,6.619869E-05
初号机（完全体）,-2,0.02,7.54,-0.005642661,-0.6482787,1.567683,-1.798196,-5.875336,13.23254,6.619869E-05
初号机（完全体）,-2,0.02,7.56,0.1421183,-0.5893216,1.562865,-1.798196,-3.806946,11.68986,6.619869E-05
初号机（完全体）,-2,0.02,7.58,0.2537936,-0.4859156,1.555399,-1.798196,-2.243683,10.51783,6.619869E-05
初号机（完全体）,-2,0.02,7.6,0.3381959,-0.3725077,1.547464,-1.798196,-1.062225,9.628924,6.619869E-05
初号机（完全体）,-2,0.02,7.62,0.4019859,-0.2815353,1.541126,-1.798196,-0.1692505,8.955499,6.619869E-05
初号机（完全体）,-2,0.02,7.64,0.4501973,-0.2127798,1.536335,-1.798196,0.5056124,8.445688,6.619869E-05
初号机（完全体）,-2,0.02,7.66,0.4866347,-0.1431622,1.533862,-1.798196,1.015671,8.059929,6.619869E-05
初号机（完全体）,-2,0.02,7.68,0.5141734,-0.04269097,1.535103,-1.798196,1.401166,7.768131,6.619869E-05
初号机（完全体）,-2,0.02,7.7,0.5336758,0.09746428,1.540215,-1.798196,1.674165,7.561362,6.619869E-05
初号机（完全体）,-2,0.02,7.72,0.5165404,0.2654084,1.54811,-1.798196,1.434299,7.743041,6.619869E-05
初号机（完全体）,-2,0.02,7.74,0.4417374,0.4342196,1.5568,-1.798196,0.387189,8.535198,6.619869E-05
初号机（完全体）,-2,0.02,7.76,0.3103042,0.5714411,1.563993,-1.798196,-1.452637,9.922949,6.619869E-05
初号机（完全体）,-2,0.02,7.78,0.1399553,0.649756,1.56778,-1.798196,-3.837219,11.71251,6.619869E-05
初号机（完全体）,-2,0.02,7.8,-0.03899001,0.6558617,1.567191,-1.798196,-6.342163,13.5793,6.619869E-05
初号机（完全体）,-2,0.02,7.82,-0.1880495,0.5950527,1.562493,-1.798196,-8.428711,15.12235,6.619869E-05
初号机（完全体）,-2,0.02,7.84,-0.3007062,0.4902472,1.555117,-1.798196,-10.00571,16.28038,6.619869E-05
初号机（完全体）,-2,0.02,7.86,-0.3858503,0.3757814,1.547252,-1.798196,-11.19757,17.1505,6.619869E-05
初号机（完全体）,-2,0.02,7.88,-0.4502009,0.2840095,1.540965,-1.798196,-12.09836,17.80499,6.619869E-05
初号机（完全体）,-2,0.02,7.9,-0.498836,0.1969965,1.537361,-1.798196,-12.77917,18.29777,6.619869E-05
初号机（完全体）,-2,0.02,7.92,-0.5355936,0.08337802,1.537748,-1.798196,-13.2937,18.6691,6.619869E-05
初号机（完全体）,-2,0.02,7.94,-0.5620634,-0.06671368,1.542214,-1.798196,-13.66425,18.93589,6.619869E-05
初号机（完全体）,-2,0.02,7.96,-0.5501938,-0.2421676,1.549621,-1.798196,-13.49808,18.81632,6.619869E-05
初号机（完全体）,-2,0.02,7.98,-0.4793707,-0.4166546,1.557941,-1.798196,-12.50668,18.10074,6.619869E-05
初号机（完全体）,-2,0.02,8,-0.3509454,-0.5581657,1.564856,-1.798196,-10.70895,16.79434,6.619869E-05
初号机（完全体）,-2,0.02,8.02,-0.1828698,-0.6397227,1.568432,-1.798196,-8.356201,15.06893,6.619869E-05
初号机（完全体）,-2,0.02,8.04,-0.005642661,-0.6482787,1.567683,-1.798196,-5.875336,13.23254,6.619869E-05
初号机（完全体）,-2,0.02,8.059999,0.1421183,-0.5893216,1.562865,-1.798196,-3.806946,11.68986,6.619869E-05
初号机（完全体）,-2,0.02,8.08,0.2537936,-0.4859156,1.555399,-1.798196,-2.243683,10.51783,6.619869E-05
初号机（完全体）,-2,0.02,8.099999,0.3381959,-0.3725077,1.547464,-1.798196,-1.062225,9.628924,6.619869E-05
初号机（完全体）,-2,0.02,8.12,0.4019859,-0.2815353,1.541126,-1.798196,-0.1692505,8.955499,6.619869E-05
初号机（完全体）,-2,0.02,8.139999,0.4501973,-0.2127798,1.536335,-1.798196,0.5056124,8.445688,6.619869E-05
初号机（完全体）,-2,0.02,8.16,0.4866347,-0.1431622,1.533862,-1.798196,1.015671,8.059929,6.619869E-05
初号机（完全体）,-2,0.02,8.179999,0.5141734,-0.04269097,1.535103,-1.798196,1.401166,7.768131,6.619869E-05
初号机（完全体）,-2,0.02,8.2,0.5336758,0.09746428,1.540215,-1.798196,1.674165,7.561362,6.619869E-05
初号机（完全体）,-2,0.02,8.22,0.5165404,0.2654084,1.54811,-1.798196,1.434299,7.743041,6.619869E-05
初号机（完全体）,-2,0.02,8.24,0.4417374,0.4342196,1.5568,-1.798196,0.387189,8.535198,6.619869E-05
初号机（完全体）,-2,0.02,8.26,0.3103042,0.5714411,1.563993,-1.798196,-1.452637,9.922949,6.619869E-05
初号机（完全体）,-2,0.02,8.28,0.1399553,0.649756,1.56778,-1.798196,-3.837219,11.71251,6.619869E-05
初号机（完全体）,-2,0.02,8.3,-0.03899001,0.6558617,1.567191,-1.798196,-6.342163,13.5793,6.619869E-05
初号机（完全体）,-2,0.02,8.32,-0.1880495,0.5950527,1.562493,-1.798196,-8.428711,15.12235,6.619869E-05
初号机（完全体）,-2,0.02,8.34,-0.3007062,0.4902472,1.555117,-1.798196,-10.00571,16.28038,6.619869E-05
初号机（完全体）,-2,0.02,8.36,-0.3858503,0.3757814,1.547252,-1.798196,-11.19757,17.1505,6.619869E-05
初号机（完全体）,-2,0.02,8.38,-0.4502009,0.2840095,1.540965,-1.798196,-12.09836,17.80499,6.619869E-05
初号机（完全体）,-2,0.02,8.4,-0.498836,0.1969965,1.537361,-1.798196,-12.77917,18.29777,6.619869E-05
初号机（完全体）,-2,0.02,8.42,-0.5355936,0.08337802,1.537748,-1.798196,-13.2937,18.6691,6.619869E-05
初号机（完全体）,-2,0.02,8.44,-0.5620634,-0.06671368,1.542214,-1.798196,-13.66425,18.93589,6.619869E-05
初号机（完全体）,-2,0.02,8.46,-0.5501938,-0.2421676,1.549621,-1.798196,-13.49808,18.81632,6.619869E-05
初号机（完全体）,-2,0.02,8.48,-0.4793707,-0.4166546,1.557941,-1.798196,-12.50668,18.10074,6.619869E-05
初号机（完全体）,-2,0.02,8.5,-0.3509457,-0.5581657,1.564856,-1.798196,-10.70898,16.79435,6.619869E-05
初号机（完全体）,-2,0.02,8.52,-0.1828704,-0.6397227,1.568432,-1.798251,-8.356171,15.06895,6.619869E-05
初号机（完全体）,-2,0.02,8.54,-0.005643346,-0.6482787,1.567683,-1.798282,-5.875305,13.23258,6.619869E-05
初号机（完全体）,-2,0.02,8.559999,0.1421175,-0.5893216,1.562865,-1.798297,-3.806885,11.68992,6.619869E-05
初号机（完全体）,-2,0.02,8.58,0.2537927,-0.4859156,1.555399,-1.798303,-2.243652,10.51788,6.619869E-05
初号机（完全体）,-2,0.02,8.599999,0.338195,-0.3725077,1.547464,-1.798302,-1.062164,9.628983,6.619869E-05
初号机（完全体）,-2,0.02,8.62,0.4019848,-0.2815353,1.541126,-1.798298,-0.16922,8.955558,6.619869E-05
初号机（完全体）,-2,0.02,8.639999,0.4501962,-0.2127798,1.536335,-1.798292,0.5056602,8.445745,6.619869E-05
初号机（完全体）,-2,0.02,8.66,0.4866336,-0.1431622,1.533862,-1.798285,1.015713,8.059982,6.619869E-05
初号机（完全体）,-2,0.02,8.679999,0.5141723,-0.04269097,1.535103,-1.798279,1.401206,7.768183,6.619869E-05
初号机（完全体）,-2,0.02,8.7,0.5336747,0.09746428,1.540215,-1.798273,1.674199,7.561409,6.619869E-05
初号机（完全体）,-2,0.02,8.72,0.516539,0.2654084,1.54811,-1.798267,1.434326,7.743088,6.619869E-05
初号机（完全体）,-2,0.02,8.74,0.4417355,0.4342196,1.5568,-1.798263,0.3872052,8.53525,6.619869E-05
初号机（完全体）,-2,0.02,8.76,0.3103013,0.5714411,1.563993,-1.798259,-1.452637,9.92301,6.619869E-05
初号机（完全体）,-2,0.02,8.78,0.1399516,0.649756,1.56778,-1.798255,-3.83725,11.71258,6.619869E-05
初号机（完全体）,-2,0.02,8.8,-0.03899453,0.6558617,1.567191,-1.798252,-6.342163,13.57937,6.619869E-05
初号机（完全体）,-2,0.02,8.82,-0.1880549,0.5950527,1.562493,-1.798249,-8.428772,15.12243,6.619869E-05
初号机（完全体）,-2,0.02,8.84,-0.3007124,0.4902472,1.555117,-1.798247,-10.00577,16.28047,6.619869E-05
初号机（完全体）,-2,0.02,8.86,-0.385857,0.3757814,1.547252,-1.798246,-11.19763,17.15058,6.619869E-05
初号机（完全体）,-2,0.02,8.88,-0.4502079,0.2840095,1.540965,-1.798244,-12.09842,17.80508,6.619869E-05
初号机（完全体）,-2,0.02,8.9,-0.4988433,0.1969965,1.537361,-1.798243,-12.77924,18.29786,6.619869E-05
初号机（完全体）,-2,0.02,8.92,-0.5356012,0.08337802,1.537748,-1.798242,-13.29379,18.66919,6.619869E-05
初号机（完全体）,-2,0.02,8.94,-0.5620715,-0.06671368,1.542214,-1.798241,-13.66431,18.93599,6.619869E-05
初号机（完全体）,-2,0.02,8.96,-0.5502011,-0.2421676,1.549621,-1.798241,-13.49814,18.81641,6.619869E-05
初号机（完全体）,-2,0.02,8.98,-0.4793765,-0.4166546,1.557941,-1.79824,-12.50674,18.10082,6.619869E-05
初号机（完全体）,-2,0.02,9,-0.3509486,-0.5581657,1.564856,-1.79824,-10.70898,16.7944,6.619869E-05
初号机（完全体）,-2,0.02,9.02,-0.18287,-0.6397227,1.568432,-1.798239,-8.356171,15.06894,6.619869E-05
初号机（完全体）,-2,0.02,9.04,-0.005639548,-0.6482787,1.567683,-1.798239,-5.875275,13.23253,6.619869E-05
初号机（完全体）,-2,0.02,9.059999,0.1421241,-0.5893216,1.562865,-1.798239,-3.806854,11.68982,6.619869E-05
初号机（完全体）,-2,0.02,9.08,0.2538015,-0.4859156,1.555399,-1.798239,-2.243561,10.51776,6.619869E-05
初号机（完全体）,-2,0.02,9.099999,0.3382054,-0.3725077,1.547464,-1.798239,-1.062042,9.628842,6.619869E-05
初号机（完全体）,-2,0.02,9.12,0.4019965,-0.2815353,1.541126,-1.798239,-0.1690979,8.955405,6.619869E-05
初号机（完全体）,-2,0.02,9.139999,0.4502088,-0.2127798,1.536335,-1.798239,0.5058011,8.445585,6.619869E-05
初号机（完全体）,-2,0.02,9.16,0.4866469,-0.1431622,1.533862,-1.798239,1.015871,8.059819,6.619869E-05
初号机（完全体）,-2,0.02,9.179999,0.5141862,-0.04269097,1.535103,-1.798239,1.401373,7.768016,6.619869E-05
初号机（完全体）,-2,0.02,9.2,0.5336893,0.09746428,1.540215,-1.798239,1.674383,7.561238,6.619869E-05
初号机（完全体）,-2,0.02,9.22,0.5165532,0.2654084,1.54811,-1.798239,1.434506,7.742926,6.619869E-05
初号机（完全体）,-2,0.02,9.24,0.4417482,0.4342196,1.5568,-1.798239,0.3873679,8.535103,6.619869E-05
初号机（完全体）,-2,0.02,9.26,0.3103121,0.5714411,1.563993,-1.798239,-1.452515,9.922887,6.619869E-05
初号机（完全体）,-2,0.02,9.28,0.1399592,0.649756,1.56778,-1.798239,-3.837158,11.71249,6.619869E-05
初号机（完全体）,-2,0.02,9.3,-0.03899053,0.6558617,1.567191,-1.798239,-6.342133,13.57932,6.619869E-05
初号机（完全体）,-2,0.02,9.32,-0.1880537,0.5950527,1.562493,-1.798239,-8.428741,15.12241,6.619869E-05
初号机（完全体）,-2,0.02,9.34,-0.3007132,0.4902472,1.555117,-1.798239,-10.00577,16.28048,6.619869E-05
初号机（完全体）,-2,0.02,9.36,-0.3858594,0.3757814,1.547252,-1.798239,-11.19766,17.1506,6.619869E-05
初号机（完全体）,-2,0.02,9.38,-0.4502115,0.2840095,1.540965,-1.798239,-12.09848,17.80511,6.619869E-05
初号机（完全体）,-2,0.02,9.4,-0.4988478,0.1969965,1.537361,-1.798239,-12.7793,18.2979,6.619869E-05
初号机（完全体）,-2,0.02,9.42,-0.5356063,0.08337802,1.537748,-1.798239,-13.29385,18.66924,6.619869E-05
初号机（完全体）,-2,0.02,9.44,-0.5620771,-0.06671368,1.542214,-1.798239,-13.6644,18.93605,6.619869E-05
初号机（完全体）,-2,0.02,9.46,-0.5502071,-0.2421676,1.549621,-1.798239,-13.49823,18.81647,6.619869E-05
初号机（完全体）,-2,0.02,9.48,-0.4793822,-0.4166546,1.557941,-1.798239,-12.50681,18.10087,6.619869E-05
初号机（完全体）,-2,0.02,9.5,-0.3509541,-0.5581657,1.564856,-1.798239,-10.70908,16.79445,6.619869E-05
初号机（完全体）,-2,0.02,9.52,-0.1828747,-0.6397227,1.568432,-1.798239,-8.356262,15.069,6.619869E-05
初号机（完全体）,-2,0.02,9.54,-0.005643107,-0.6482787,1.567683,-1.798239,-5.875336,13.23256,6.619869E-05
初号机（完全体）,-2,0.02,9.559999,0.1421214,-0.5893216,1.562865,-1.798239,-3.806885,11.68985,6.619869E-05
初号机（完全体）,-2,0.02,9.58,0.2537994,-0.4859156,1.555399,-1.798239,-2.243591,10.51779,6.619869E-05
初号机（完全体）,-2,0.02,9.599999,0.3382039,-0.3725077,1.547464,-1.798239,-1.062073,9.62886,6.619869E-05
初号机（完全体）,-2,0.02,9.62,0.4019954,-0.2815353,1.541126,-1.798239,-0.1690979,8.955417,6.619869E-05
初号机（完全体）,-2,0.02,9.639999,0.4502079,-0.2127798,1.536335,-1.798239,0.5057892,8.445595,6.619869E-05
初号机（完全体）,-2,0.02,9.66,0.4866462,-0.1431622,1.533862,-1.798239,1.015862,8.059828,6.619869E-05
初号机（完全体）,-2,0.02,9.679999,0.5141857,-0.04269097,1.535103,-1.798239,1.401365,7.768022,6.619869E-05
初号机（完全体）,-2,0.02,9.7,0.5336889,0.09746428,1.540215,-1.798239,1.674377,7.561242,6.619869E-05
初号机（完全体）,-2,0.02,9.719999,0.5165529,0.2654084,1.54811,-1.798239,1.434502,7.742929,6.619869E-05
初号机（完全体）,-2,0.02,9.74,0.441748,0.4342196,1.5568,-1.798239,0.3873641,8.535107,6.619869E-05
初号机（完全体）,-2,0.02,9.76,0.3103119,0.5714411,1.563993,-1.798239,-1.452515,9.922889,6.619869E-05
初号机（完全体）,-2,0.02,9.78,0.1399591,0.649756,1.56778,-1.798239,-3.837158,11.71249,6.619869E-05
初号机（完全体）,-2,0.02,9.8,-0.03899064,0.6558617,1.567191,-1.798239,-6.342133,13.57932,6.619869E-05
初号机（完全体）,-2,0.02,9.82,-0.1880537,0.5950527,1.562493,-1.798239,-8.428741,15.12241,6.619869E-05
初号机（完全体）,-2,0.02,9.84,-0.3007132,0.4902472,1.555117,-1.798239,-10.00577,16.28048,6.619869E-05
初号机（完全体）,-2,0.02,9.86,-0.3858594,0.3757814,1.547252,-1.798239,-11.19766,17.1506,6.619869E-05
初号机（完全体）,-2,0.02,9.88,-0.4502115,0.2840095,1.540965,-1.798239,-12.09848,17.80511,6.619869E-05
初号机（完全体）,-2,0.02,9.9,-0.4988478,0.1969965,1.537361,-1.798239,-12.7793,18.2979,6.619869E-05
初号机（完全体）,-2,0.02,9.92,-0.5356063,0.08337802,1.537748,-1.798239,-13.29385,18.66924,6.619869E-05
初号机（完全体）,-2,0.02,9.94,-0.5620771,-0.06671368,1.542214,-1.798239,-13.6644,18.93605,6.619869E-05
初号机（完全体）,-2,0.02,9.96,-0.5502071,-0.2421676,1.549621,-1.798239,-13.49823,18.81647,6.619869E-05
初号机（完全体）,-2,0.02,9.98,-0.4793822,-0.4166546,1.557941,-1.798239,-12.50681,18.10087,6.619869E-05
初号机（完全体）,13.5,0.02,0,-6.248331E-22,-1.609035E-21,1.661509,3.507301E-20,-6.965027,12.36129,7.450596E-06
初号机（完全体）,13.5,0.02,0.02,-4.722387E-22,-1.216083E-21,1.661509,0.09317023,-6.90448,12.40346,7.450596E-06
初号机（完全体）,13.5,0.02,0.04,-3.569103E-22,-9.190955E-22,1.661509,0.1919549,-6.840271,12.44816,1.078845E-05
初号机（完全体）,13.5,0.02,0.06,-2.69747E-22,-6.946374E-22,1.661509,0.2902317,-6.776398,12.49262,1.162292E-05
初号机（完全体）,13.5,0.02,0.08,6.23397E-05,0.01348719,1.648386,0.3845118,-6.714264,12.53462,6.122817E-05
初号机（完全体）,13.5,0.02,0.09999999,0.001439273,0.04682584,1.647877,0.4730232,-6.637451,12.56028,6.122817E-05
初号机（完全体）,13.5,0.02,0.12,0.006628828,0.1016589,1.644477,0.5550844,-6.511475,12.54323,6.122817E-05
初号机（完全体）,13.5,0.02,0.14,0.01824305,0.1734513,1.635715,0.6306798,-6.299774,12.45618,6.122817E-05
初号机（完全体）,13.5,0.02,0.16,0.03815264,0.2518656,1.621797,0.7001775,-5.975922,12.27969,6.154017E-05
初号机（完全体）,13.5,0.02,0.18,0.06684049,0.3228934,1.605869,0.7641441,-5.532745,12.00875,6.154017E-05
初号机（完全体）,13.5,0.02,0.2,0.1029131,0.3722511,1.590543,0.8232273,-4.98941,11.65799,6.154017E-05
初号机（完全体）,13.5,0.02,0.22,0.1427313,0.3892389,1.575485,0.8780832,-4.396362,11.26555,6.154017E-05
初号机（完全体）,13.5,0.02,0.24,0.1815052,0.3701177,1.559566,0.9293348,-3.820282,10.88187,6.154017E-05
初号机（完全体）,13.5,0.02,0.26,0.2189911,0.3201309,1.542317,0.9775485,-3.264221,10.50984,6.154017E-05
初号机（完全体）,13.5,0.02,0.28,0.2473224,0.2525065,1.537922,1.023226,-2.837952,10.23258,6.154017E-05
初号机（完全体）,13.5,0.02,0.3,0.2687347,0.1908403,1.533913,1.066803,-2.509888,10.02699,6.154017E-05
初号机（完全体）,13.5,0.02,0.32,0.2849177,0.144234,1.530884,1.108649,-2.256165,9.875593,6.154017E-05
初号机（完全体）,13.5,0.02,0.34,0.2971486,0.0963845,1.529415,1.149076,-2.058685,9.765142,6.154017E-05
初号机（完全体）,13.5,0.02,0.36,0.3063926,0.02495567,1.530597,1.188347,-1.903748,9.685624,6.154017E-05
初号机（完全体）,13.5,0.02,0.38,0.313379,-0.07964139,1.53478,1.226675,-1.781036,9.629464,6.154017E-05
初号机（完全体）,13.5,0.02,0.4,0.3160543,-0.2141878,1.541549,1.264239,-1.719177,9.618416,6.154017E-05
初号机（完全体）,13.5,0.02,0.42,0.3071509,-0.3647754,1.549843,1.301181,-1.819794,9.72918,6.154017E-05
初号机（完全体）,13.5,0.02,0.44,0.2837959,-0.5107808,1.558204,1.33762,-2.123047,9.99196,6.154017E-05
初号机（完全体）,13.5,0.02,0.46,0.2469025,-0.6299599,1.565097,1.373651,-2.616089,10.3968,6.154017E-05
初号机（完全体）,13.5,0.02,0.48,0.2002454,-0.7036749,1.569244,1.409349,-3.246002,10.90351,6.154017E-05
初号机（完全体）,13.5,0.02,0.5,0.1497619,-0.7212225,1.569897,1.444777,-3.929657,11.44932,6.154017E-05
初号机（完全体）,13.5,0.02,0.52,0.1030242,-0.6824052,1.567005,1.479983,-4.561005,11.95473,6.154017E-05
初号机（完全体）,13.5,0.02,0.54,0.06681632,-0.5978433,1.56123,1.515007,-5.045105,12.34911,6.154017E-05
初号机（完全体）,13.5,0.02,0.56,0.03945098,-0.4869831,1.553814,1.549879,-5.405487,12.65055,6.154017E-05
初号机（完全体）,13.5,0.02,0.58,0.01876871,-0.3742304,1.546326,1.584626,-5.672424,12.88192,6.461938E-05
初号机（完全体）,13.5,0.02,0.6,0.003137375,-0.2828373,1.540265,1.619266,-5.868744,13.06042,6.461938E-05
初号机（完全体）,13.5,0.02,0.62,-0.00867653,-0.2137638,1.535685,1.653814,-6.011658,13.199,6.461938E-05
初号机（完全体）,13.5,0.02,0.64,-0.01760529,-0.1468701,1.533177,1.688283,-6.114227,13.30745,6.461938E-05
初号机（完全体）,13.5,0.02,0.66,-0.0243535,-0.05577978,1.533917,1.722684,-6.18634,13.39314,6.461938E-05
初号机（完全体）,13.5,0.02,0.68,-0.02945368,0.06969015,1.538157,1.757023,-6.235413,13.46164,6.461938E-05
初号机（完全体）,13.5,0.02,0.7,-0.02500097,0.2236122,1.545202,1.791306,-6.150818,13.4308,6.461938E-05
初号机（完全体）,13.5,0.02,0.72,0.0009062672,0.387289,1.553605,1.825535,-5.7659,13.17671,6.461938E-05
初号机（完全体）,13.5,0.02,0.74,0.05118936,0.5351987,1.561528,1.859719,-5.039825,12.66817,6.461938E-05
初号机（完全体）,13.5,0.02,0.76,0.1219639,0.6422284,1.567208,1.89386,-4.026917,11.94422,6.461938E-05
初号机（完全体）,13.5,0.02,0.78,0.2042016,0.6905432,1.569382,1.927959,-2.853546,11.09792,6.461938E-05
初号机（完全体）,13.5,0.02,0.8,0.2849869,0.6745013,1.56761,1.962016,-1.700562,10.26433,6.461938E-05
初号机（完全体）,13.5,0.02,0.82,0.3498447,0.6024836,1.562377,1.996036,-0.7705688,9.596484,6.461938E-05
初号机（完全体）,13.5,0.02,0.84,0.3988632,0.495234,1.554989,2.030015,-0.06231689,9.094624,6.461938E-05
初号机（完全体）,13.5,0.02,0.86,0.4359106,0.3811385,1.547258,2.063959,0.4783477,8.718631,6.461938E-05
初号机（完全体）,13.5,0.02,0.88,0.4639104,0.2880583,1.540969,2.097868,0.8923327,8.437991,6.461938E-05
初号机（完全体）,13.5,0.02,0.9,0.4850722,0.2011415,1.537294,2.13174,1.210576,8.229536,6.461938E-05
初号机（完全体）,13.5,0.02,0.92,0.5010659,0.09024246,1.537454,2.165576,1.456451,8.075696,6.461938E-05
初号机（完全体）,13.5,0.02,0.94,0.5127267,-0.05515402,1.541578,2.199379,1.641651,7.967688,6.461938E-05
初号机（完全体）,13.5,0.02,0.96,0.4963103,-0.226284,1.548676,2.233145,1.433795,8.157069,6.461938E-05
初号机（完全体）,13.5,0.02,0.98,0.4301401,-0.3999046,1.556919,2.266881,0.529455,8.872596,6.461938E-05
初号机（完全体）,13.5,0.02,1,0.3123826,-0.5464321,1.564143,2.300578,-1.097046,10.13037,6.461938E-05
初号机（完全体）,13.5,0.02,1.02,0.1562013,-0.6393534,1.568445,2.334244,-3.261414,11.78562,6.461938E-05
初号机（完全体）,13.5,0.02,1.04,-0.01390569,-0.6634667,1.568699,2.367873,-5.620758,13.57516,6.461938E-05
初号机（完全体）,13.5,0.02,1.06,-0.1648739,-0.6197971,1.564868,2.401469,-7.712219,15.15293,6.461938E-05
初号机（完全体）,13.5,0.02,1.08,-0.2790564,-0.5259153,1.558015,2.435028,-9.288757,16.3413,6.461938E-05
初号机（完全体）,13.5,0.02,1.1,-0.3653538,-0.4116216,1.550019,2.468561,-10.47498,17.23763,6.461938E-05
初号机（完全体）,13.5,0.02,1.12,-0.4305759,-0.3110969,1.543056,2.502059,-11.36621,17.91532,6.461938E-05
初号机（完全体）,13.5,0.02,1.14,-0.4798697,-0.235122,1.537794,2.535519,-12.03448,18.42905,6.461938E-05
初号机（完全体）,13.5,0.02,1.16,-0.5171251,-0.1591758,1.535021,2.568945,-12.53427,18.81965,6.461938E-05
初号机（完全体）,13.5,0.02,1.18,-0.5452822,-0.05182125,1.536173,2.60234,-12.90671,19.11768,6.461938E-05
初号机（完全体）,13.5,0.02,1.2,-0.5639791,0.09554314,1.541348,2.635705,-13.14673,19.32008,6.461938E-05
初号机（完全体）,13.5,0.02,1.22,-0.537416,0.2693229,1.549315,2.669032,-12.75323,19.06763,6.461938E-05
初号机（完全体）,13.5,0.02,1.24,-0.4430809,0.4403083,1.557914,2.702328,-11.41107,18.13,6.461938E-05
初号机（完全体）,13.5,0.02,1.26,-0.2845578,0.5743936,1.564728,2.735593,-9.170441,16.53094,6.461938E-05
初号机（完全体）,13.5,0.02,1.28,-0.08515408,0.6443281,1.567837,2.76882,-6.357544,14.49401,6.461938E-05
初号机（完全体）,13.5,0.02,1.3,0.1169171,0.6390457,1.566407,2.802014,-3.507324,12.40833,6.461938E-05
初号机（完全体）,13.5,0.02,1.32,0.2783954,0.5678234,1.560957,2.835177,-1.225372,10.7316,6.461938E-05
初号机（完全体）,13.5,0.02,1.34,0.400438,0.4580719,1.553203,2.868303,0.5045528,9.461501,6.461938E-05
初号机（完全体）,13.5,0.02,1.36,0.4926759,0.3474768,1.545546,2.901402,1.817232,8.502053,6.461938E-05
初号机（完全体）,13.5,0.02,1.38,0.5623878,0.2626173,1.539675,2.934467,2.814566,7.778986,6.461938E-05
初号机（完全体）,13.5,0.02,1.4,0.6150749,0.178085,1.536565,2.967493,3.573556,7.235361,6.461938E-05
初号机（完全体）,13.5,0.02,1.42,0.6548949,0.05982015,1.537748,3.00049,4.152413,6.827759,6.461938E-05
初号机（完全体）,13.5,0.02,1.44,0.6783125,-0.09975264,1.543205,3.033453,4.501642,6.594136,6.461938E-05
初号机（完全体）,13.5,0.02,1.46,0.6377828,-0.2829097,1.551395,3.066384,3.955698,7.039807,6.461938E-05
初号机（完全体）,13.5,0.02,1.48,0.5115182,-0.4553576,1.559796,3.099283,2.209599,8.393407,6.461938E-05
初号机（完全体）,13.5,0.02,1.5,0.3106003,-0.5798121,1.565764,3.132153,-0.581543,10.52833,6.461938E-05
初号机（完全体）,13.5,0.02,1.52,0.07095259,-0.6300586,1.567426,3.164978,-3.914856,13.05172,6.461938E-05
初号机（完全体）,13.5,0.02,1.54,-0.1527262,-0.6009218,1.56432,3.197779,-7.024628,15.38332,6.461938E-05
初号机（完全体）,13.5,0.02,1.56,-0.3225592,-0.5109112,1.557553,3.23054,-9.380707,17.13803,6.461938E-05
初号机（完全体）,13.5,0.02,1.58,-0.4509162,-0.39673,1.549439,3.263279,-11.15619,18.45515,6.461938E-05
初号机（完全体）,13.5,0.02,1.6,-0.5479264,-0.2998421,1.542618,3.295981,-12.49292,19.44612,6.461938E-05
初号机（完全体）,13.5,0.02,1.62,-0.621245,-0.2266158,1.537463,3.328647,-13.49802,20.19362,6.461938E-05
初号机（完全体）,13.5,0.02,1.64,-0.6766581,-0.1489465,1.535018,3.36128,-14.25247,20.75901,6.461938E-05
初号机（完全体）,13.5,0.02,1.66,-0.7185384,-0.03143151,1.536993,3.393882,-14.81754,21.18794,6.461938E-05
初号机（完全体）,13.5,0.02,1.68,-0.7371225,0.1311794,1.543282,3.426453,-15.05652,21.38549,6.461938E-05
初号机（完全体）,13.5,0.02,1.7,-0.6734157,0.3158691,1.552052,3.458995,-14.14359,20.76885,6.461938E-05
初号机（完全体）,13.5,0.02,1.72,-0.508,0.4826463,1.560447,3.491492,-11.80695,19.13022,6.461938E-05
初号机（完全体）,13.5,0.02,1.74,-0.2616739,0.5913427,1.565665,3.523964,-8.337708,16.64629,6.461938E-05
初号机（完全体）,13.5,0.02,1.76,0.01436793,0.6179448,1.565997,3.556411,-4.452545,13.81639,6.461938E-05
初号机（完全体）,13.5,0.02,1.78,0.2484559,0.5646163,1.561475,3.588815,-1.154663,11.38867,6.461938E-05
初号机（完全体）,13.5,0.02,1.8,0.4253758,0.4598456,1.553868,3.621196,1.342956,9.542608,6.461938E-05
初号机（完全体）,13.5,0.02,1.82,0.5590889,0.3487373,1.546043,3.653537,3.235724,8.144061,6.461938E-05
初号机（完全体）,13.5,0.02,1.84,0.6601472,0.26357,1.540051,3.685842,4.671358,7.087357,6.461938E-05
初号机（完全体）,13.5,0.02,1.86,0.7365254,0.1720917,1.537285,3.718127,5.7615,6.290713,6.461938E-05
初号机（完全体）,13.5,0.02,1.88,0.7942507,0.03366125,1.539698,3.750374,6.590511,5.691432,6.461938E-05
初号机（完全体）,13.5,0.02,1.9,0.8047931,-0.151669,1.546768,3.782587,6.759021,5.594063,6.461938E-05
初号机（完全体）,13.5,0.02,1.92,0.7003843,-0.3480227,1.55577,3.814766,5.318396,6.719362,6.461938E-05
初号机（完全体）,13.5,0.02,1.94,0.4774528,-0.5032929,1.56302,3.846913,2.218642,9.09613,6.461938E-05
初号机（完全体）,13.5,0.02,1.96,0.1839776,-0.575048,1.565536,3.879028,-1.868622,12.1953,6.461938E-05
初号机（完全体）,13.5,0.02,1.98,-0.09310152,-0.5514647,1.562379,3.911112,-5.726379,15.0874,6.461938E-05
初号机（完全体）,13.5,0.02,2,-0.3025648,-0.4581598,1.555087,3.943165,-8.637665,17.24895,6.461938E-05
初号机（完全体）,13.5,0.02,2.02,-0.4608738,-0.3480103,1.547,3.975187,-10.83292,18.86687,6.461938E-05
初号机（完全体）,13.5,0.02,2.04,-0.5805211,-0.2630205,1.540774,4.007166,-12.48697,20.08067,6.461938E-05
初号机（完全体）,13.5,0.02,2.06,-0.6709486,-0.1987866,1.53607,4.039119,-13.73203,20.99365,6.461938E-05
初号机（完全体）,13.5,0.02,2.08,-0.7392923,-0.1169364,1.534678,4.071057,-14.66794,21.68227,6.461938E-05
初号机（完全体）,13.5,0.02,2.1,-0.790942,0.02666849,1.53894,4.102962,-15.37021,22.20312,6.461938E-05
初号机（完全体）,13.5,0.02,2.12,-0.7629449,0.2207982,1.547725,4.134819,-14.95761,21.94202,6.461938E-05
初号机（完全体）,13.5,0.02,2.14,-0.5911079,0.4102753,1.557143,4.166648,-12.53149,20.2552,6.461938E-05
初号机（完全体）,13.5,0.02,2.16,-0.2994616,0.530075,1.562741,4.198434,-8.428345,17.32999,6.461938E-05
初号机（完全体）,13.5,0.02,2.18,0.01788808,0.5438187,1.561979,4.230196,-3.965363,14.08273,6.461938E-05
初号机（完全体）,13.5,0.02,2.2,0.2577358,0.4659039,1.555664,4.261947,-0.5872803,11.59711,6.461938E-05
初号机（完全体）,13.5,0.02,2.22,0.4390088,0.3553782,1.547534,4.293633,1.970824,9.706143,6.461938E-05
初号机（完全体）,13.5,0.02,2.24,0.576012,0.268589,1.541178,4.325313,3.909217,8.273103,6.461938E-05
初号机（完全体）,13.5,0.02,2.26,0.6795567,0.1625756,1.539002,4.356961,5.37923,7.190026,6.461938E-05
初号机（完全体）,13.5,0.02,2.28,0.7578142,-0.01204752,1.5435,4.388562,6.495234,6.373258,6.461938E-05
初号机（完全体）,13.5,0.02,2.3,0.7194494,-0.2300432,1.55249,4.420137,5.978716,6.795505,6.461938E-05
初号机（完全体）,13.5,0.02,2.32,0.5133297,-0.4153909,1.560623,4.451669,3.113897,8.99396,6.461938E-05
初号机（完全体）,13.5,0.02,2.34,0.204737,-0.4970042,1.56297,4.483179,-1.185394,12.25195,6.461938E-05
初号机（完全体）,13.5,0.02,2.36,-0.06909695,-0.4598658,1.55832,4.514673,-4.998108,15.10957,6.461938E-05
初号机（完全体）,13.5,0.02,2.38,-0.2760562,-0.3580479,1.550012,4.546134,-7.874725,17.24508,6.461938E-05
初号机（完全体）,13.5,0.02,2.4,-0.4324726,-0.2706068,1.543051,4.577545,-10.04385,18.8437,6.461938E-05
初号机（完全体）,13.5,0.02,2.42,-0.5506896,-0.2045202,1.53779,4.60893,-11.67828,20.04318,6.461938E-05
初号机（完全体）,13.5,0.02,2.44,-0.640036,-0.1054043,1.53701,4.64027,-12.9086,20.94547,6.461938E-05
初号机（完全体）,13.5,0.02,2.46,-0.692471,0.0774148,1.543434,4.671586,-13.62225,21.47731,6.461938E-05
初号机（完全体）,13.5,0.02,2.48,-0.5886573,0.2953335,1.553473,4.702889,-12.14868,20.46221,6.461938E-05
初号机（完全体）,13.5,0.02,2.5,-0.318432,0.4473952,1.560239,4.734157,-8.345703,17.75886,6.461938E-05
初号机（完全体）,13.5,0.02,2.52,-0.002697753,0.4674762,1.559188,4.765376,-3.905701,14.53601,6.461938E-05
初号机（完全体）,13.5,0.02,2.54,0.2378237,0.3819824,1.55185,4.796566,-0.5185547,12.04803,6.461938E-05
初号机（完全体）,13.5,0.02,2.56,0.4196059,0.2886961,1.54444,4.827741,2.046344,10.15445,6.461938E-05
初号机（完全体）,13.5,0.02,2.58,0.556994,0.1614052,1.542531,4.85888,3.989772,8.718947,6.461938E-05
初号机（完全体）,13.5,0.02,2.6,0.6326651,-0.05234168,1.548728,4.889997,5.069259,7.932249,6.461938E-05
初号机（完全体）,13.5,0.02,2.62,0.523371,-0.2828596,1.557895,4.921072,3.55953,9.10277,6.461938E-05
初号机（完全体）,13.5,0.02,2.64,0.2555574,-0.4133312,1.56198,4.952126,-0.16922,11.93304,6.461938E-05
初号机（完全体）,13.5,0.02,2.66,-0.005543074,-0.3961599,1.557541,4.983138,-3.804016,14.663,6.461938E-05
初号机（完全体）,13.5,0.02,2.68,-0.2028786,-0.3030601,1.548979,5.014123,-6.546204,16.70535,6.461938E-05
初号机（完全体）,13.5,0.02,2.7,-0.3520215,-0.2290479,1.54227,5.045069,-8.613831,18.23588,6.461938E-05
初号机（完全体）,13.5,0.02,2.72,-0.4647414,-0.1731107,1.5372,5.075987,-10.17163,19.38541,6.461938E-05
初号机（完全体）,13.5,0.02,2.74,-0.5499332,-0.06442797,1.537684,5.106865,-11.34409,20.25089,6.461938E-05
初号机（完全体）,13.5,0.02,2.76,-0.5643924,0.1447038,1.546305,5.137719,-11.52643,20.40824,6.461938E-05
初号机（完全体）,13.5,0.02,2.78,-0.3758485,0.3522146,1.556034,5.168532,-8.867126,18.53084,6.461938E-05
初号机（完全体）,13.5,0.02,2.8,-0.06108011,0.427174,1.558066,5.199319,-4.440918,15.33272,6.461938E-05
初号机（完全体）,13.5,0.02,2.82,0.1938026,0.3596781,1.551532,5.230094,-0.8529968,12.70401,6.461938E-05
初号机（完全体）,13.5,0.02,2.84,0.3864389,0.2718389,1.5442,5.260833,1.863539,10.70078,6.461938E-05
初号机（完全体）,13.5,0.02,2.86,0.5320302,0.1311709,1.543487,5.29155,3.921524,9.180871,6.461938E-05
初号机（完全体）,13.5,0.02,2.88,0.5732848,-0.1076129,1.551558,5.322225,4.518953,8.758992,6.461938E-05
初号机（完全体）,13.5,0.02,2.9,0.3884147,-0.3175732,1.559575,5.352876,1.951017,10.72194,6.461938E-05
初号机（完全体）,13.5,0.02,2.92,0.1058469,-0.3668909,1.558526,5.383485,-1.984558,13.68863,6.461938E-05
初号机（完全体）,13.5,0.02,2.94,-0.1089383,-0.288999,1.550246,5.414042,-4.971313,15.92057,6.461938E-05
初号机（完全体）,13.5,0.02,2.96,-0.2712695,-0.2184207,1.543228,5.444595,-7.223785,17.59251,6.461938E-05
初号机（完全体）,13.5,0.02,2.98,-0.3939568,-0.1650788,1.537924,5.475119,-8.921356,18.84752,6.461938E-05
初号机（完全体）,13.5,0.02,3,-0.4866818,-0.04056876,1.539388,5.505595,-10.19952,19.79179,6.461938E-05
初号机（完全体）,13.5,0.02,3.02,-0.4626735,0.1900121,1.549365,5.536075,-9.843658,19.56461,6.461938E-05
初号机（完全体）,13.5,0.02,3.04,-0.2149713,0.3648356,1.556942,5.566472,-6.356506,17.07315,6.461938E-05
初号机（完全体）,13.5,0.02,3.06,0.06759419,0.3608304,1.55382,5.596903,-2.381317,14.18136,6.461938E-05
初号机（完全体）,13.5,0.02,3.08,0.2811526,0.2727134,1.545929,5.627269,0.627869,11.97134,6.461938E-05
初号机（完全体）,13.5,0.02,3.1,0.4425566,0.2061123,1.539965,5.657624,2.90697,10.29142,6.461938E-05
初号机（完全体）,13.5,0.02,3.12,0.5645431,0.06245692,1.541524,5.68789,4.634236,9.018857,6.461938E-05
初号机（完全体）,13.5,0.02,3.14,0.5314744,-0.1834377,1.551627,5.718186,4.191023,9.381917,6.461938E-05
初号机（完全体）,13.5,0.02,3.16,0.2584186,-0.3407126,1.557407,5.748416,0.3883677,12.26392,6.461938E-05
初号机（完全体）,13.5,0.02,3.18,-0.0101021,-0.3087856,1.551973,5.778636,-3.3508,15.06602,6.461938E-05
初号机（完全体）,13.5,0.02,3.2,-0.2130456,-0.2333751,1.544533,5.80882,-6.172058,17.16057,6.461938E-05
初号机（完全体）,13.5,0.02,3.22,-0.3664271,-0.1763811,1.53891,5.838955,-8.29953,18.72894,6.461938E-05
初号机（完全体）,13.5,0.02,3.24,-0.4823503,-0.0302921,1.541356,5.86909,-9.902649,19.90599,6.461938E-05
初号机（完全体）,13.5,0.02,3.26,-0.4203586,0.2153504,1.551995,5.899197,-9.01532,19.29796,6.461938E-05
初号机（完全体）,13.5,0.02,3.28,-0.1346182,0.3402816,1.556089,5.929257,-4.995911,16.41276,6.461938E-05
初号机（完全体）,13.5,0.02,3.3,0.1111999,0.2804816,1.549159,5.959318,-1.53537,13.89208,6.461938E-05
初号机（完全体）,13.5,0.02,3.32,0.2969852,0.2119834,1.542406,5.989293,1.084782,11.96983,6.461938E-05
初号机（完全体）,13.5,0.02,3.34,0.4373987,0.04869863,1.544551,6.019246,3.069794,10.51054,6.461938E-05
初号机（完全体）,13.5,0.02,3.36,0.376937,-0.2055726,1.554678,6.049213,2.242912,11.15934,6.461938E-05
初号机（完全体）,13.5,0.02,3.38,0.1125854,-0.3089372,1.55656,6.079163,-1.43808,13.93159,6.461938E-05
初号机（完全体）,13.5,0.02,3.4,-0.09808256,-0.2407862,1.548474,6.109015,-4.367676,16.1182,6.461938E-05
初号机（完全体）,13.5,0.02,3.42,-0.257302,-0.1819823,1.541889,6.138892,-6.577026,17.75624,6.461938E-05
初号机（完全体）,13.5,0.02,3.44,-0.3776374,-0.1375393,1.536912,6.1687,-8.242157,18.98585,6.461938E-05
初号机（完全体）,13.5,0.02,3.46,-0.4681259,0.01824592,1.541093,6.198493,-9.489471,19.90649,6.461938E-05
初号机（完全体）,13.5,0.02,3.48,-0.3318014,0.2580061,1.552184,6.228251,-7.561829,18.54976,6.461938E-05
初号机（完全体）,13.5,0.02,3.5,-0.02455541,0.3168418,1.552613,6.258015,-3.241577,15.42903,6.461938E-05
初号机（完全体）,13.5,0.02,3.52,0.2080747,0.2394639,1.545017,6.287698,0.03413102,13.03294,6.461938E-05
初号机（完全体）,13.5,0.02,3.54,0.3822817,0.0513971,1.547699,6.317359,2.492003,11.22518,6.461938E-05
初号机（完全体）,13.5,0.02,3.56,0.3031929,-0.2044553,1.557117,6.347035,1.404181,12.06704,6.461938E-05
初号机（完全体）,13.5,0.02,3.58,0.07394298,-0.2543114,1.554907,6.376636,-1.785675,14.46547,6.461938E-05
初号机（完全体）,13.5,0.02,3.6,-0.09932034,-0.1922044,1.546751,6.406219,-4.191833,16.26291,6.461938E-05
初号机（完全体）,13.5,0.02,3.62,-0.23027,-0.145265,1.540586,6.435761,-6.005707,17.61234,6.461938E-05
初号机（完全体）,13.5,0.02,3.64,-0.3253349,0.0293047,1.544968,6.46531,-7.31723,18.58819,6.461938E-05
初号机（完全体）,13.5,0.02,3.66,-0.1792814,0.2616388,1.554806,6.494832,-5.25354,17.11942,6.461938E-05
初号机（完全体）,13.5,0.02,3.68,0.0631163,0.2702088,1.551385,6.524306,-1.841248,14.64361,6.461938E-05
初号机（完全体）,13.5,0.02,3.7,0.2463165,0.2042194,1.544088,6.553726,0.7423469,12.75453,6.461938E-05
初号机（完全体）,13.5,0.02,3.72,0.3779257,0.007458822,1.548122,6.583139,2.603761,11.39165,6.461938E-05
初号机（完全体）,13.5,0.02,3.74,0.2373028,-0.2285226,1.556843,6.61252,0.6543797,12.87506,6.461938E-05
初号机（完全体）,13.5,0.02,3.76,0.01678753,-0.2245669,1.551584,6.641852,-2.413391,15.17446,6.461938E-05
初号机（完全体）,13.5,0.02,3.78,-0.1498743,-0.169724,1.544239,6.671183,-4.727295,16.89739,6.461938E-05
初号机（完全体）,13.5,0.02,3.8,-0.2758346,-0.1282746,1.538688,6.700484,-6.471466,18.19082,6.461938E-05
初号机（完全体）,13.5,0.02,3.82,-0.3591283,0.05986517,1.544685,6.72974,-7.618408,19.04424,6.461938E-05
初号机（完全体）,13.5,0.02,3.84,-0.1548913,0.2697341,1.553617,6.758994,-4.740448,16.98742,6.461938E-05
初号机（完全体）,13.5,0.02,3.86,0.09070478,0.2330676,1.547674,6.788218,-1.283539,14.47658,6.461938E-05
初号机（完全体）,13.5,0.02,3.88,0.2763223,0.1761487,1.541284,6.817394,1.333737,12.56069,6.461938E-05
初号机（完全体）,13.5,0.02,3.9,0.3994545,-0.03172641,1.54717,6.846511,3.076295,11.28557,6.461938E-05
初号机（完全体）,13.5,0.02,3.92,0.2047709,-0.238263,1.554832,6.875622,0.3699874,13.3325,6.461938E-05
初号机（完全体）,13.5,0.02,3.94,-0.0150906,-0.194895,1.547657,6.904701,-2.688782,15.61998,6.461938E-05
初号机（完全体）,13.5,0.02,3.96,-0.1812583,-0.1472985,1.541271,6.933787,-4.995941,17.33334,6.461938E-05
初号机（完全体）,13.5,0.02,3.98,-0.3068452,-0.1113258,1.536445,6.962792,-6.735077,18.61916,6.461938E-05
初号机（完全体）,13.5,0.02,4,-0.3763887,0.0908282,1.54417,6.991778,-7.689728,19.33185,6.461938E-05
初号机（完全体）,13.5,0.02,4.02,-0.1179342,0.2671,1.551535,7.020777,-4.052979,16.7259,6.461938E-05
初号机（完全体）,13.5,0.02,4.04,0.1277087,0.2050227,1.544407,7.049699,-0.5956116,14.21079,6.461938E-05
初号机（完全体）,13.5,0.02,4.06,0.3133617,0.1549529,1.538815,7.078603,2.021988,12.29211,6.461938E-05
初号机（完全体）,13.5,0.02,4.08,0.4202898,-0.06592213,1.546486,7.10752,3.537587,11.18565,6.461938E-05
初号机（完全体）,13.5,0.02,4.1,0.1743463,-0.2332433,1.552308,7.136362,0.1135549,13.76608,6.461938E-05
初号机（完全体）,13.5,0.02,4.12,-0.04530993,-0.1762823,1.544787,7.165241,-2.942474,16.04637,6.461938E-05
初号机（完全体）,13.5,0.02,4.14,-0.2113225,-0.1332313,1.539102,7.194054,-5.24765,17.75364,6.461938E-05
初号机（完全体）,13.5,0.02,4.16,-0.3367921,-0.100694,1.534805,7.222799,-6.985321,19.03448,6.461938E-05
初号机（完全体）,13.5,0.02,4.18,-0.3862689,0.1168828,1.544102,7.251529,-7.65921,19.54389,6.461938E-05
初号机（完全体）,13.5,0.02,4.2,-0.0823518,0.2502728,1.54911,7.280277,-3.38623,16.47701,6.461938E-05
初号机（完全体）,13.5,0.02,4.22,0.1635923,0.1891521,1.542369,7.308952,0.07518701,13.95528,6.461938E-05
初号机（完全体）,13.5,0.02,4.24,0.3016893,-0.05587437,1.550199,7.337608,2.026929,12.53121,6.461938E-05
初号机（完全体）,13.5,0.02,4.26,0.09741631,-0.1900288,1.552799,7.366169,-0.8139648,14.66616,6.461938E-05
初号机（完全体）,13.5,0.02,4.28,-0.06425685,-0.1436206,1.545158,7.394811,-3.058502,16.34257,6.461938E-05
初号机（完全体）,13.5,0.02,4.3,-0.1864468,-0.1085461,1.539382,7.423416,-4.750366,17.60192,6.461938E-05
初号机（完全体）,13.5,0.02,4.32,-0.227194,0.124371,1.548434,7.451912,-5.302216,18.02797,6.461938E-05
初号机（完全体）,13.5,0.02,4.34,0.01383069,0.2218163,1.550166,7.48037,-1.90979,15.57909,6.461938E-05
初号机（完全体）,13.5,0.02,4.36,0.1970646,0.1676452,1.543168,7.508835,0.6736488,13.69778,6.461938E-05
初号机（完全体）,13.5,0.02,4.38,0.2758347,-0.08517036,1.55165,7.53733,1.794811,12.89114,6.461938E-05
初号机（完全体）,13.5,0.02,4.4,0.06644378,-0.1766072,1.551584,7.565756,-1.117828,15.07526,6.461938E-05
初号机（完全体）,13.5,0.02,4.42,-0.09181048,-0.1334768,1.54424,7.594166,-3.314636,16.71285,6.461938E-05
初号机（完全体）,13.5,0.02,4.44,-0.2114165,-0.1008796,1.538688,7.622593,-4.970428,17.94301,6.461938E-05
初号机（完全体）,13.5,0.02,4.46,-0.2301101,0.1425441,1.548714,7.650943,-5.213684,18.14488,6.461938E-05
初号机（完全体）,13.5,0.02,4.48,0.01820626,0.1988572,1.547993,7.679272,-1.719299,15.62274,6.461938E-05
初号机（完全体）,13.5,0.02,4.5,0.2058797,0.150293,1.541525,7.707502,0.9261635,13.69564,6.461938E-05
初号机（完全体）,13.5,0.02,4.52,0.2688164,-0.1085296,1.551075,7.7357,1.825491,13.05382,6.461938E-05
初号机（完全体）,13.5,0.02,4.54,0.05597422,-0.1624175,1.54908,7.763909,-1.13559,15.27171,6.461938E-05
初号机（完全体）,13.5,0.02,4.56,-0.1048884,-0.1227525,1.542346,7.792152,-3.369019,16.93403,6.461938E-05
初号机（完全体）,13.5,0.02,4.58,-0.2264658,-0.09277435,1.537258,7.820327,-5.052582,18.1823,6.461938E-05
初号机（完全体）,13.5,0.02,4.6,-0.232065,0.1547251,1.548026,7.848484,-5.112671,18.25131,6.461938E-05
初号机（完全体）,13.5,0.02,4.62,0.02462948,0.1882863,1.546188,7.876547,-1.50116,15.64459,6.461938E-05
初号机（完全体）,13.5,0.02,4.64,0.218635,0.1423037,1.540161,7.904696,1.232873,13.65191,6.461938E-05
初号机（完全体）,13.5,0.02,4.66,0.2734916,-0.1192201,1.550346,7.932806,2.01904,13.09408,6.461938E-05
初号机（完全体）,13.5,0.02,4.68,0.05465052,-0.1549013,1.547515,7.9608,-1.026154,15.37323,6.461938E-05
初号机（完全体）,13.5,0.02,4.7,-0.110746,-0.1170719,1.541164,7.988757,-3.323242,17.0807,6.461938E-05
初号机（完全体）,13.5,0.02,4.72,-0.23575,-0.08848102,1.536364,8.016719,-5.054901,18.36232,6.461938E-05
初号机（完全体）,13.5,0.02,4.74,-0.2311853,0.1623155,1.547633,8.044707,-4.972839,18.32843,6.461938E-05
初号机（完全体）,13.5,0.02,4.76,0.03070988,0.1790894,1.54492,8.072628,-1.288605,15.66944,6.461938E-05
初号机（完全体）,13.5,0.02,4.78,0.228646,0.1353529,1.539203,8.100531,1.500287,13.63608,6.461938E-05
初号机（完全体）,13.5,0.02,4.8,0.2735869,-0.1285866,1.549889,8.128449,2.147526,13.18135,6.461938E-05
初号机（完全体）,13.5,0.02,4.82,0.05067524,-0.1476009,1.546235,8.156288,-0.9547424,15.50136,6.461938E-05
初号机（完全体）,13.5,0.02,4.84,-0.1177977,-0.1115544,1.540197,8.184104,-3.295013,17.23883,6.461938E-05
初号机（完全体）,13.5,0.02,4.86,-0.2451269,-0.08431096,1.535633,8.211822,-5.059387,18.54249,6.461938E-05
初号机（完全体）,13.5,0.02,4.88,-0.2290067,0.1692682,1.547328,8.23951,-4.815735,18.39175,6.461938E-05
初号机（完全体）,13.5,0.02,4.9,0.03773357,0.1707745,1.543807,8.267206,-1.063812,15.68392,6.461938E-05
初号机（完全体）,13.5,0.02,4.92,0.2393315,0.1290686,1.538362,8.294935,1.776213,13.61258,6.461938E-05
初号机（完全体）,13.5,0.02,4.94,0.2734163,-0.1369016,1.549485,8.322597,2.271316,13.27068,6.461938E-05
初号机（完全体）,13.5,0.02,4.96,0.04652818,-0.1409726,1.545091,8.35024,-0.8867493,15.63049,6.461938E-05
初号机（完全体）,13.5,0.02,4.98,-0.1249502,-0.1065448,1.539332,8.377899,-3.269165,17.39716,6.461938E-05
初号机（完全体）,13.5,0.02,5,-0.2545507,-0.08052482,1.534979,8.405483,-5.06543,18.72228,6.461938E-05
初号机（完全体）,13.5,0.02,5.02,-0.2261195,0.1753792,1.547045,8.433044,-4.649536,18.44733,6.461938E-05
初号机（完全体）,13.5,0.02,5.04,0.04525437,0.1634171,1.542815,8.460617,-0.8328552,15.69276,6.461938E-05
初号机（完全体）,13.5,0.02,5.06,0.2503543,0.123508,1.537612,8.488111,2.05606,13.58503,6.461938E-05
初号机（完全体）,13.5,0.02,5.08,0.2727624,-0.144116,1.549114,8.515582,2.387589,13.36447,6.461938E-05
初号机（完全体）,13.5,0.02,5.1,0.04204259,-0.135193,1.54408,8.543063,-0.8242188,15.76249,6.461938E-05
初号机（完全体）,13.5,0.02,5.12,-0.1323317,-0.1021767,1.538568,8.570466,-3.247345,17.5571,6.461938E-05
初号机（完全体）,13.5,0.02,5.14,-0.2641209,-0.07722345,1.534402,8.597844,-5.074371,18.90275,6.461938E-05
初号机（完全体）,13.5,0.02,5.16,-0.2226378,0.1805684,1.546784,8.625237,-4.475891,18.4963,6.461938E-05
初号机（完全体）,13.5,0.02,5.18,0.05318839,0.1571481,1.541955,8.65255,-0.5970459,15.6967,6.461938E-05
初号机（完全体）,13.5,0.02,5.2,0.2616534,0.11877,1.536962,8.679842,2.338838,13.55396,6.461938E-05
初号机（完全体）,13.5,0.02,5.22,0.2716214,-0.1501523,1.548783,8.707145,2.496117,13.46265,6.461938E-05
初号机（完全体）,13.5,0.02,5.24,0.03721739,-0.1303781,1.54322,8.734367,-0.7674255,15.89721,6.461938E-05
初号机（完全体）,13.5,0.02,5.26,-0.1399413,-0.09853767,1.537918,8.761572,-3.229675,17.71856,6.461938E-05
初号机（完全体）,13.5,0.02,5.28,-0.273835,-0.07447316,1.533911,8.788788,-5.086243,19.0838,6.461938E-05
初号机（完全体）,13.5,0.02,5.3,-0.2186029,0.1847843,1.546551,8.815928,-4.295471,18.539,6.461938E-05
初号机（完全体）,13.5,0.02,5.32,0.06150331,0.1520803,1.541243,8.843156,-0.356781,15.69613,6.461938E-05
初号机（完全体）,13.5,0.02,5.34,0.273203,0.1149398,1.536424,8.870234,2.624252,13.51967,6.461938E-05
初号机（完全体）,13.5,0.02,5.36,0.2700177,-0.1549462,1.548499,8.897365,2.597294,13.56499,6.461938E-05
初号机（完全体）,13.5,0.02,5.38,0.03207103,-0.1266132,1.542526,8.924438,-0.7159424,16.03458,6.461938E-05
初号机（完全体）,13.5,0.02,5.4,-0.1477652,-0.09569223,1.537393,8.951502,-3.215759,17.8815,6.461938E-05
初号机（完全体）,13.5,0.02,5.42,-0.2836825,-0.07232263,1.533514,8.97847,-5.10083,19.26541,6.461938E-05
初号机（完全体）,13.5,0.02,5.44,-0.2140497,0.1879919,1.546354,9.005411,-4.108582,18.57593,6.461938E-05
初号机（完全体）,13.5,0.02,5.46,0.07017314,0.1482974,1.540691,9.032357,-0.1124573,15.69129,6.461938E-05
初号机（完全体）,13.5,0.02,5.48,0.2849842,0.1120807,1.536006,9.059334,2.912066,13.48239,6.461938E-05
初号机（完全体）,13.5,0.02,5.5,0.2679817,-0.1584526,1.548271,9.086242,2.691549,13.67117,6.461938E-05
初号机（完全体）,13.5,0.02,5.52,0.02662473,-0.123957,1.542008,9.113131,-0.6695557,16.1743,6.461938E-05
初号机（完全体）,13.5,0.02,5.54,-0.1557889,-0.09368471,1.537002,9.140037,-3.205536,18.04567,6.461938E-05
初号机（完全体）,13.5,0.02,5.56,-0.2936542,-0.07080538,1.533218,9.166858,-5.117981,19.44745,6.461938E-05
初号机（完全体）,13.5,0.02,5.58,-0.2090205,0.1901703,1.546198,9.193657,-3.915833,18.60751,6.461938E-05
初号机（完全体）,13.5,0.02,5.6,0.07916612,0.1458527,1.540307,9.220359,0.1356269,15.68259,6.461938E-05
初号机（完全体）,13.5,0.02,5.62,0.2969729,0.1102331,1.535716,9.247135,3.201944,13.44236,6.461938E-05
初号机（完全体）,13.5,0.02,5.64,0.2655436,-0.1606466,1.548104,9.273872,2.779365,13.78091,6.461938E-05
初号机（完全体）,13.5,0.02,5.66,0.02090131,-0.1224422,1.541676,9.300494,-0.6278992,16.31616,6.461938E-05
初号机（完全体）,13.5,0.02,5.68,-0.1639953,-0.09253984,1.536751,9.327189,-3.198761,18.21091,6.461938E-05
初号机（完全体）,13.5,0.02,5.7,-0.3037372,-0.06994011,1.533028,9.353836,-5.137604,19.62974,6.461938E-05
初号机（完全体）,13.5,0.02,5.72,-0.2035543,0.1913119,1.546086,9.380485,-3.717896,18.63405,6.461938E-05
初号机（完全体）,13.5,0.02,5.74,0.08845329,0.1447694,1.540096,9.407042,0.3869606,15.67027,6.461938E-05
初号机（完全体）,13.5,0.02,5.76,0.3091479,0.1094144,1.535556,9.433566,3.493536,13.39976,6.461938E-05
初号机（完全体）,13.5,0.02,5.78,0.2627373,-0.1615226,1.548,9.460101,2.861116,13.89377,6.461938E-05
初号机（完全体）,13.5,0.02,5.8,0.01492643,-0.1220761,1.54153,9.486555,-0.5906067,16.45989,6.461938E-05
初号机（完全体）,13.5,0.02,5.82,-0.172365,-0.09226314,1.536641,9.513096,-3.195099,18.37707,6.461938E-05
初号机（完全体）,13.5,0.02,5.84,-0.1244679,0.1744324,1.548816,9.539488,-2.507477,17.90363,6.461938E-05
初号机（完全体）,13.5,0.02,5.86,0.09121732,0.1318332,1.542147,9.565932,0.5289178,15.71264,6.461938E-05
初号机（完全体）,13.5,0.02,5.88,0.09251906,-0.1444372,1.552972,9.592315,0.5642859,15.71101,6.461938E-05
初号机（完全体）,13.5,0.02,5.9,-0.05451148,-0.1091633,1.545288,9.61869,-1.476746,17.22742,6.461938E-05
初号机（完全体）,13.5,0.02,5.92,-0.1656348,-0.08250386,1.539481,9.644968,-3.015198,18.36679,6.461938E-05
初号机（完全体）,13.5,0.02,5.94,-0.0824662,0.1815065,1.550943,9.671443,-1.833771,17.53518,6.461938E-05
初号机（完全体）,13.5,0.02,5.96,0.12569,0.1371797,1.543754,9.697718,1.097124,15.41676,6.461938E-05
初号机（完全体）,13.5,0.02,5.98,0.1122013,-0.1399887,1.55416,9.723897,0.9253212,15.56725,6.461938E-05
初号机（完全体）,13.5,0.02,6,-0.04145085,-0.1058012,1.546186,9.750267,-1.208405,17.15243,6.461938E-05
初号机（完全体）,13.5,0.02,6.02,-0.1575787,-0.07996279,1.540159,9.776548,-2.816895,18.34299,6.461938E-05
初号机（完全体）,13.5,0.02,6.04,-0.06901547,0.1828618,1.551419,9.802578,-1.560272,17.45618,6.461938E-05
初号机（完全体）,13.5,0.02,6.06,0.1385691,0.138204,1.544114,9.828707,1.362542,15.34258,6.461938E-05
初号机（完全体）,13.5,0.02,6.08,0.1154244,-0.1385454,1.554389,9.854923,1.055594,15.5925,6.461938E-05
初号机（完全体）,13.5,0.02,6.1,-0.04081875,-0.1047104,1.546359,9.88099,-1.114594,17.20371,6.461938E-05
初号机（完全体）,13.5,0.02,6.12,-0.1589048,-0.0791384,1.54029,9.906993,-2.750702,18.41354,6.461938E-05
初号机（完全体）,13.5,0.02,6.14,-0.06252872,0.1826615,1.551464,9.929707,-1.386841,17.44623,6.461938E-05
初号机（完全体）,13.5,0.02,6.16,0.1461734,0.1380526,1.544149,9.946874,1.545787,15.317,6.461938E-05
初号机（完全体）,13.5,0.02,6.18,0.1145373,-0.1377347,1.554354,9.959848,1.111369,15.64838,6.461938E-05
初号机（完全体）,13.5,0.02,6.2,-0.0432837,-0.1040976,1.546333,9.969654,-1.091461,17.26796,6.461938E-05
初号机（完全体）,13.5,0.02,6.22,-0.1625622,-0.07867531,1.54027,9.977065,-2.756348,18.48118,6.461938E-05
初号机（完全体）,13.5,0.02,6.24,-0.05769337,0.1819355,1.551379,9.982666,-1.284729,17.42038,6.461938E-05
初号机（完全体）,13.5,0.02,6.26,0.1525144,0.1375039,1.544084,9.986899,1.660564,15.26954,6.461938E-05
初号机（完全体）,13.5,0.02,6.28,0.1125849,-0.1369741,1.554229,9.990099,1.1037,15.68194,6.461938E-05
初号机（完全体）,13.5,0.02,6.3,-0.04654801,-0.1035228,1.546239,9.992517,-1.122314,17.31129,6.461938E-05
初号机（完全体）,13.5,0.02,6.32,-0.166818,-0.07824084,1.540199,9.994344,-2.804688,18.53173,6.461938E-05
初号机（完全体）,13.5,0.02,6.34,-0.05321589,0.1809415,1.551239,9.995725,-1.213562,17.38058,6.461938E-05
初号机（完全体）,13.5,0.02,6.36,0.1585721,0.1367526,1.543979,9.996769,1.751777,15.21152,6.461938E-05
初号机（完全体）,13.5,0.02,6.38,0.110324,-0.1361227,1.554057,9.997558,1.0769,15.7085,6.461938E-05
初号机（完全体）,13.5,0.02,6.4,-0.05003377,-0.1028793,1.546108,9.998154,-1.16745,17.34926,6.461938E-05
初号机（完全体）,13.5,0.02,6.42,-0.1712296,-0.07775452,1.540101,9.998605,-2.863678,18.57813,6.461938E-05
初号机（完全体）,13.5,0.02,6.44,-0.04877227,0.1797467,1.551064,9.998945,-1.149261,17.33677,6.461938E-05
初号机（完全体）,13.5,0.02,6.46,0.1645915,0.1358496,1.543846,9.999203,1.837618,15.15055,6.461938E-05
初号机（完全体）,13.5,0.02,6.48,0.1079549,-0.1351487,1.553849,9.999397,1.044932,15.73367,6.461938E-05
初号机（完全体）,13.5,0.02,6.5,-0.05359434,-0.1021432,1.545951,9.999544,-1.21637,17.38612,6.461938E-05
初号机（完全体）,13.5,0.02,6.52,-0.1756907,-0.07719819,1.539982,9.999656,-2.925446,18.62362,6.461938E-05
初号机（完全体）,13.5,0.02,6.54,-0.04430204,0.1783717,1.550857,9.99974,-1.086182,17.29161,6.461938E-05
初号机（完全体）,13.5,0.02,6.56,0.1706169,0.1348104,1.54369,9.999804,1.922354,15.08869,6.461938E-05
初号机（完全体）,13.5,0.02,6.58,0.1055253,-0.1340475,1.553609,9.999851,1.011217,15.75884,6.461938E-05
初号机（完全体）,13.5,0.02,6.6,-0.0571902,-0.1013109,1.545769,9.999887,-1.266479,17.42286,6.461938E-05
初号机（完全体）,13.5,0.02,6.62,-0.1801679,-0.07656913,1.539845,9.999915,-2.987946,18.66892,6.461938E-05
初号机（完全体）,13.5,0.02,6.64,-0.03979282,0.1768259,1.550622,9.999936,-1.022919,17.24577,6.461938E-05
初号机（完全体）,13.5,0.02,6.66,0.1766579,0.1336421,1.543512,9.999951,2.007013,15.02644,6.461938E-05
初号机（完全体）,13.5,0.02,6.68,0.1030585,-0.132821,1.553337,9.999963,0.9767574,15.78424,6.461938E-05
初号机（完全体）,13.5,0.02,6.7,-0.06080603,-0.1003839,1.545564,9.999972,-1.317047,17.45968,6.461938E-05
初号机（完全体）,13.5,0.02,6.72,-0.1846521,-0.07586854,1.539689,9.999979,-3.05069,18.71418,6.461938E-05
初号机（完全体）,13.5,0.02,6.74,-0.03525274,0.1751158,1.550359,9.999984,-0.9593506,17.19954,6.461938E-05
初号机（完全体）,13.5,0.02,6.76,0.1827094,0.1323497,1.543313,9.999988,2.091748,14.96401,6.461938E-05
初号机（完全体）,13.5,0.02,6.78,0.1005646,-0.131473,1.553036,9.99999,0.9418666,15.80987,6.461938E-05
初号机（完全体）,13.5,0.02,6.8,-0.06443526,-0.09936519,1.545336,9.999992,-1.367828,17.4966,6.461938E-05
初号机（完全体）,13.5,0.02,6.82,-0.1891395,-0.0750986,1.539517,9.999994,-3.113495,18.75944,6.461938E-05
初号机（完全体）,13.5,0.02,6.84,-0.03069641,0.1732477,1.55007,9.999995,-0.8955688,17.15312,6.461938E-05
初号机（完全体）,13.5,0.02,6.86,0.1887603,0.1309378,1.543095,9.999996,2.176455,14.90156,6.461938E-05
初号机（完全体）,13.5,0.02,6.88,0.0980541,-0.1300083,1.552706,9.999997,0.906728,15.83567,6.461938E-05
初号机（完全体）,13.5,0.02,6.9,-0.06806547,-0.09825812,1.545087,9.999998,-1.41864,17.53352,6.461938E-05
初号机（完全体）,13.5,0.02,6.92,-0.1936159,-0.07426189,1.539329,9.999998,-3.176147,18.80456,6.461938E-05
初号机（完全体）,13.5,0.02,6.94,-0.02612367,0.1712278,1.549755,9.999998,-0.831543,17.1065,6.461938E-05
初号机（完全体）,13.5,0.02,6.96,0.1948132,0.1294112,1.542857,9.999998,2.261185,14.83906,6.461938E-05
初号机（完全体）,13.5,0.02,6.98,0.09554153,-0.1284312,1.552349,9.999998,0.8715562,15.86147,6.461938E-05
初号机（完全体）,13.5,0.02,7,-0.07169025,-0.09706618,1.544817,9.999998,-1.469391,17.57037,6.461938E-05
初号机（完全体）,13.5,0.02,7.02,-0.1980813,-0.07336104,1.539125,9.999998,-3.238647,18.84956,6.461938E-05
初号机（完全体）,13.5,0.02,7.04,-0.02155653,0.1690624,1.549416,9.999998,-0.7676086,17.05994,6.461938E-05
初号机（完全体）,13.5,0.02,7.06,0.2008455,0.1277746,1.5426,9.999998,2.345627,14.77676,6.461938E-05
初号机（完全体）,13.5,0.02,7.08,0.09302508,-0.1267466,1.551965,9.999998,0.8363307,15.88732,6.461938E-05
初号机（完全体）,13.5,0.02,7.1,-0.0753098,-0.09579302,1.544527,9.999998,-1.52005,17.60715,6.461938E-05
初号机（完全体）,13.5,0.02,7.12,-0.2025346,-0.07239881,1.538906,9.999998,-3.300995,18.89442,6.461938E-05
初号机（完全体）,13.5,0.02,7.14,-0.01700586,0.166758,1.549053,9.999998,-0.7039185,17.01352,6.461938E-05
初号机（完全体）,13.5,0.02,7.16,0.2068537,0.126033,1.542326,9.999998,2.429733,14.71468,6.461938E-05
初号机（完全体）,13.5,0.02,7.18,0.09052186,-0.1249597,1.551556,9.999998,0.8012902,15.91302,6.461938E-05
初号机（完全体）,13.5,0.02,7.2,-0.07890886,-0.09444247,1.544218,9.999998,-1.570435,17.64373,6.461938E-05
初号机（完全体）,13.5,0.02,7.22,-0.2069619,-0.07137808,1.538672,9.999998,-3.362946,18.93901,6.461938E-05
初号机（完全体）,13.5,0.02,7.24,-0.01247867,0.1643214,1.548668,9.999998,-0.6405334,16.96734,6.461938E-05
初号机（完全体）,13.5,0.02,7.26,0.2128314,0.1241914,1.542035,9.999998,2.51341,14.6529,6.461938E-05
初号机（完全体）,13.5,0.02,7.28,0.08803865,-0.1230752,1.551123,9.999998,0.7665297,15.93851,6.461938E-05
初号机（完全体）,13.5,0.02,7.3,-0.08248582,-0.09301823,1.543891,9.999998,-1.620514,17.68006,6.461938E-05
初号机（完全体）,13.5,0.02,7.32,-0.2113654,-0.07030166,1.538425,9.999998,-3.424591,18.98335,6.461938E-05
初号机（完全体）,13.5,0.02,7.34,-0.007991775,0.1617591,1.548262,9.999998,-0.5777283,16.92155,6.461938E-05
初号机（完全体）,13.5,0.02,7.36,0.2187659,0.1222549,1.541728,9.999998,2.59648,14.59155,6.461938E-05
初号机（完全体）,13.5,0.02,7.38,0.08558445,-0.1210984,1.550668,9.999998,0.7321752,15.96371,6.461938E-05
初号机（完全体）,13.5,0.02,7.4,-0.08603155,-0.09152424,1.543547,9.999998,-1.670135,17.71607,6.461938E-05
初号机（完全体）,13.5,0.02,7.42,-0.2157361,-0.06917253,1.538164,9.999998,-3.485779,19.02733,6.461938E-05
初号机（完全体）,13.5,0.02,7.44,-0.0035557,0.1590781,1.547835,9.999998,-0.515625,16.87626,6.461938E-05
初号机（完全体）,13.5,0.02,7.46,0.2246479,0.1202286,1.541406,9.999998,2.678819,14.53072,6.461938E-05
初号机（完全体）,13.5,0.02,7.48,0.08316519,-0.1190346,1.55019,9.999998,0.6983106,15.98854,6.461938E-05
初号机（完全体）,13.5,0.02,7.5,-0.0895427,-0.08996438,1.543186,9.999998,-1.719299,17.75173,6.461938E-05
初号机（完全体）,13.5,0.02,7.52,-0.2200725,-0.06799362,1.537892,9.999998,-3.546478,19.07096,6.461938E-05
初号机（完全体）,13.5,0.02,7.54,0.000820103,0.1562851,1.54739,9.999998,-0.4543762,16.83158,6.461938E-05
初号机（完全体）,13.5,0.02,7.56,0.2304751,0.1181178,1.541069,9.999998,2.76039,14.47044,6.461938E-05
初号机（完全体）,13.5,0.02,7.58,0.08079762,-0.1168887,1.549693,9.999998,0.6651678,16.01284,6.461938E-05
初号机（完全体）,13.5,0.02,7.6,-0.09300665,-0.08834261,1.54281,9.999998,-1.767792,17.78689,6.461938E-05
初号机（完全体）,13.5,0.02,7.62,-0.2243651,-0.06676791,1.537608,9.999998,-3.606567,19.11413,6.461938E-05
初号机（完全体）,13.5,0.02,7.64,0.005118411,0.1533873,1.546926,9.999998,-0.3941956,16.78768,6.461938E-05
初号机（完全体）,13.5,0.02,7.66,0.2362262,0.1159276,1.540719,9.999998,2.840894,14.41093,6.461938E-05
初号机（完全体）,13.5,0.02,7.68,0.07847972,-0.1146663,1.549176,9.999998,0.632722,16.03662,6.461938E-05
初号机（完全体）,13.5,0.02,7.7,-0.09642373,-0.08666295,1.542419,9.999998,-1.815613,17.82157,6.461938E-05
初号机（完全体）,13.5,0.02,7.72,-0.2286129,-0.06549845,1.537313,9.999998,-3.666046,19.15685,6.461938E-05
初号机（完全体）,13.5,0.02,7.74,0.009332911,0.1503916,1.546446,9.999998,-0.3352051,16.74463,6.461938E-05
初号机（完全体）,13.5,0.02,7.76,0.2419047,0.1136636,1.540356,9.999998,2.920385,14.35215,6.461938E-05
初号机（完全体）,13.5,0.02,7.78,0.07622918,-0.1123726,1.548641,9.999998,0.6012188,16.05971,6.461938E-05
初号机（完全体）,13.5,0.02,7.8,-0.09978292,-0.08492941,1.542015,9.999998,-1.86264,17.85566,6.461938E-05
初号机（完全体）,13.5,0.02,7.82,-0.23281,-0.06418827,1.537007,9.999998,-3.724792,19.19903,6.461938E-05
初号机（完全体）,13.5,0.02,7.84,0.01269723,0.1473051,1.54595,9.999998,-0.2881165,16.71025,6.461938E-05
初号机（完全体）,13.5,0.02,7.86,0.246073,0.1113308,1.539981,9.999998,2.978734,14.30899,6.461938E-05
初号机（完全体）,13.5,0.02,7.88,0.07338814,-0.1100129,1.54809,9.999998,0.5614487,16.08886,6.461938E-05
初号机（完全体）,13.5,0.02,7.9,-0.1030027,-0.08314599,1.541599,9.999998,-1.907715,17.88832,6.461938E-05
初号机（完全体）,13.5,0.02,7.92,-0.236316,-0.06284039,1.536692,9.999998,-3.773865,19.23426,6.461938E-05
初号机（完全体）,13.5,0.02,7.94,0.01722789,0.1441349,1.54544,9.999998,-0.2247009,16.66394,6.461938E-05
初号机（完全体）,13.5,0.02,7.96,0.2519578,0.1089348,1.539596,9.999998,3.061111,14.24805,6.461938E-05
初号机（完全体）,13.5,0.02,7.98,0.07160213,-0.1075926,1.547524,9.999998,0.5364479,16.10717,6.461938E-05
初号机（完全体）,13.5,0.02,8,-0.1059968,-0.08131671,1.54117,9.999998,-1.949615,17.91869,6.461938E-05
初号机（完全体）,13.5,0.02,8.02,-0.2402232,-0.06145785,1.536369,9.999998,-3.828552,19.27351,6.461938E-05
初号机（完全体）,13.5,0.02,8.04,0.02122587,0.1408879,1.544917,9.999998,-0.1687317,16.62306,6.461938E-05
初号机（完全体）,13.5,0.02,8.059999,0.2574377,0.1064808,1.5392,9.999998,3.137819,14.19128,6.461938E-05
初号机（完全体）,13.5,0.02,8.08,0.06968129,-0.1051168,1.546943,9.999998,0.5095584,16.12687,6.461938E-05
初号机（完全体）,13.5,0.02,8.099999,-0.1090847,-0.07944559,1.540732,9.999998,-1.992859,17.95,6.461938E-05
初号机（完全体）,13.5,0.02,8.12,-0.2441931,-0.06004368,1.536037,9.999998,-3.884125,19.31338,6.461938E-05
初号机（完全体）,13.5,0.02,8.139999,0.02499713,0.1375712,1.544381,9.999998,-0.1159363,16.5845,6.461938E-05
初号机（完全体）,13.5,0.02,8.16,0.262737,0.1039741,1.538795,9.999998,3.212,14.13637,6.461938E-05
初号机（完全体）,13.5,0.02,8.179999,0.06780907,-0.1025909,1.54635,9.999998,0.483352,16.14607,6.461938E-05
初号机（完全体）,13.5,0.02,8.2,-0.1121265,-0.07753657,1.540283,9.999998,-2.035431,17.98083,6.461938E-05
初号机（完全体）,13.5,0.02,8.22,-0.2481188,-0.05860088,1.535698,9.999998,-3.939087,19.3528,6.461938E-05
初号机（完全体）,13.5,0.02,8.24,0.02860377,0.1341917,1.543834,9.999998,-0.06546021,16.54761,6.461938E-05
初号机（完全体）,13.5,0.02,8.26,0.2658345,0.1014199,1.538382,9.999998,3.255359,14.10427,6.461938E-05
初号机（完全体）,13.5,0.02,8.28,0.06602426,-0.1013535,1.545832,9.999998,0.4583651,16.16437,6.461938E-05
初号机（完全体）,13.5,0.02,8.3,-0.1147808,-0.07660129,1.539892,9.999998,-2.072601,18.00774,6.461938E-05
初号机（完全体）,13.5,0.02,8.32,-0.2514304,-0.05789401,1.535402,9.999998,-3.985443,19.38603,6.461938E-05
初号机（完全体）,13.5,0.02,8.34,0.02714902,0.1342496,1.54358,9.999998,-0.08581543,16.56249,6.461938E-05
初号机（完全体）,13.5,0.02,8.36,0.264735,0.1014637,1.53819,9.999998,3.23997,14.11567,6.461938E-05
初号机（完全体）,13.5,0.02,8.38,0.06524687,-0.1013204,1.545686,9.999998,0.4474846,16.17234,6.461938E-05
初号机（完全体）,13.5,0.02,8.4,-0.1153684,-0.07657629,1.539782,9.999998,-2.080811,18.01369,6.461938E-05
初号机（完全体）,13.5,0.02,8.42,-0.2518744,-0.05787512,1.535319,9.999998,-3.991669,19.39049,6.461938E-05
初号机（完全体）,13.5,0.02,8.44,0.02681341,0.1342639,1.543517,9.999998,-0.09051514,16.56592,6.461938E-05
初号机（完全体）,13.5,0.02,8.46,0.2644814,0.1014745,1.538142,9.999998,3.236418,14.1183,6.461938E-05
初号机（完全体）,13.5,0.02,8.48,0.06505517,-0.1013122,1.54565,9.999998,0.4448012,16.1743,6.461938E-05
初号机（完全体）,13.5,0.02,8.5,-0.1155133,-0.07657013,1.539755,9.999998,-2.082825,18.01516,6.461938E-05
初号机（完全体）,13.5,0.02,8.52,-0.2519839,-0.05787046,1.535299,9.999998,-3.993195,19.39159,6.461938E-05
初号机（完全体）,13.5,0.02,8.54,0.02673182,0.1342674,1.543501,9.999998,-0.09164429,16.56675,6.461938E-05
初号机（完全体）,13.5,0.02,8.559999,0.2644197,0.1014771,1.53813,9.999998,3.235554,14.11893,6.461938E-05
初号机（完全体）,13.5,0.02,8.58,0.0650074,-0.1013102,1.545641,9.999998,0.4441323,16.17479,6.461938E-05
初号机（完全体）,13.5,0.02,8.599999,-0.1155494,-0.07656861,1.539748,9.999998,-2.083344,18.01553,6.461938E-05
初号机（完全体）,13.5,0.02,8.62,-0.2520112,-0.05786931,1.535294,9.999998,-3.993561,19.39186,6.461938E-05
初号机（完全体）,13.5,0.02,8.639999,0.02671121,0.1342683,1.543497,9.999998,-0.09194946,16.56697,6.461938E-05
初号机（完全体）,13.5,0.02,8.66,0.2644041,0.1014778,1.538127,9.999998,3.235336,14.1191,6.461938E-05
初号机（完全体）,13.5,0.02,8.679999,0.06499795,-0.1013097,1.545639,9.999998,0.4440003,16.17489,6.461938E-05
初号机（完全体）,13.5,0.02,8.7,-0.1155565,-0.07656824,1.539746,9.999998,-2.083435,18.0156,6.461938E-05
初号机（完全体）,13.5,0.02,8.72,-0.2520166,-0.05786903,1.535292,9.999998,-3.993652,19.39192,6.461938E-05
初号机（完全体）,13.5,0.02,8.74,0.02670711,0.1342685,1.543496,9.999998,-0.0920105,16.56701,6.461938E-05
初号机（完全体）,13.5,0.02,8.76,0.264401,0.101478,1.538127,9.999998,3.235294,14.11913,6.461938E-05
初号机（完全体）,13.5,0.02,8.78,0.06499328,-0.1013096,1.545639,9.999998,0.4439347,16.17494,6.461938E-05
初号机（完全体）,13.5,0.02,8.8,-0.11556,-0.07656814,1.539746,9.999998,-2.083496,18.01564,6.461938E-05
初号机（完全体）,13.5,0.02,8.82,-0.2520193,-0.05786896,1.535292,9.999998,-3.993683,19.39194,6.461938E-05
初号机（完全体）,13.5,0.02,8.84,0.0267051,0.1342686,1.543496,9.999998,-0.09204102,16.56703,6.461938E-05
初号机（完全体）,13.5,0.02,8.86,0.2643996,0.101478,1.538127,9.999998,3.235274,14.11914,6.461938E-05
初号机（完全体）,13.5,0.02,8.88,0.06499215,-0.1013096,1.545639,9.999998,0.4439193,16.17495,6.461938E-05
初号机（完全体）,13.5,0.02,8.9,-0.1155609,-0.07656812,1.539746,9.999998,-2.083496,18.01565,6.461938E-05
初号机（完全体）,13.5,0.02,8.92,-0.2520199,-0.05786894,1.535292,9.999998,-3.993683,19.39195,6.461938E-05
初号机（完全体）,13.5,0.02,8.94,0.02670461,0.1342686,1.543496,9.999998,-0.09204102,16.56703,6.461938E-05
初号机（完全体）,13.5,0.02,8.96,0.2643992,0.101478,1.538126,9.999998,3.235268,14.11915,6.461938E-05
初号机（完全体）,13.5,0.02,8.98,0.06499186,-0.1013096,1.545639,9.999998,0.443915,16.17496,6.461938E-05
初号机（完全体）,13.5,0.02,9,-0.1155611,-0.07656812,1.539746,9.999998,-2.083496,18.01565,6.461938E-05
初号机（完全体）,13.5,0.02,9.02,-0.2520201,-0.05786894,1.535292,9.999998,-3.993683,19.39195,6.461938E-05
初号机（完全体）,13.5,0.02,9.04,0.0267045,0.1342686,1.543496,9.999998,-0.09204102,16.56703,6.461938E-05
初号机（完全体）,13.5,0.02,9.059999,0.2643991,0.101478,1.538126,9.999998,3.235267,14.11915,6.461938E-05
初号机（完全体）,13.5,0.02,9.08,0.06499179,-0.1013096,1.545639,9.999998,0.4439142,16.17496,6.461938E-05
初号机（完全体）,13.5,0.02,9.099999,-0.1155612,-0.07656812,1.539746,9.999998,-2.083496,18.01565,6.461938E-05
初号机（完全体）,13.5,0.02,9.12,-0.2520202,-0.05786894,1.535292,9.999998,-3.993683,19.39195,6.461938E-05
初号机（完全体）,13.5,0.02,9.139999,0.02670445,0.1342686,1.543496,9.999998,-0.09204102,16.56703,6.461938E-05
初号机（完全体）,13.5,0.02,9.16,0.2643991,0.101478,1.538126,9.999998,3.235267,14.11915,6.461938E-05
初号机（完全体）,13.5,0.02,9.179999,0.06499177,-0.1013096,1.545639,9.999998,0.4439142,16.17496,6.461938E-05
初号机（完全体）,13.5,0.02,9.2,-0.1155612,-0.07656812,1.539746,9.999998,-2.083527,18.01565,6.461938E-05
初号机（完全体）,13.5,0.02,9.22,-0.2520202,-0.05786894,1.535292,9.999998,-3.993683,19.39195,6.461938E-05
初号机（完全体）,13.5,0.02,9.24,0.02670445,0.1342686,1.543496,9.999998,-0.09204102,16.56703,6.461938E-05
初号机（完全体）,13.5,0.02,9.26,0.2643991,0.101478,1.538126,9.999998,3.235267,14.11915,6.461938E-05
初号机（完全体）,13.5,0.02,9.28,0.06499177,-0.1013096,1.545639,9.999998,0.4439142,16.17496,6.461938E-05
初号机（完全体）,13.5,0.02,9.3,-0.1155612,-0.07656812,1.539746,9.999998,-2.083496,18.01565,6.461938E-05
初号机（完全体）,13.5,0.02,9.32,-0.2520202,-0.05786894,1.535292,9.999998,-3.993683,19.39195,6.461938E-05
初号机（完全体）,13.5,0.02,9.34,0.02670445,0.1342686,1.543496,9.999998,-0.09204102,16.56703,6.461938E-05
初号机（完全体）,13.5,0.02,9.36,0.2643991,0.101478,1.538126,9.999998,3.235267,14.11915,6.461938E-05
初号机（完全体）,13.5,0.02,9.38,0.06499177,-0.1013096,1.545639,9.999998,0.4439138,16.17496,6.461938E-05
初号机（完全体）,13.5,0.02,9.4,-0.1155612,-0.07656812,1.539746,9.999998,-2.083496,18.01565,6.461938E-05
初号机（完全体）,13.5,0.02,9.42,-0.2520202,-0.05786894,1.535292,9.999998,-3.993683,19.39195,6.461938E-05
初号机（完全体）,13.5,0.02,9.44,0.02670445,0.1342686,1.543496,9.999998,-0.09204102,16.56703,6.461938E-05
初号机（完全体）,13.5,0.02,9.46,0.2643991,0.101478,1.538126,9.999998,3.235267,14.11915,6.461938E-05
初号机（完全体）,13.5,0.02,9.48,0.06499177,-0.1013096,1.545639,9.999998,0.4439134,16.17496,6.461938E-05
初号机（完全体）,13.5,0.02,9.5,-0.1155612,-0.07656812,1.539746,9.999998,-2.083527,18.01565,6.461938E-05
初号机（完全体）,13.5,0.02,9.52,-0.2520202,-0.05786894,1.535292,9.999998,-3.993683,19.39195,6.461938E-05
初号机（完全体）,13.5,0.02,9.54,0.02670445,0.1342686,1.543496,9.999998,-0.09204102,16.56703,6.461938E-05
初号机（完全体）,13.5,0.02,9.559999,0.2643991,0.101478,1.538126,9.999998,3.235266,14.11915,6.461938E-05
初号机（完全体）,13.5,0.02,9.58,0.06499177,-0.1013096,1.545639,9.999998,0.4439142,16.17496,6.461938E-05
初号机（完全体）,13.5,0.02,9.599999,-0.1155612,-0.07656812,1.539746,9.999998,-2.083527,18.01565,6.461938E-05
初号机（完全体）,13.5,0.02,9.62,-0.2520202,-0.05786894,1.535292,9.999998,-3.993683,19.39195,6.461938E-05
初号机（完全体）,13.5,0.02,9.639999,0.02670445,0.1342686,1.543496,9.999998,-0.09204102,16.56703,6.461938E-05
初号机（完全体）,13.5,0.02,9.66,0.2643991,0.101478,1.538126,9.999998,3.235267,14.11915,6.461938E-05
初号机（完全体）,13.5,0.02,9.679999,0.06499177,-0.1013096,1.545639,9.999998,0.4439142,16.17496,6.461938E-05
初号机（完全体）,13.5,0.02,9.7,-0.1155612,-0.07656812,1.539746,9.999998,-2.083527,18.01565,6.461938E-05
初号机（完全体）,13.5,0.02,9.719999,-0.2520202,-0.05786894,1.535292,9.999998,-3.993683,19.39195,6.461938E-05
初号机（完全体）,13.5,0.02,9.74,0.02670445,0.1342686,1.543496,9.999998,-0.09204102,16.56703,6.461938E-05
初号机（完全体）,13.5,0.02,9.76,0.2643991,0.101478,1.538126,9.999998,3.235267,14.11915,6.461938E-05
初号机（完全体）,13.5,0.02,9.78,0.06499177,-0.1013096,1.545639,9.999998,0.4439146,16.17496,6.461938E-05
初号机（完全体）,13.5,0.02,9.8,-0.1155612,-0.07656812,1.539746,9.999998,-2.083527,18.01565,6.461938E-05
初号机（完全体）,13.5,0.02,9.82,-0.2520202,-0.05786894,1.535292,9.999998,-3.993683,19.39195,6.461938E-05
初号机（完全体）,13.5,0.02,9.84,0.02670445,0.1342686,1.543496,9.999998,-0.09204102,16.56703,6.461938E-05
初号机（完全体）,13.5,0.02,9.86,0.2643991,0.101478,1.538126,9.999998,3.235266,14.11915,6.461938E-05
初号机（完全体）,13.5,0.02,9.88,0.06499177,-0.1013096,1.545639,9.999998,0.4439142,16.17496,6.461938E-05
初号机（完全体）,13.5,0.02,9.9,-0.1155612,-0.07656812,1.539746,9.999998,-2.083527,18.01565,6.461938E-05
初号机（完全体）,13.5,0.02,9.92,-0.2520202,-0.05786894,1.535292,9.999998,-3.993683,19.39195,6.461938E-05
初号机（完全体）,13.5,0.02,9.94,0.02670445,0.1342686,1.543496,9.999998,-0.09204102,16.56703,6.461938E-05
初号机（完全体）,13.5,0.02,9.96,0.2643991,0.101478,1.538126,9.999998,3.235267,14.11915,6.461938E-05
初号机（完全体）,13.5,0.02,9.98,0.06499177,-0.1013096,1.545639,9.999998,0.4439142,16.17496,6.461938E-05
初号机（完全体）,4,0.03333334,0,9.983384E-06,6.161089E-07,1.661509,-4.786023E-05,-6.964874,12.36121,2.473593E-06
初号机（完全体）,4,0.03333334,0.03333334,6.260471E-06,3.863552E-07,1.661509,0.243987,-6.806366,12.47164,6.735325E-06
初号机（完全体）,4,0.03333334,0.06666667,3.925873E-06,-0.0256794,1.65908,0.4389711,-6.679688,12.55986,3.12779E-05
初号机（完全体）,4,0.03333334,0.1,-0.003540516,-0.109331,1.645113,0.5951172,-6.627808,12.66744,3.370399E-05
初号机（完全体）,4,0.03333334,0.1333333,-0.02359382,-0.2493934,1.619551,0.7220469,-6.82605,12.93386,3.370399E-05
初号机（完全体）,4,0.03333334,0.1666667,-0.06958072,-0.3975028,1.595905,0.8277237,-7.401093,13.46016,3.453852E-05
初号机（完全体）,4,0.03333334,0.2,-0.1388802,-0.482339,1.576194,0.9182996,-8.312286,14.22006,3.453852E-05
初号机（完全体）,4,0.03333334,0.2333333,-0.2120154,-0.4565473,1.551184,0.998328,-9.284058,15.01203,3.453852E-05
初号机（完全体）,4,0.03333334,0.2666667,-0.2578777,-0.3299181,1.542953,1.07108,-9.878754,15.51708,3.453852E-05
初号机（完全体）,4,0.03333334,0.3,-0.2866374,-0.206888,1.534956,1.138858,-10.23727,15.84295,3.453852E-05
初号机（完全体）,4,0.03333334,0.3333333,-0.3046724,-0.1297372,1.529942,1.203256,-10.44788,16.05673,3.453852E-05
初号机（完全体）,4,0.03333334,0.3666667,-0.3159819,-0.02910862,1.530193,1.265364,-10.56583,16.2003,3.453852E-05
初号机（完全体）,4,0.03333334,0.4,-0.3230439,0.1614573,1.538636,1.325917,-10.62534,16.29956,3.453852E-05
初号机（完全体）,4,0.03333334,0.4333334,-0.3050233,0.4122017,1.552461,1.385412,-10.33441,16.14129,3.453852E-05
初号机（完全体）,4,0.03333334,0.4666667,-0.2455186,0.6309102,1.565126,1.444179,-9.463257,15.55626,3.453852E-05
初号机（完全体）,4,0.03333334,0.5,-0.1577802,0.7253064,1.570289,1.502435,-8.197235,14.67754,3.453852E-05
初号机（完全体）,4,0.03333334,0.5333334,-0.07365281,0.6614854,1.565531,1.560326,-6.981964,13.83221,3.453852E-05
初号机（完全体）,4,0.03333334,0.5666667,-0.01969141,0.4871283,1.553815,1.617945,-6.189148,13.29744,3.453852E-05
初号机（完全体）,4,0.03333334,0.6,0.01414719,0.307422,1.541895,1.675355,-5.678162,12.97105,3.453852E-05
初号机（完全体）,4,0.03333334,0.6333334,0.03536701,0.192781,1.534292,1.732595,-5.343933,12.77573,3.453852E-05
初号机（完全体）,4,0.03333334,0.6666667,0.04867373,0.0604638,1.533453,1.789691,-5.120544,12.66275,3.453852E-05
初号机（完全体）,4,0.03333334,0.7,0.05558221,-0.1646252,1.542164,1.846665,-4.986816,12.61643,3.821862E-05
初号机（完全体）,4,0.03333334,0.7333333,0.0104367,-0.4374641,1.556186,1.903521,-5.581818,13.11267,3.821862E-05
初号机（完全体）,4,0.03333334,0.7666667,-0.1040226,-0.6444643,1.567314,1.960272,-7.147156,14.32667,3.821862E-05
初号机（完全体）,4,0.03333334,0.8000001,-0.2522879,-0.6911228,1.568887,2.01692,-9.185791,15.88095,3.821862E-05
初号机（完全体）,4,0.03333334,0.8333334,-0.3684274,-0.5720722,1.560233,2.073466,-10.77478,17.09448,3.821862E-05
初号机（完全体）,4,0.03333334,0.8666667,-0.4412573,-0.3800757,1.547179,2.129916,-11.75757,17.86009,3.821862E-05
初号机（完全体）,4,0.03333334,0.9,-0.4869281,-0.2383413,1.537606,2.186269,-12.36026,18.34741,3.821862E-05
初号机（完全体）,4,0.03333334,0.9333334,-0.5155677,-0.1494613,1.531603,2.242526,-12.72461,18.66131,3.821862E-05
初号机（完全体）,4,0.03333334,0.9666667,-0.5335273,-0.02477874,1.53232,2.298693,-12.93951,18.86692,3.821862E-05
初号机（完全体）,4,0.03333334,1,-0.5352678,0.2092589,1.542901,2.354765,-12.92743,18.90892,3.821862E-05
初号机（完全体）,4,0.03333334,1.033333,-0.4040755,0.4835161,1.557822,2.410739,-11.0546,17.60612,3.821862E-05
初号机（完全体）,4,0.03333334,1.066667,-0.1260107,0.6603496,1.567495,2.46662,-7.125854,14.78099,3.821862E-05
初号机（完全体）,4,0.03333334,1.1,0.1887386,0.6498584,1.565671,2.522406,-2.683685,11.53023,3.821862E-05
初号机（完全体）,4,0.03333334,1.133333,0.4001964,0.4854342,1.554267,2.578106,0.3125661,9.331334,3.821862E-05
初号机（完全体）,4,0.03333334,1.166667,0.5327992,0.3047516,1.542073,2.633711,2.204912,7.954429,3.821862E-05
初号机（完全体）,4,0.03333334,1.2,0.615953,0.1911064,1.534404,2.689219,3.404993,7.098048,3.821862E-05
初号机（完全体）,4,0.03333334,1.233333,0.6680979,0.04307446,1.534585,2.744639,4.170948,6.569688,3.821862E-05
初号机（完全体）,4,0.03333334,1.266667,0.6790679,-0.2168422,1.545559,2.799963,4.360466,6.478576,3.821862E-05
初号机（完全体）,4,0.03333334,1.3,0.4960991,-0.4996572,1.56023,2.855196,1.835121,8.444647,3.821862E-05
初号机（完全体）,4,0.03333334,1.333333,0.1343066,-0.6509016,1.567732,2.910337,-3.193512,12.27571,3.821862E-05
初号机（完全体）,4,0.03333334,1.366667,-0.2263316,-0.5952061,1.562652,2.965385,-8.206024,16.0364,3.821862E-05
初号机（完全体）,4,0.03333334,1.4,-0.4531986,-0.4092654,1.549651,3.020349,-11.34604,18.37182,3.821862E-05
初号机（完全体）,4,0.03333334,1.433333,-0.5954644,-0.2566459,1.539156,3.075216,-13.30182,19.82647,3.821862E-05
初号机（完全体）,4,0.03333334,1.466667,-0.6846777,-0.1609398,1.532575,3.129982,-14.51505,20.73912,3.821862E-05
初号机（完全体）,4,0.03333334,1.5,-0.7406225,-0.01614049,1.533959,3.184671,-15.26263,21.3166,3.821862E-05
初号机（完全体）,4,0.03333334,1.533333,-0.7359674,0.2519075,1.546348,3.239256,-15.16199,21.29398,3.821862E-05
初号机（完全体）,4,0.03333334,1.566667,-0.4824276,0.5285153,1.561171,3.29376,-11.57748,18.7865,3.821862E-05
初号机（完全体）,4,0.03333334,1.6,-0.03596555,0.6430746,1.566638,3.348171,-5.29245,14.24471,4.489136E-05
初号机（完全体）,4,0.03333334,1.633333,0.3460982,0.5421622,1.558837,3.402492,0.09106965,10.27811,4.489136E-05
初号机（完全体）,4,0.03333334,1.666667,0.5856863,0.3493802,1.545528,3.456716,3.480123,7.77191,4.489136E-05
初号机（完全体）,4,0.03333334,1.7,0.7359293,0.2190925,1.536571,3.510862,5.618451,6.201541,4.489136E-05
初号机（完全体）,4,0.03333334,1.733333,0.8301451,0.04381519,1.537036,3.564912,6.972433,5.223613,4.489136E-05
初号机（完全体）,4,0.03333334,1.766667,0.8258064,-0.252901,1.54947,3.618861,6.946763,5.294734,4.489136E-05
初号机（完全体）,4,0.03333334,1.8,0.5166707,-0.5314986,1.563282,3.672731,2.654418,8.601802,4.489136E-05
初号机（完全体）,4,0.03333334,1.833333,0.01819798,-0.6115872,1.565793,3.726505,-4.288391,13.85314,4.489136E-05
初号机（完全体）,4,0.03333334,1.866667,-0.3552496,-0.4750159,1.555226,3.780202,-9.481079,17.71296,4.489136E-05
初号机（完全体）,4,0.03333334,1.9,-0.5894345,-0.2978773,1.542653,3.833803,-12.7244,20.09465,4.489136E-05
初号机（完全体）,4,0.03333334,1.933333,-0.7362893,-0.1867956,1.534768,3.887313,-14.74533,21.57425,4.489136E-05
初号机（完全体）,4,0.03333334,1.966667,-0.8283803,-0.0005793988,1.5374,3.940734,-15.99969,22.50061,4.489136E-05
初号机（完全体）,4,0.03333334,2,-0.7554806,0.3201421,1.552307,3.994054,-14.94458,21.80872,4.489136E-05
初号机（完全体）,4,0.03333334,2.033334,-0.3216474,0.5576143,1.564018,4.047307,-8.837128,17.4891,4.489136E-05
初号机（完全体）,4,0.03333334,2.066667,0.1712093,0.5298374,1.559876,4.100454,-1.903442,12.42894,4.489136E-05
初号机（完全体）,4,0.03333334,2.1,0.4802744,0.3435922,1.546305,4.061593,2.397663,9.164581,4.489136E-05
初号机（完全体）,4,0.03333334,2.133333,0.6740857,0.2154629,1.537058,3.977222,5.055845,7.073427,4.489136E-05
初号机（完全体）,4,0.03333334,2.166667,0.7956227,0.0009187326,1.539983,3.888314,6.699367,5.740453,4.489136E-05
初号机（完全体）,4,0.03333334,2.2,0.6981114,-0.34304,1.555429,3.81096,5.284106,6.741756,4.489136E-05
初号机（完全体）,4,0.03333334,2.233333,0.2150059,-0.5419298,1.564022,3.749493,-1.518463,11.81204,4.489136E-05
初号机（完全体）,4,0.03333334,2.266667,-0.2324303,-0.447812,1.555187,3.703171,-7.81189,16.42656,4.489136E-05
初号机（完全体）,4,0.03333334,2.3,-0.5130127,-0.280818,1.542628,3.669457,-11.76144,19.25811,4.489136E-05
初号机（完全体）,4,0.03333334,2.333333,-0.6889628,-0.1760979,1.534752,3.645517,-14.23999,21.00314,4.489136E-05
初号机（完全体）,4,0.03333334,2.366667,-0.7992992,0.02376665,1.538536,3.628824,-15.79535,22.08363,4.489136E-05
初号机（完全体）,4,0.03333334,2.4,-0.6838476,0.35852,1.554522,3.617349,-14.18668,20.94037,4.489136E-05
初号机（完全体）,4,0.03333334,2.433333,-0.1980872,0.5516372,1.563454,3.609547,-7.391998,16.033,4.489136E-05
初号机（完全体）,4,0.03333334,2.466667,0.2480707,0.4538993,1.55483,3.604293,-1.149994,11.39974,4.523358E-05
初号机（完全体）,4,0.03333334,2.5,0.5278515,0.2846353,1.542404,3.600779,2.764168,8.450533,4.523358E-05
初号机（完全体）,4,0.03333334,2.533334,0.703299,0.04429597,1.543335,3.598446,5.218606,6.588789,4.523358E-05
初号机（完全体）,4,0.03333334,2.566667,0.6429132,-0.3158387,1.557531,3.596905,4.372311,7.229377,4.523358E-05
初号机（完全体）,4,0.03333334,2.6,0.2235532,-0.5248722,1.565341,3.595891,-1.498657,11.65284,4.523358E-05
初号机（完全体）,4,0.03333334,2.633333,-0.1700531,-0.4371153,1.556014,3.595227,-7.008881,15.73875,4.523358E-05
初号机（完全体）,4,0.03333334,2.666667,-0.4168794,-0.2741102,1.543146,3.594793,-10.46429,18.25625,4.523358E-05
初号机（完全体）,4,0.03333334,2.7,-0.5716614,-0.1718915,1.535077,3.594511,-12.63113,19.81346,4.523358E-05
初号机（完全体）,4,0.03333334,2.733334,-0.6687235,0.02640443,1.53874,3.594328,-13.98993,20.78049,4.523358E-05
初号机（完全体）,4,0.03333334,2.766667,-0.5591831,0.3601741,1.554649,3.59421,-12.45667,19.68845,4.523358E-05
初号机（完全体）,4,0.03333334,2.8,-0.1089988,0.5526744,1.563534,3.594134,-6.154938,15.1097,4.523358E-05
初号机（完全体）,4,0.03333334,2.833333,0.3039371,0.4545498,1.55488,3.594085,-0.3746033,10.80877,4.523358E-05
初号机（完全体）,4,0.03333334,2.866667,0.5628847,0.2850432,1.542436,3.594054,3.2502,8.076562,4.523358E-05
初号机（完全体）,4,0.03333334,2.9,0.7252679,0.04455174,1.543355,3.594033,5.523265,6.353235,4.523358E-05
初号机（完全体）,4,0.03333334,2.933333,0.6566897,-0.3156783,1.557543,3.59402,4.563283,7.08182,4.523358E-05
初号机（完全体）,4,0.03333334,2.966667,0.2321925,-0.5247716,1.565348,3.594011,-1.378937,11.56149,4.523358E-05
初号机（完全体）,4,0.03333334,3,-0.1646353,-0.4370522,1.556018,3.594032,-6.933807,15.68252,4.523358E-05
初号机（完全体）,4,0.03333334,3.033334,-0.4134817,-0.2740707,1.543149,3.594011,-10.41724,18.22152,4.523358E-05
初号机（完全体）,4,0.03333334,3.066667,-0.5695305,-0.1718667,1.535079,3.594,-12.60165,19.79192,4.523358E-05
初号机（完全体）,4,0.03333334,3.1,-0.6673871,0.02641998,1.538741,3.593996,-13.97147,20.76708,4.523358E-05
初号机（完全体）,4,0.03333334,3.133333,-0.5583448,0.3601839,1.55465,3.593995,-12.44507,19.67996,4.523358E-05
初号机（完全体）,4,0.03333334,3.166667,-0.1084727,0.5526806,1.563534,3.593995,-6.147675,15.10421,4.523358E-05
初号机（完全体）,4,0.03333334,3.2,0.3042675,0.4545536,1.554881,3.593994,-0.3700256,10.80525,4.523358E-05
初号机（完全体）,4,0.03333334,3.233334,0.5630924,0.2850456,1.542436,3.593995,3.253068,8.074337,4.523358E-05
初号机（完全体）,4,0.03333334,3.266667,0.7253986,0.04455328,1.543355,3.593996,5.525071,6.351828,4.523358E-05
初号机（完全体）,4,0.03333334,3.3,0.6567718,-0.3156773,1.557543,3.593996,4.564416,7.080936,4.523358E-05
初号机（完全体）,4,0.03333334,3.333333,0.2322438,-0.524771,1.565348,3.593997,-1.378235,11.56094,4.523358E-05
初号机（完全体）,4,0.03333334,3.366667,-0.1646033,-0.4370518,1.556018,3.593997,-6.93338,15.68218,4.523358E-05
初号机（完全体）,4,0.03333334,3.4,-0.4134619,-0.2740704,1.543149,3.593997,-10.41696,18.22132,4.523358E-05
初号机（完全体）,4,0.03333334,3.433333,-0.5695183,-0.1718666,1.535079,3.593997,-12.60147,19.7918,4.523358E-05
初号机（完全体）,4,0.03333334,3.466667,-0.6673796,0.02642007,1.538741,3.593997,-13.97134,20.76701,4.523358E-05
初号机（完全体）,4,0.03333334,3.5,-0.5583406,0.3601839,1.55465,3.593997,-12.44501,19.67992,4.523358E-05
初号机（完全体）,4,0.03333334,3.533334,-0.1084705,0.5526806,1.563534,3.593997,-6.147644,15.10419,4.523358E-05
初号机（完全体）,4,0.03333334,3.566667,0.3042684,0.4545536,1.554881,3.593997,-0.3700256,10.80525,4.523358E-05
初号机（完全体）,4,0.03333334,3.6,0.5630925,0.2850456,1.542436,3.593997,3.253072,8.074336,4.523358E-05
初号机（完全体）,4,0.03333334,3.633333,0.7253982,0.04455328,1.543355,3.593997,5.525066,6.351832,4.523358E-05
初号机（完全体）,4,0.03333334,3.666667,0.6567716,-0.3156773,1.557543,3.593997,4.564413,7.080937,4.523358E-05
初号机（完全体）,4,0.03333334,3.7,0.2322437,-0.524771,1.565348,3.593997,-1.378235,11.56094,4.523358E-05
初号机（完全体）,4,0.03333334,3.733334,-0.1646034,-0.4370518,1.556018,3.593997,-6.93338,15.68218,4.523358E-05
初号机（完全体）,4,0.03333334,3.766667,-0.4134619,-0.2740704,1.543149,3.593997,-10.41696,18.22132,4.523358E-05
初号机（完全体）,4,0.03333334,3.8,-0.5695184,-0.1718666,1.535079,3.593997,-12.60147,19.7918,4.523358E-05
初号机（完全体）,4,0.03333334,3.833333,-0.6673797,0.02642007,1.538741,3.593997,-13.97134,20.76701,4.523358E-05
初号机（完全体）,4,0.03333334,3.866667,-0.5583406,0.3601839,1.55465,3.593997,-12.44501,19.67992,4.523358E-05
初号机（完全体）,4,0.03333334,3.9,-0.1084705,0.5526806,1.563534,3.593997,-6.147644,15.10419,4.523358E-05
初号机（完全体）,4,0.03333334,3.933334,0.3042684,0.4545536,1.554881,3.593997,-0.3700256,10.80525,4.523358E-05
初号机（完全体）,4,0.03333334,3.966667,0.5630925,0.2850456,1.542436,3.593997,3.253072,8.074336,4.523358E-05
初号机（完全体）,4,0.03333334,4,0.7253982,0.04455328,1.543355,3.593997,5.525066,6.351832,4.523358E-05
初号机（完全体）,4,0.03333334,4.033334,0.6567716,-0.3156773,1.557543,3.593997,4.564413,7.080937,4.523358E-05
初号机（完全体）,4,0.03333334,4.066667,0.2322437,-0.524771,1.565348,3.593997,-1.378235,11.56094,4.523358E-05
初号机（完全体）,4,0.03333334,4.1,-0.1646034,-0.4370518,1.556018,3.593997,-6.93338,15.68218,4.523358E-05
初号机（完全体）,4,0.03333334,4.133334,-0.4134619,-0.2740704,1.543149,3.593997,-10.41696,18.22132,4.523358E-05
初号机（完全体）,4,0.03333334,4.166667,-0.5695184,-0.1718666,1.535079,3.593997,-12.60147,19.7918,4.523358E-05
初号机（完全体）,4,0.03333334,4.2,-0.6673797,0.02642007,1.538741,3.593997,-13.97134,20.76701,4.523358E-05
初号机（完全体）,4,0.03333334,4.233334,-0.5583406,0.3601839,1.55465,3.593997,-12.44501,19.67992,4.523358E-05
初号机（完全体）,4,0.03333334,4.266667,-0.1084705,0.5526806,1.563534,3.593997,-6.147644,15.10419,4.523358E-05
初号机（完全体）,4,0.03333334,4.3,0.3042684,0.4545536,1.554881,3.593997,-0.3700256,10.80525,4.523358E-05
初号机（完全体）,4,0.03333334,4.333333,0.5630925,0.2850456,1.542436,3.593997,3.253072,8.074336,4.523358E-05
初号机（完全体）,4,0.03333334,4.366667,0.7253982,0.04455328,1.543355,3.593997,5.525066,6.351832,4.523358E-05
初号机（完全体）,4,0.03333334,4.4,0.6567716,-0.3156773,1.557543,3.593997,4.564414,7.080937,4.523358E-05
初号机（完全体）,4,0.03333334,4.433333,0.2322437,-0.524771,1.565348,3.593997,-1.378235,11.56094,4.523358E-05
初号机（完全体）,4,0.03333334,4.466667,-0.1646034,-0.4370518,1.556018,3.593997,-6.93338,15.68218,4.523358E-05
初号机（完全体）,4,0.03333334,4.5,-0.4134619,-0.2740704,1.543149,3.593997,-10.41696,18.22132,4.523358E-05
初号机（完全体）,4,0.03333334,4.533334,-0.5695184,-0.1718666,1.535079,3.593997,-12.60147,19.7918,4.523358E-05
初号机（完全体）,4,0.03333334,4.566667,-0.6673797,0.02642007,1.538741,3.593997,-13.97134,20.76701,4.523358E-05
初号机（完全体）,4,0.03333334,4.6,-0.5583406,0.3601839,1.55465,3.593997,-12.44501,19.67992,4.523358E-05
初号机（完全体）,4,0.03333334,4.633334,-0.1084705,0.5526806,1.563534,3.593997,-6.147644,15.10419,4.523358E-05
初号机（完全体）,4,0.03333334,4.666667,0.3042684,0.4545536,1.554881,3.593997,-0.3700256,10.80525,4.523358E-05
初号机（完全体）,4,0.03333334,4.7,0.5630925,0.2850456,1.542436,3.593997,3.253072,8.074336,4.523358E-05
初号机（完全体）,4,0.03333334,4.733334,0.7253982,0.04455328,1.543355,3.593997,5.525065,6.351832,4.523358E-05
初号机（完全体）,4,0.03333334,4.766667,0.6567716,-0.3156773,1.557543,3.593997,4.564412,7.080937,4.523358E-05
初号机（完全体）,4,0.03333334,4.8,0.2322437,-0.524771,1.565348,3.593997,-1.378235,11.56094,4.523358E-05
初号机（完全体）,4,0.03333334,4.833333,-0.1646034,-0.4370518,1.556018,3.593997,-6.93338,15.68218,4.523358E-05
初号机（完全体）,4,0.03333334,4.866667,-0.4134619,-0.2740704,1.543149,3.593997,-10.41696,18.22132,4.523358E-05
初号机（完全体）,4,0.03333334,4.9,-0.5695184,-0.1718666,1.535079,3.593997,-12.60147,19.7918,4.523358E-05
初号机（完全体）,4,0.03333334,4.933333,-0.6673797,0.02642007,1.538741,3.593997,-13.97134,20.76701,4.523358E-05
初号机（完全体）,4,0.03333334,4.966667,-0.5583406,0.3601839,1.55465,3.593997,-12.44501,19.67992,4.523358E-05
初号机（完全体）,4,0.03333334,5,-0.1084705,0.5526806,1.563534,3.594049,-6.147583,15.10421,4.523358E-05
初号机（完全体）,4,0.03333334,5.033334,0.3042684,0.4545536,1.554881,3.594064,-0.3699646,10.80527,4.523358E-05
初号机（完全体）,4,0.03333334,5.066667,0.5630925,0.2850456,1.542436,3.594064,3.253114,8.074368,4.523358E-05
初号机（完全体）,4,0.03333334,5.1,0.7253982,0.04455328,1.543355,3.594057,5.525105,6.351859,4.523358E-05
初号机（完全体）,4,0.03333334,5.133334,0.6567712,-0.3156773,1.557543,3.594049,4.564442,7.080968,4.523358E-05
初号机（完全体）,4,0.03333334,5.166667,0.232243,-0.524771,1.565348,3.594043,-1.378204,11.56097,4.523358E-05
初号机（完全体）,4,0.03333334,5.2,-0.1646043,-0.4370518,1.556018,3.594037,-6.93338,15.68221,4.523358E-05
初号机（完全体）,4,0.03333334,5.233334,-0.4134629,-0.2740704,1.543149,3.594033,-10.41696,18.22134,4.523358E-05
初号机（完全体）,4,0.03333334,5.266667,-0.5695195,-0.1718666,1.535079,3.59403,-12.60147,19.79183,4.523358E-05
初号机（完全体）,4,0.03333334,5.3,-0.6673808,0.02642007,1.538741,3.594027,-13.97134,20.76703,4.523358E-05
初号机（完全体）,4,0.03333334,5.333333,-0.5583404,0.3601839,1.55465,3.594025,-12.44498,19.67994,4.523358E-05
初号机（完全体）,4,0.03333334,5.366667,-0.1084686,0.5526806,1.563534,3.594024,-6.147583,15.10418,4.523358E-05
初号机（完全体）,4,0.03333334,5.4,0.3042723,0.4545536,1.554881,3.594023,-0.3699341,10.80522,6.177577E-05
初号机（完全体）,4,0.03333334,5.433333,0.5630976,0.2850456,1.542436,3.594023,3.25316,8.074293,6.177577E-05
初号机（完全体）,4,0.03333334,5.466667,0.7254041,0.04455328,1.543355,3.594023,5.525164,6.351782,6.177577E-05
初号机（完全体）,4,0.03333334,5.5,0.6567766,-0.3156773,1.557543,3.594023,4.564501,7.080899,6.177577E-05
初号机（完全体）,4,0.03333334,5.533334,0.2322455,-0.524771,1.565348,3.594023,-1.378204,11.56093,6.177577E-05
初号机（完全体）,4,0.03333334,5.566667,-0.1646045,-0.4370518,1.556018,3.594023,-6.93338,15.68221,6.177577E-05
初号机（完全体）,4,0.03333334,5.6,-0.4134648,-0.2740704,1.543149,3.594023,-10.41699,18.22136,6.177577E-05
初号机（完全体）,4,0.03333334,5.633334,-0.5695224,-0.1718666,1.535079,3.594023,-12.6015,19.79185,6.177577E-05
初号机（完全体）,4,0.03333334,5.666667,-0.6673844,0.02642007,1.538741,3.594023,-13.97141,20.76706,6.177577E-05
初号机（完全体）,4,0.03333334,5.7,-0.5583445,0.3601839,1.55465,3.594023,-12.44504,19.67997,6.177577E-05
初号机（完全体）,4,0.03333334,5.733334,-0.1084712,0.5526806,1.563534,3.594023,-6.147614,15.10421,6.177577E-05
初号机（完全体）,4,0.03333334,5.766667,0.3042707,0.4545536,1.554881,3.594023,-0.3699646,10.80523,6.177578E-05
初号机（完全体）,4,0.03333334,5.8,0.5630966,0.2850456,1.542436,3.594023,3.253146,8.074306,6.177578E-05
初号机（完全体）,4,0.03333334,5.833333,0.7254035,0.04455328,1.543355,3.594023,5.525155,6.351788,6.177578E-05
初号机（完全体）,4,0.03333334,5.866667,0.6567762,-0.3156773,1.557543,3.594023,4.564496,7.080902,6.177578E-05
初号机（完全体）,4,0.03333334,5.9,0.2322453,-0.524771,1.565348,3.594023,-1.378204,11.56094,6.177578E-05
初号机（完全体）,4,0.03333334,5.933334,-0.1646047,-0.4370518,1.556018,3.594023,-6.93338,15.68221,6.177578E-05
初号机（完全体）,4,0.03333334,5.966667,-0.4134649,-0.2740704,1.543149,3.594023,-10.41699,18.22136,6.177578E-05
初号机（完全体）,4,0.03333334,6,-0.5695224,-0.1718666,1.535079,3.594023,-12.6015,19.79185,6.177578E-05
初号机（完全体）,4,0.03333334,6.033334,-0.6673844,0.02642007,1.538741,3.594023,-13.97141,20.76706,6.177578E-05
初号机（完全体）,4,0.03333334,6.066667,-0.5583445,0.3601839,1.55465,3.594023,-12.44504,19.67997,6.177578E-05
初号机（完全体）,4,0.03333334,6.1,-0.1084712,0.5526806,1.563534,3.594023,-6.147614,15.10421,6.177578E-05
初号机（完全体）,4,0.03333334,6.133334,0.3042707,0.4545536,1.554881,3.594023,-0.3699646,10.80523,6.177578E-05
初号机（完全体）,4,0.03333334,6.166667,0.5630966,0.2850456,1.542436,3.594023,3.253146,8.074306,6.177578E-05
初号机（完全体）,4,0.03333334,6.2,0.7254035,0.04455328,1.543355,3.594023,5.525155,6.351788,6.177578E-05
初号机（完全体）,4,0.03333334,6.233334,0.6567762,-0.3156773,1.557543,3.594023,4.564496,7.080902,6.177578E-05
初号机（完全体）,4,0.03333334,6.266667,0.2322453,-0.524771,1.565348,3.594023,-1.378204,11.56094,6.177578E-05
初号机（完全体）,4,0.03333334,6.3,-0.1646047,-0.4370518,1.556018,3.594023,-6.93338,15.68221,6.177578E-05
初号机（完全体）,4,0.03333334,6.333333,-0.4134649,-0.2740704,1.543149,3.594023,-10.41699,18.22136,6.177578E-05
初号机（完全体）,4,0.03333334,6.366667,-0.5695224,-0.1718666,1.535079,3.594023,-12.6015,19.79185,6.177578E-05
初号机（完全体）,4,0.03333334,6.400001,-0.6673844,0.02642007,1.538741,3.594023,-13.97141,20.76706,6.177578E-05
初号机（完全体）,4,0.03333334,6.433334,-0.5583445,0.3601839,1.55465,3.594023,-12.44504,19.67997,6.177578E-05
初号机（完全体）,4,0.03333334,6.466667,-0.1084712,0.5526806,1.563534,3.594023,-6.147614,15.10421,6.177578E-05
初号机（完全体）,4,0.03333334,6.5,0.3042707,0.4545536,1.554881,3.594023,-0.3699646,10.80523,6.177578E-05
初号机（完全体）,4,0.03333334,6.533334,0.5630966,0.2850456,1.542436,3.594023,3.253146,8.074306,6.177578E-05
初号机（完全体）,4,0.03333334,6.566667,0.7254035,0.04455328,1.543355,3.594023,5.525155,6.351788,6.177578E-05
初号机（完全体）,4,0.03333334,6.6,0.6567762,-0.3156773,1.557543,3.594023,4.564497,7.080902,6.177578E-05
初号机（完全体）,4,0.03333334,6.633334,0.2322453,-0.524771,1.565348,3.594023,-1.378204,11.56094,6.177578E-05
初号机（完全体）,4,0.03333334,6.666667,-0.1646047,-0.4370518,1.556018,3.594023,-6.93338,15.68221,6.177578E-05
初号机（完全体）,4,0.03333334,6.7,-0.4134649,-0.2740704,1.543149,3.594023,-10.41699,18.22136,6.177578E-05
初号机（完全体）,4,0.03333334,6.733334,-0.5695224,-0.1718666,1.535079,3.594023,-12.6015,19.79185,6.177578E-05
初号机（完全体）,4,0.03333334,6.766667,-0.6673844,0.02642007,1.538741,3.594023,-13.97141,20.76706,6.177578E-05
初号机（完全体）,4,0.03333334,6.8,-0.5583445,0.3601839,1.55465,3.594023,-12.44504,19.67997,6.177578E-05
初号机（完全体）,4,0.03333334,6.833333,-0.1084712,0.5526806,1.563534,3.594023,-6.147614,15.10421,6.177578E-05
初号机（完全体）,4,0.03333334,6.866667,0.3042707,0.4545536,1.554881,3.594023,-0.3699646,10.80523,6.177578E-05
初号机（完全体）,4,0.03333334,6.900001,0.5630966,0.2850456,1.542436,3.594023,3.253146,8.074306,6.177578E-05
初号机（完全体）,4,0.03333334,6.933334,0.7254035,0.04455328,1.543355,3.594023,5.525155,6.351788,6.177578E-05
初号机（完全体）,4,0.03333334,6.966667,0.6567762,-0.3156773,1.557543,3.594023,4.564496,7.080902,6.177578E-05
初号机（完全体）,4,0.03333334,7,0.2322453,-0.524771,1.565348,3.594023,-1.378204,11.56094,6.177578E-05
初号机（完全体）,4,0.03333334,7.033334,-0.1646047,-0.4370518,1.556018,3.594023,-6.93338,15.68221,6.177578E-05
初号机（完全体）,4,0.03333334,7.066667,-0.4134649,-0.2740704,1.543149,3.594023,-10.41699,18.22136,6.177578E-05
初号机（完全体）,4,0.03333334,7.1,-0.5695224,-0.1718666,1.535079,3.594023,-12.6015,19.79185,6.177578E-05
初号机（完全体）,4,0.03333334,7.133334,-0.6673844,0.02642007,1.538741,3.594023,-13.97141,20.76706,6.177578E-05
初号机（完全体）,4,0.03333334,7.166667,-0.5583445,0.3601839,1.55465,3.594023,-12.44504,19.67997,6.177578E-05
初号机（完全体）,4,0.03333334,7.2,-0.1084712,0.5526806,1.563534,3.594023,-6.147614,15.10421,6.177578E-05
初号机（完全体）,4,0.03333334,7.233334,0.3042707,0.4545536,1.554881,3.594023,-0.3699646,10.80523,6.177578E-05
初号机（完全体）,4,0.03333334,7.266667,0.5630966,0.2850456,1.542436,3.594023,3.253145,8.074306,6.177578E-05
初号机（完全体）,4,0.03333334,7.3,0.7254035,0.04455328,1.543355,3.594023,5.525156,6.351788,6.177578E-05
初号机（完全体）,4,0.03333334,7.333333,0.6567762,-0.3156773,1.557543,3.594023,4.564496,7.080902,6.177578E-05
初号机（完全体）,4,0.03333334,7.366667,0.2322453,-0.524771,1.565348,3.594023,-1.378204,11.56094,6.177578E-05
初号机（完全体）,4,0.03333334,7.400001,-0.1646047,-0.4370518,1.556018,3.594023,-6.93338,15.68221,6.177578E-05
初号机（完全体）,4,0.03333334,7.433334,-0.4134649,-0.2740704,1.543149,3.594023,-10.41699,18.22136,6.177578E-05
初号机（完全体）,4,0.03333334,7.466667,-0.5695224,-0.1718666,1.535079,3.594023,-12.6015,19.79185,6.177578E-05
初号机（完全体）,4,0.03333334,7.5,-0.6673844,0.02642007,1.538741,3.594023,-13.97141,20.76706,6.177578E-05
初号机（完全体）,4,0.03333334,7.533334,-0.5583445,0.3601839,1.55465,3.594023,-12.44504,19.67997,6.177578E-05
初号机（完全体）,4,0.03333334,7.566667,-0.1084712,0.5526806,1.563534,3.594023,-6.147614,15.10421,6.177578E-05
初号机（完全体）,4,0.03333334,7.6,0.3042707,0.4545536,1.554881,3.594023,-0.3699646,10.80523,6.177578E-05
初号机（完全体）,4,0.03333334,7.633334,0.5630966,0.2850456,1.542436,3.594023,3.253147,8.074306,6.177578E-05
初号机（完全体）,4,0.03333334,7.666667,0.7254035,0.04455328,1.543355,3.594023,5.525155,6.351788,6.177578E-05
初号机（完全体）,4,0.03333334,7.7,0.6567762,-0.3156773,1.557543,3.594023,4.564496,7.080902,6.177578E-05
初号机（完全体）,4,0.03333334,7.733334,0.2322453,-0.524771,1.565348,3.594023,-1.378204,11.56094,6.177578E-05
初号机（完全体）,4,0.03333334,7.766667,-0.1646047,-0.4370518,1.556018,3.594023,-6.93338,15.68221,6.177578E-05
初号机（完全体）,4,0.03333334,7.8,-0.4134649,-0.2740704,1.543149,3.594023,-10.41699,18.22136,6.177578E-05
初号机（完全体）,4,0.03333334,7.833334,-0.5695224,-0.1718666,1.535079,3.594023,-12.6015,19.79185,6.177578E-05
初号机（完全体）,4,0.03333334,7.866667,-0.6673844,0.02642007,1.538741,3.594023,-13.97141,20.76706,6.177578E-05
初号机（完全体）,4,0.03333334,7.900001,-0.5583445,0.3601839,1.55465,3.594023,-12.44504,19.67997,6.177578E-05
初号机（完全体）,4,0.03333334,7.933334,-0.1084712,0.5526806,1.563534,3.594023,-6.147614,15.10421,6.177578E-05
初号机（完全体）,4,0.03333334,7.966667,0.3042707,0.4545536,1.554881,3.594023,-0.3699646,10.80523,6.177578E-05
初号机（完全体）,4,0.03333334,8,0.5630966,0.2850456,1.542436,3.594023,3.253146,8.074306,6.177578E-05
初号机（完全体）,4,0.03333334,8.033334,0.7254035,0.04455328,1.543355,3.594023,5.525155,6.351788,6.177578E-05
初号机（完全体）,4,0.03333334,8.066668,0.6567762,-0.3156773,1.557543,3.594023,4.564496,7.080902,6.177578E-05
初号机（完全体）,4,0.03333334,8.1,0.2322453,-0.524771,1.565348,3.594023,-1.378204,11.56094,6.177578E-05
初号机（完全体）,4,0.03333334,8.133334,-0.1646047,-0.4370518,1.556018,3.594023,-6.93338,15.68221,6.177578E-05
初号机（完全体）,4,0.03333334,8.166667,-0.4134649,-0.2740704,1.543149,3.594023,-10.41699,18.22136,6.177578E-05
初号机（完全体）,4,0.03333334,8.200001,-0.5695224,-0.1718666,1.535079,3.594023,-12.6015,19.79185,6.177578E-05
初号机（完全体）,4,0.03333334,8.233334,-0.6673844,0.02642007,1.538741,3.594023,-13.97141,20.76706,6.177578E-05
初号机（完全体）,4,0.03333334,8.266667,-0.5583445,0.3601839,1.55465,3.594023,-12.44504,19.67997,6.177578E-05
初号机（完全体）,4,0.03333334,8.3,-0.1084712,0.5526806,1.563534,3.594023,-6.147614,15.10421,6.177578E-05
初号机（完全体）,4,0.03333334,8.333334,0.3042707,0.4545536,1.554881,3.594023,-0.3699646,10.80523,6.177578E-05
初号机（完全体）,4,0.03333334,8.366667,0.5630966,0.2850456,1.542436,3.594023,3.253146,8.074306,6.177578E-05
初号机（完全体）,4,0.03333334,8.400001,0.7254035,0.04455328,1.543355,3.594023,5.525155,6.351788,6.177578E-05
初号机（完全体）,4,0.03333334,8.433333,0.6567762,-0.3156773,1.557543,3.594023,4.564496,7.080902,6.177578E-05
初号机（完全体）,4,0.03333334,8.466667,0.2322453,-0.524771,1.565348,3.594023,-1.378204,11.56094,6.177578E-05
初号机（完全体）,4,0.03333334,8.5,-0.1646047,-0.4370518,1.556018,3.594023,-6.93338,15.68221,6.177578E-05
初号机（完全体）,4,0.03333334,8.533334,-0.4134649,-0.2740704,1.543149,3.594023,-10.41699,18.22136,6.177578E-05
初号机（完全体）,4,0.03333334,8.566668,-0.5695224,-0.1718666,1.535079,3.594023,-12.6015,19.79185,6.177578E-05
初号机（完全体）,4,0.03333334,8.6,-0.6673844,0.02642007,1.538741,3.594023,-13.97141,20.76706,6.177578E-05
初号机（完全体）,4,0.03333334,8.633334,-0.5583445,0.3601839,1.55465,3.594023,-12.44504,19.67997,6.177578E-05
初号机（完全体）,4,0.03333334,8.666667,-0.1084712,0.5526806,1.563534,3.594023,-6.147614,15.10421,6.177578E-05
初号机（完全体）,4,0.03333334,8.700001,0.3042707,0.4545536,1.554881,3.594023,-0.3699646,10.80523,6.177578E-05
初号机（完全体）,4,0.03333334,8.733334,0.5630966,0.2850456,1.542436,3.594023,3.253146,8.074306,6.177578E-05
初号机（完全体）,4,0.03333334,8.766667,0.7254035,0.04455328,1.543355,3.594023,5.525155,6.351788,6.177578E-05
初号机（完全体）,4,0.03333334,8.8,0.6567762,-0.3156773,1.557543,3.594023,4.564496,7.080902,6.177578E-05
初号机（完全体）,4,0.03333334,8.833334,0.2322453,-0.524771,1.565348,3.594023,-1.378204,11.56094,6.177578E-05
初号机（完全体）,4,0.03333334,8.866667,-0.1646047,-0.4370518,1.556018,3.594023,-6.93338,15.68221,6.177578E-05
初号机（完全体）,4,0.03333334,8.900001,-0.4134649,-0.2740704,1.543149,3.594023,-10.41699,18.22136,6.177578E-05
初号机（完全体）,4,0.03333334,8.933333,-0.5695224,-0.1718666,1.535079,3.594023,-12.6015,19.79185,6.177578E-05
初号机（完全体）,4,0.03333334,8.966667,-0.6673844,0.02642007,1.538741,3.594023,-13.97141,20.76706,6.177578E-05
初号机（完全体）,4,0.03333334,9,-0.5583445,0.3601839,1.55465,3.594023,-12.44504,19.67997,6.177578E-05
初号机（完全体）,4,0.03333334,9.033334,-0.1084721,0.5526806,1.563534,3.593917,-6.147705,15.10417,6.177578E-05
初号机（完全体）,4,0.03333334,9.066668,0.3042701,0.4545536,1.554881,3.593886,-0.3700562,10.80517,6.247841E-05
初号机（完全体）,4,0.03333334,9.1,0.5630962,0.2850456,1.542436,3.593888,3.253051,8.074245,6.247841E-05
初号机（完全体）,4,0.03333334,9.133334,0.7254032,0.04455328,1.543355,3.5939,5.525073,6.351735,6.247841E-05
初号机（完全体）,4,0.03333334,9.166667,0.6567761,-0.3156773,1.557543,3.593916,4.564424,7.080856,6.247841E-05
初号机（完全体）,4,0.03333334,9.200001,0.2322451,-0.524771,1.565348,3.593929,-1.378265,11.56089,6.247841E-05
初号机（完全体）,4,0.03333334,9.233334,-0.1646038,-0.4370518,1.556018,3.593941,-6.933441,15.68216,6.247841E-05
初号机（完全体）,4,0.03333334,9.266667,-0.4134635,-0.2740704,1.543149,3.59395,-10.41702,18.22131,6.247841E-05
初号机（完全体）,4,0.03333334,9.3,-0.5695207,-0.1718666,1.535079,3.593956,-12.60153,19.7918,6.247841E-05
初号机（完全体）,4,0.03333334,9.333334,-0.6673825,0.02642007,1.538741,3.593961,-13.97141,20.76702,6.247841E-05
初号机（完全体）,4,0.03333334,9.366667,-0.5583442,0.3601839,1.55465,3.593965,-12.44507,19.67994,6.247841E-05
初号机（完全体）,4,0.03333334,9.400001,-0.1084754,0.5526806,1.563534,3.593967,-6.147705,15.10422,6.247841E-05
初号机（完全体）,4,0.03333334,9.433333,0.3042627,0.4545536,1.554881,3.593969,-0.3701172,10.80529,6.247841E-05
初号机（完全体）,4,0.03333334,9.466667,0.5630862,0.2850456,1.542436,3.59397,3.252965,8.074391,6.247841E-05
初号机（完全体）,4,0.03333334,9.500001,0.7253916,0.04455328,1.543355,3.59397,5.524956,6.351888,6.247841E-05
初号机（完全体）,4,0.03333334,9.533334,0.6567653,-0.3156773,1.557543,3.593971,4.56431,7.080995,6.247841E-05
初号机（完全体）,4,0.03333334,9.566668,0.2322402,-0.524771,1.565348,3.593971,-1.378296,11.56097,6.247841E-05
初号机（完全体）,4,0.03333334,9.6,-0.1646034,-0.4370518,1.556018,3.593971,-6.933411,15.68217,6.247841E-05
初号机（完全体）,4,0.03333334,9.633334,-0.4134597,-0.2740704,1.543149,3.593971,-10.41696,18.22128,6.247841E-05
初号机（完全体）,4,0.03333334,9.666667,-0.5695148,-0.1718666,1.535079,3.593971,-12.60144,19.79175,6.247841E-05
初号机（完全体）,4,0.03333334,9.700001,-0.6673751,0.02642007,1.538741,3.593971,-13.97131,20.76695,6.247841E-05
初号机（完全体）,4,0.03333334,9.733334,-0.558336,0.3601839,1.55465,3.593971,-12.44495,19.67986,6.247841E-05
初号机（完全体）,4,0.03333334,9.766667,-0.1084685,0.5526806,1.563534,3.593971,-6.147614,15.10415,6.247841E-05
初号机（完全体）,4,0.03333334,9.8,0.304267,0.4545536,1.554881,3.593971,-0.3700562,10.80525,6.247841E-05
初号机（完全体）,4,0.03333334,9.833334,0.563089,0.2850456,1.542436,3.593971,3.253004,8.074362,6.247841E-05
初号机（完全体）,4,0.03333334,9.866667,0.7253934,0.04455328,1.543355,3.593971,5.52498,6.351874,6.247841E-05
初号机（完全体）,4,0.03333334,9.900001,0.6567664,-0.3156773,1.557543,3.593971,4.564323,7.080983,6.247841E-05
初号机（完全体）,4,0.03333334,9.933333,0.2322408,-0.524771,1.565348,3.593971,-1.378296,11.56096,6.247841E-05
初号机（完全体）,4,0.03333334,9.966667,-0.164603,-0.4370518,1.556018,3.593971,-6.933411,15.68216,6.247841E-05
初号机（完全体）,4,0.01666667,0,-3.160697E-19,-1.924666E-19,1.661509,-3.94826E-18,-6.965027,12.36129,8.643958E-07
初号机（完全体）,4,0.01666667,0.01666667,-2.502923E-19,-1.524123E-19,1.661509,0.06568072,-6.922363,12.39102,1.591444E-05
初号机（完全体）,4,0.01666667,0.03333334,-1.982038E-19,-1.206937E-19,1.661509,0.13985,-6.874146,12.42458,1.591444E-05
初号机（完全体）,4,0.01666667,0.05,-1.569556E-19,-9.557609E-20,1.661509,0.217528,-6.823669,12.45973,1.591444E-05
初号机（完全体）,4,0.01666667,0.06666667,-1.242915E-19,-7.568571E-20,1.661509,0.2954129,-6.773041,12.49497,3.297351E-05
初号机（完全体）,4,0.01666667,0.08333334,8.75353E-05,0.01017702,1.650504,0.3714032,-6.722443,12.52843,3.297351E-05
初号机（完全体）,4,0.01666667,0.1,0.001057932,0.03407288,1.650197,0.4442457,-6.661499,12.55124,3.303023E-05
初号机（完全体）,4,0.01666667,0.1166667,0.004306163,0.0729235,1.648073,0.5132763,-6.571167,12.54856,3.303023E-05
初号机（完全体）,4,0.01666667,0.1333333,0.01136198,0.1250257,1.64225,0.5782319,-6.430176,12.50429,3.452882E-05
初号机（完全体）,4,0.01666667,0.15,0.02352181,0.1857193,1.632093,0.6391145,-6.220398,12.40488,3.452882E-05
初号机（完全体）,4,0.01666667,0.1666667,0.0415572,0.2479867,1.619096,0.696094,-5.930908,12.24226,3.452882E-05
初号机（完全体）,4,0.01666667,0.1833333,0.06548402,0.303575,1.605751,0.7494391,-5.56131,12.01628,3.452882E-05
初号机（完全体）,4,0.01666667,0.2,0.09437966,0.3444531,1.593303,0.7994707,-5.124298,11.73657,3.452882E-05
初号机（完全体）,4,0.01666667,0.2166667,0.1262382,0.364362,1.581164,0.8465288,-4.647766,11.42416,3.452882E-05
初号机（完全体）,4,0.01666667,0.2333333,0.1580642,0.3601896,1.568399,0.8909516,-4.17337,11.11052,3.452882E-05
初号机（完全体）,4,0.01666667,0.25,0.1890766,0.3329224,1.554815,0.933062,-3.711884,10.80403,3.452882E-05
初号机（完全体）,4,0.01666667,0.2666667,0.2194448,0.287982,1.540228,0.9731598,-3.260712,10.50308,3.452882E-05
初号机（完全体）,4,0.01666667,0.2833334,0.243493,0.2343253,1.53674,1.011518,-2.89917,10.26755,3.452882E-05
初号机（完全体）,4,0.01666667,0.3,0.2625366,0.1855597,1.53357,1.04838,-2.608643,10.08387,3.452882E-05
初号机（完全体）,4,0.01666667,0.3166667,0.277617,0.1395109,1.531543,1.083963,-2.37439,9.941253,3.452882E-05
初号机（完全体）,4,0.01666667,0.3333333,0.289559,0.08181141,1.531318,1.118455,-2.184814,9.831156,3.452882E-05
初号机（完全体）,4,0.01666667,0.35,0.2990157,0.004116798,1.53322,1.15202,-2.03064,9.746804,3.452882E-05
初号机（完全体）,4,0.01666667,0.3666667,0.306501,-0.0956092,1.53721,1.184801,-1.904541,9.682858,3.452882E-05
初号机（完全体）,4,0.01666667,0.3833334,0.3095287,-0.2135224,1.5429,1.216918,-1.841278,9.665607,3.452882E-05
初号机（完全体）,4,0.01666667,0.4,0.3045443,-0.3410162,1.549623,1.248475,-1.890533,9.732584,3.452882E-05
初号机（完全体）,4,0.01666667,0.4166667,0.2901068,-0.4664011,1.556535,1.279559,-2.072449,9.898959,3.452882E-05
初号机（完全体）,4,0.01666667,0.4333334,0.2664491,-0.5769317,1.56274,1.310246,-2.383667,10.16216,3.452882E-05
初号机（完全体）,4,0.01666667,0.45,0.2351297,-0.6609094,1.567422,1.340597,-2.802368,10.50557,3.452882E-05
初号机（完全体）,4,0.01666667,0.4666667,0.1987568,-0.7095774,1.569971,1.370666,-3.291962,10.90154,3.468535E-05
初号机（完全体）,4,0.01666667,0.4833333,0.1607697,-0.7185487,1.570067,1.400496,-3.804352,11.31379,3.468535E-05
初号机（完全体）,4,0.01666667,0.5,0.125266,-0.6885728,1.567733,1.430125,-4.282074,11.69932,3.468535E-05
初号机（完全体）,4,0.01666667,0.5166667,0.09626982,-0.6255401,1.563331,1.459582,-4.668823,12.01615,3.468535E-05
初号机（完全体）,4,0.01666667,0.5333334,0.07330804,-0.5397282,1.557511,1.488895,-4.971191,12.26947,3.970359E-05
初号机（完全体）,4,0.01666667,0.55,0.05512485,-0.4444033,1.551123,1.518083,-5.206757,12.4726,3.970359E-05
初号机（完全体）,4,0.01666667,0.5666667,0.04072577,-0.3539809,1.545094,1.547167,-5.389404,12.63603,3.970359E-05
初号机（完全体）,4,0.01666667,0.5833334,0.02932329,-0.2803138,1.540186,1.576158,-5.530182,12.76807,3.970359E-05
初号机（完全体）,4,0.01666667,0.6,0.02029378,-0.2219775,1.536299,1.605069,-5.637787,12.87526,3.970359E-05
初号机（完全体）,4,0.01666667,0.6166667,0.01314341,-0.1671187,1.533784,1.633911,-5.719147,12.9628,3.970359E-05
初号机（完全体）,4,0.01666667,0.6333334,0.007481105,-0.0991301,1.533388,1.662691,-5.779694,13.03477,3.970359E-05
初号机（完全体）,4,0.01666667,0.65,0.002997185,-0.008947806,1.535437,1.691417,-5.823792,13.09443,3.970359E-05
初号机（完全体）,4,0.01666667,0.6666667,2.390088E-05,0.1045544,1.539795,1.720094,-5.846771,13.13833,3.970359E-05
初号机（完全体）,4,0.01666667,0.6833334,0.005646206,0.2352605,1.5459,1.748726,-5.749481,13.0927,3.970359E-05
初号机（完全体）,4,0.01666667,0.7,0.0253135,0.3715296,1.552863,1.777316,-5.455597,12.90074,3.970359E-05
初号机（完全体）,4,0.01666667,0.7166667,0.06060448,0.4986879,1.559629,1.80587,-4.943024,12.54558,3.970359E-05
初号机（完全体）,4,0.01666667,0.7333333,0.1100326,0.6019104,1.565151,1.83439,-4.232574,12.04207,3.970359E-05
初号机（完全体）,4,0.01666667,0.7500001,0.1696841,0.6690366,1.568574,1.862877,-3.379028,11.4304,3.970359E-05
初号机（完全体）,4,0.01666667,0.7666667,0.233723,0.69287,1.569379,1.891331,-2.464111,10.77124,3.970359E-05
初号机（完全体）,4,0.01666667,0.7833334,0.2947911,0.6725946,1.567471,1.919755,-1.59079,10.14184,3.970359E-05
初号机（完全体）,4,0.01666667,0.8000001,0.3451344,0.6140825,1.563201,1.948153,-0.8676147,9.624281,3.970359E-05
初号机（完全体）,4,0.01666667,0.8166667,0.3850007,0.5290531,1.557304,1.976522,-0.2911377,9.216546,3.970359E-05
初号机（完全体）,4,0.01666667,0.8333334,0.4165704,0.4332298,1.550783,2.004865,0.169213,8.896012,3.970359E-05
初号机（完全体）,4,0.01666667,0.85,0.4415701,0.3438074,1.544739,2.033181,0.5375682,8.644677,3.970359E-05
初号机（完全体）,4,0.01666667,0.8666667,0.4613671,0.2722575,1.539904,2.061472,0.8330773,8.448215,3.970359E-05
初号机（完全体）,4,0.01666667,0.8833334,0.4770442,0.205782,1.536714,2.089736,1.070898,8.295256,3.970359E-05
初号机（完全体）,4,0.01666667,0.9,0.4894587,0.125545,1.535981,2.117975,1.263033,8.176777,3.970359E-05
初号机（完全体）,4,0.01666667,0.9166667,0.4992896,0.02183707,1.538012,2.146191,1.418986,8.085613,3.970359E-05
初号机（完全体）,4,0.01666667,0.9333334,0.5032055,-0.1054522,1.542556,2.174382,1.492125,8.057074,3.970359E-05
初号机（完全体）,4,0.01666667,0.95,0.4827194,-0.2478891,1.548861,2.202546,1.223658,8.286928,3.970359E-05
初号机（完全体）,4,0.01666667,0.9666667,0.4275517,-0.3909395,1.55582,2.230689,0.4696994,8.883379,3.970359E-05
初号机（完全体）,4,0.01666667,0.9833334,0.3366231,-0.5173858,1.562187,2.258809,-0.7848816,9.855938,3.970359E-05
初号机（完全体）,4,0.01666667,1,0.2161395,-0.6111092,1.566812,2.286905,-2.453156,11.13588,3.970359E-05
初号机（完全体）,4,0.01666667,1.016667,0.07807608,-0.6605546,1.568865,2.314974,-4.367554,12.59347,3.970359E-05
初号机（完全体）,4,0.01666667,1.033333,-0.06102357,-0.6612456,1.56799,2.34302,-6.296478,14.05302,3.970359E-05
初号机（完全体）,4,0.01666667,1.05,-0.181115,-0.6168941,1.564378,2.371042,-7.959351,15.30672,3.970359E-05
初号机（完全体）,4,0.01666667,1.066667,-0.2762141,-0.5389104,1.558733,2.399044,-9.272369,16.29621,3.970359E-05
初号机（完全体）,4,0.01666667,1.083333,-0.3515221,-0.4444172,1.552134,2.427022,-10.30835,17.07832,3.970359E-05
初号机（完全体）,4,0.01666667,1.1,-0.4111578,-0.3531501,1.54584,2.454976,-11.12497,17.69754,3.970359E-05
初号机（完全体）,4,0.01666667,1.116667,-0.4583826,-0.2796559,1.540776,2.482903,-11.76788,18.18866,3.970359E-05
初号机（完全体）,4,0.01666667,1.133333,-0.4957794,-0.2214566,1.536767,2.510808,-12.27325,18.57893,3.970359E-05
初号机（完全体）,4,0.01666667,1.15,-0.5253936,-0.1643488,1.534308,2.538689,-12.66968,18.88975,3.970359E-05
初号机（完全体）,4,0.01666667,1.166667,-0.5488448,-0.08839884,1.534358,2.56655,-12.97983,19.1379,3.970359E-05
初号机（完全体）,4,0.01666667,1.183333,-0.5674155,0.0156699,1.537252,2.594389,-13.22168,19.3366,3.970359E-05
初号机（完全体）,4,0.01666667,1.2,-0.5726312,0.1458995,1.542653,2.622203,-13.27661,19.40105,3.970359E-05
初号机（完全体）,4,0.01666667,1.216667,-0.5400563,0.2906107,1.549632,2.649989,-12.80258,19.08588,3.970359E-05
初号机（完全体）,4,0.01666667,1.233333,-0.4594645,0.4317466,1.556885,2.677756,-11.6564,18.28505,3.970359E-05
初号机（完全体）,4,0.01666667,1.25,-0.3330082,0.5493863,1.563009,2.705497,-9.868195,17.01258,3.970359E-05
初号机（完全体）,4,0.01666667,1.266667,-0.1726426,0.6265101,1.566817,2.733219,-7.605347,15.3811,3.970359E-05
初号机（完全体）,4,0.01666667,1.283333,0.001914358,0.6530366,1.567587,2.760918,-5.14386,13.58775,3.970359E-05
初号机（完全体）,4,0.01666667,1.3,0.1647976,0.6283001,1.565224,2.788591,-2.845795,11.90172,3.970359E-05
初号机（完全体）,4,0.01666667,1.316667,0.2951843,0.5614625,1.560281,2.816244,-1.002655,10.54648,3.970359E-05
初号机（完全体）,4,0.01666667,1.333333,0.3984362,0.4697871,1.553848,2.843873,0.4606519,9.471455,3.970359E-05
初号机（完全体）,4,0.01666667,1.35,0.4802002,0.3751522,1.547322,2.871476,1.623144,8.620308,3.970359E-05
初号机（完全体）,4,0.01666667,1.366667,0.5449483,0.2970791,1.54195,2.899059,2.547431,7.947536,3.970359E-05
初号机（完全体）,4,0.01666667,1.383333,0.5962217,0.2231398,1.538483,2.926617,3.28308,7.416607,3.970359E-05
初号机（完全体）,4,0.01666667,1.4,0.6368245,0.1310663,1.537917,2.954156,3.869346,6.998345,3.970359E-05
初号机（完全体）,4,0.01666667,1.416667,0.6689775,0.01103035,1.540532,2.981665,4.337309,6.669487,6.279968E-05
初号机（完全体）,4,0.01666667,1.433333,0.6777449,-0.1337789,1.545836,3.009157,4.477904,6.58898,6.279968E-05
初号机（完全体）,4,0.01666667,1.45,0.6355518,-0.2892512,1.552689,3.036621,3.905125,7.0498,6.279968E-05
初号机（完全体）,4,0.01666667,1.466667,0.5337044,-0.4347131,1.559568,3.06407,2.49728,8.142377,6.279968E-05
初号机（完全体）,4,0.01666667,1.483333,0.3786616,-0.5485907,1.56493,3.091499,0.3447792,9.793171,6.279968E-05
初号机（完全体）,4,0.01666667,1.5,0.1888809,-0.6141054,1.567573,3.118888,-2.294006,11.79946,6.279968E-05
初号机（完全体）,4,0.01666667,1.516667,-0.007678004,-0.623713,1.566918,3.14627,-5.02771,13.86074,6.279968E-05
初号机（完全体）,4,0.01666667,1.533333,-0.1764574,-0.5812824,1.563147,3.173623,-7.372528,15.61676,6.279968E-05
初号机（完全体）,4,0.01666667,1.55,-0.3101121,-0.5015279,1.557161,3.200946,-9.225708,16.99802,6.279968E-05
初号机（完全体）,4,0.01666667,1.566667,-0.4159518,-0.4068485,1.550371,3.228252,-10.68951,18.08605,6.279968E-05
初号机（完全体）,4,0.01666667,1.583333,-0.4997652,-0.322179,1.544365,3.255537,-11.84503,18.94448,6.279968E-05
初号机（完全体）,4,0.01666667,1.6,-0.5661361,-0.2551302,1.539608,3.282796,-12.75638,19.62294,6.279968E-05
初号机（完全体）,4,0.01666667,1.616667,-0.6186945,-0.1887923,1.536702,3.310044,-13.4744,20.16014,6.279968E-05
初号机（完全体）,4,0.01666667,1.633333,-0.660315,-0.09990269,1.536764,3.337258,-14.03931,20.58633,6.279968E-05
初号机（完全体）,4,0.01666667,1.65,-0.6932239,0.02070595,1.540078,3.364453,-14.4823,20.92468,6.279968E-05
初号机（完全体）,4,0.01666667,1.666667,-0.6934218,0.1675111,1.546036,3.391625,-14.46741,20.93831,6.279968E-05
初号机（完全体）,4,0.01666667,1.683333,-0.6317043,0.323083,1.55331,3.418771,-13.58585,20.33679,6.279968E-05
初号机（完全体）,4,0.01666667,1.7,-0.5016192,0.4636114,1.560196,3.445903,-11.74725,19.04617,6.279968E-05
初号机（完全体）,4,0.01666667,1.716667,-0.3147309,0.5658295,1.56506,3.473001,-9.113556,17.16533,6.279968E-05
初号机（完全体）,4,0.01666667,1.733333,-0.09687161,0.61362,1.566757,3.500081,-6.046295,14.94253,6.279968E-05
初号机（完全体）,4,0.01666667,1.75,0.1148284,0.6026585,1.564929,3.527138,-3.065308,12.75803,6.279968E-05
初号机（完全体）,4,0.01666667,1.766667,0.2858536,0.5419436,1.560098,3.554182,-0.653656,10.98053,6.279968E-05
初号机（完全体）,4,0.01666667,1.783333,0.4212866,0.4518453,1.553542,3.581193,1.259717,9.56746,6.279968E-05
初号机（完全体）,4,0.01666667,1.8,0.5285346,0.3591897,1.546965,3.608186,2.778543,8.446699,6.279968E-05
初号机（完全体）,4,0.01666667,1.816667,0.6134632,0.2844386,1.541667,3.635155,3.984921,7.559392,6.279968E-05
初号机（完全体）,4,0.01666667,1.833333,0.6807172,0.2093879,1.538503,3.662098,4.943871,6.858005,6.279968E-05
初号机（完全体）,4,0.01666667,1.85,0.733975,0.1072202,1.538775,3.689014,5.706878,6.304416,6.279968E-05
初号机（完全体）,4,0.01666667,1.866667,0.7731017,-0.03027673,1.542668,3.715914,6.272068,5.900625,6.279968E-05
初号机（完全体）,4,0.01666667,1.883333,0.7576674,-0.192359,1.54921,3.742793,6.073483,6.077227,6.279968E-05
初号机（完全体）,4,0.01666667,1.9,0.6611833,-0.3543055,1.556574,3.769648,4.74033,7.114907,6.279968E-05
初号机（完全体）,4,0.01666667,1.916667,0.4860789,-0.4863011,1.562649,3.79649,2.306619,8.981915,6.279968E-05
初号机（完全体）,4,0.01666667,1.933333,0.2576833,-0.5635923,1.565689,3.823298,-0.8731079,11.39845,6.279968E-05
初号机（完全体）,4,0.01666667,1.95,0.01946036,-0.5748769,1.564852,3.850086,-4.190399,13.89561,6.279968E-05
初号机（完全体）,4,0.01666667,1.966667,-0.1784594,-0.5264192,1.560459,3.876852,-6.943512,15.95044,6.279968E-05
初号机（完全体）,4,0.01666667,1.983333,-0.33519,-0.4406713,1.5539,3.903591,-9.120087,17.56348,6.279968E-05
初号机（完全体）,4,0.01666667,2,-0.4593033,-0.3498508,1.547217,3.930315,-10.84009,18.83145,6.279968E-05
初号机（完全体）,4,0.01666667,2.016667,-0.5575874,-0.2770432,1.541867,3.957005,-12.19855,19.8298,6.279968E-05
初号机（完全体）,4,0.01666667,2.033334,-0.6354175,-0.2193876,1.53763,3.983689,-13.27066,20.61729,6.279968E-05
初号机（完全体）,4,0.01666667,2.05,-0.6970504,-0.1542007,1.535545,4.010358,-14.11609,21.2396,6.279968E-05
初号机（完全体）,4,0.01666667,2.066667,-0.7458568,-0.05132088,1.537225,4.036979,-14.78198,21.73235,6.279968E-05
初号机（完全体）,4,0.01666667,2.083333,-0.7708276,0.093895,1.542699,4.063584,-15.11423,21.98911,6.279968E-05
初号机（完全体）,4,0.01666667,2.1,-0.7163702,0.2611947,1.550434,4.071853,-14.34656,21.4567,6.279968E-05
初号机（完全体）,4,0.01666667,2.116667,-0.5638431,0.4149067,1.557939,4.057326,-12.22092,19.9358,6.279968E-05
初号机（完全体）,4,0.01666667,2.133333,-0.3321358,0.5188139,1.562724,4.028964,-8.99585,17.58765,6.279968E-05
初号机（完全体）,4,0.01666667,2.15,-0.06985758,0.5509244,1.563252,3.993017,-5.347778,14.88417,6.279968E-05
初号机（完全体）,4,0.01666667,2.166667,0.152791,0.5126563,1.55953,3.953762,-2.256622,12.55485,6.279968E-05
初号机（完全体）,4,0.01666667,2.183333,0.329104,0.4290431,1.553117,3.914045,0.1856477,10.69,6.279968E-05
初号机（完全体）,4,0.01666667,2.2,0.4687245,0.3399193,1.54655,3.875688,2.115162,9.201481,6.279968E-05
初号机（完全体）,4,0.01666667,2.216667,0.5792885,0.2691786,1.541338,3.839789,3.639531,8.0156,6.279968E-05
初号机（完全体）,4,0.01666667,2.233333,0.6668429,0.1923242,1.538566,3.806941,4.843791,7.071983,6.279968E-05
初号机（完全体）,4,0.01666667,2.25,0.7361764,0.0773016,1.539891,3.777394,5.795134,6.321733,6.279968E-05
初号机（完全体）,4,0.01666667,2.266667,0.7756559,-0.07958263,1.545217,3.751168,6.330732,5.889702,6.279968E-05
初号机（完全体）,4,0.01666667,2.283334,0.7247232,-0.2549027,1.552756,3.728137,5.602797,6.420805,6.279968E-05
初号机（完全体）,4,0.01666667,2.3,0.5697326,-0.4096499,1.559759,3.708089,3.420172,8.056371,6.279968E-05
初号机（完全体）,4,0.01666667,2.316667,0.3368055,-0.506561,1.56364,3.690765,0.1483414,10.50731,6.279968E-05
初号机（完全体）,4,0.01666667,2.333333,0.08355422,-0.5263924,1.563013,3.675887,-3.406403,13.15104,6.279968E-05
初号机（完全体）,4,0.01666667,2.35,-0.1246628,-0.4766964,1.558266,3.66318,-6.329346,15.30199,6.279968E-05
初号机（完全体）,4,0.01666667,2.366667,-0.2895477,-0.3896445,1.551407,3.652375,-8.64444,16.98779,6.279968E-05
初号机（完全体）,4,0.01666667,2.383333,-0.4201183,-0.3085554,1.545184,3.643226,-10.47815,18.31025,6.279968E-05
初号机（完全体）,4,0.01666667,2.4,-0.5235158,-0.2443418,1.540257,3.635505,-11.93054,19.3488,6.279968E-05
初号机（完全体）,4,0.01666667,2.416667,-0.6053952,-0.1726563,1.53771,3.629013,-13.08093,20.16536,6.279968E-05
初号机（完全体）,4,0.01666667,2.433333,-0.6702346,-0.06172675,1.539213,3.623567,-13.9921,20.80806,6.279968E-05
初号机（完全体）,4,0.01666667,2.45,-0.703999,0.0919162,1.54468,3.619012,-14.46768,21.14062,6.279968E-05
初号机（完全体）,4,0.01666667,2.466667,-0.6527536,0.2646695,1.55233,3.61521,-13.75284,20.63089,6.279968E-05
初号机（完全体）,4,0.01666667,2.483333,-0.5033923,0.4173841,1.559423,3.612044,-11.66409,19.13641,6.279968E-05
初号机（完全体）,4,0.01666667,2.5,-0.280571,0.5126857,1.563373,3.609413,-8.546722,16.87718,6.279968E-05
初号机（完全体）,4,0.01666667,2.516667,-0.03884866,0.5312425,1.562802,3.60723,-5.164459,14.39079,6.279968E-05
初号机（完全体）,4,0.01666667,2.533334,0.1598456,0.4805371,1.558099,3.605421,-2.384247,12.32358,6.279968E-05
初号机（完全体）,4,0.01666667,2.55,0.3171895,0.392686,1.551274,3.603926,-0.1826782,10.67398,6.279968E-05
初号机（完全体）,4,0.01666667,2.566667,0.4417885,0.3109639,1.54508,3.60269,1.560678,9.360962,6.279968E-05
初号机（完全体）,4,0.01666667,2.583333,0.5404572,0.2254136,1.541529,3.601671,2.941204,8.317531,6.279968E-05
初号机（完全体）,4,0.01666667,2.6,0.6185918,0.1035047,1.542237,3.600831,4.034406,7.489225,6.279968E-05
初号机（完全体）,4,0.01666667,2.616667,0.6636933,-0.05883264,1.547075,3.600141,4.665298,7.010279,6.279968E-05
初号机（完全体）,4,0.01666667,2.633333,0.6250131,-0.238471,1.554227,3.599573,4.123475,7.420532,6.279968E-05
初号机（完全体）,4,0.01666667,2.65,0.4906063,-0.3966378,1.560925,3.599106,2.241713,8.843672,6.279968E-05
初号机（完全体）,4,0.01666667,2.666667,0.2844365,-0.4962569,1.564562,3.598723,-0.6445618,11.01568,6.279968E-05
初号机（完全体）,4,0.01666667,2.683333,0.05890304,-0.5182326,1.563744,3.598409,-3.801819,13.3726,6.279968E-05
初号机（完全体）,4,0.01666667,2.7,-0.1266366,-0.4702348,1.558845,3.598152,-6.399231,15.29329,6.279968E-05
初号机（完全体）,4,0.01666667,2.716667,-0.2735635,-0.3845276,1.551865,3.597942,-8.456085,16.80055,6.279968E-05
初号机（完全体）,4,0.01666667,2.733334,-0.3899134,-0.3045034,1.545547,3.59777,-10.08487,17.98446,6.279968E-05
初号机（完全体）,4,0.01666667,2.75,-0.4820497,-0.2411331,1.540545,3.597629,-11.37469,18.91537,6.279968E-05
初号机（完全体）,4,0.01666667,2.766667,-0.5550114,-0.1701153,1.537937,3.597514,-12.39612,19.64811,6.279968E-05
初号机（完全体）,4,0.01666667,2.783334,-0.612789,-0.05971457,1.539393,3.597421,-13.20496,20.22543,6.279968E-05
初号机（完全体）,4,0.01666667,2.8,-0.64177,0.09350961,1.544823,3.597344,-13.61069,20.514,6.279968E-05
初号机（完全体）,4,0.01666667,2.816667,-0.5903242,0.2659313,1.552444,3.597281,-12.89056,20.0012,6.279968E-05
初号机（完全体）,4,0.01666667,2.833333,-0.4458083,0.4183834,1.559512,3.59723,-10.86765,18.54972,6.279968E-05
初号机（完全体）,4,0.01666667,2.85,-0.2316333,0.513477,1.563444,3.597189,-7.869629,16.37138,6.279968E-05
初号机（完全体）,4,0.01666667,2.866667,0.0002393647,0.5318691,1.562858,3.597155,-4.62384,13.98129,6.279968E-05
初号机（完全体）,4,0.01666667,2.883333,0.190799,0.4810333,1.558143,3.597128,-1.95636,11.99625,6.279968E-05
初号机（完全体）,4,0.01666667,2.9,0.3417012,0.3930789,1.551309,3.597105,0.156,10.41312,6.279968E-05
初号机（完全体）,4,0.01666667,2.916667,0.461199,0.3112751,1.545107,3.597087,1.82875,9.153459,6.279968E-05
初号机（完全体）,4,0.01666667,2.933333,0.5558282,0.22566,1.541551,3.597073,3.153383,8.152684,6.279968E-05
初号机（完全体）,4,0.01666667,2.95,0.6307639,0.1036999,1.542255,3.59706,4.202344,7.358369,6.279968E-05
初号机（完全体）,4,0.01666667,2.966667,0.6733323,-0.05867813,1.547089,3.597051,4.798218,6.906499,6.279968E-05
初号机（完全体）,4,0.01666667,2.983334,0.6326461,-0.2383486,1.554238,3.597043,4.22868,7.33839,6.279968E-05
初号机（完全体）,4,0.01666667,3,0.4966508,-0.3965409,1.560933,3.597037,2.324981,8.778829,6.279968E-05
初号机（完全体）,4,0.01666667,3.016667,0.289223,-0.4961802,1.564569,3.597031,-0.5786438,10.96465,6.279968E-05
初号机（完全体）,4,0.01666667,3.033334,0.0626936,-0.5181719,1.563749,3.597027,-3.749664,13.33255,6.279968E-05
初号机（完全体）,4,0.01666667,3.05,-0.1236349,-0.4701867,1.558849,3.597023,-6.357941,15.26186,6.279968E-05
初号机（完全体）,4,0.01666667,3.066667,-0.2711865,-0.3844895,1.551868,3.59702,-8.423401,16.77586,6.279968E-05
初号机（完全体）,4,0.01666667,3.083333,-0.3880311,-0.3044733,1.54555,3.597018,-10.05902,17.96504,6.279968E-05
初号机（完全体）,4,0.01666667,3.1,-0.4805591,-0.2411092,1.540547,3.597016,-11.35425,18.90009,6.279968E-05
初号机（完全体）,4,0.01666667,3.116667,-0.553831,-0.1700964,1.537939,3.597014,-12.37991,19.63607,6.279968E-05
初号机（完全体）,4,0.01666667,3.133333,-0.6118543,-0.0596996,1.539395,3.597013,-13.19214,20.21594,6.279968E-05
初号机（完全体）,4,0.01666667,3.15,-0.64103,0.09352147,1.544824,3.597012,-13.60052,20.5065,6.279968E-05
初号机（完全体）,4,0.01666667,3.166667,-0.589738,0.2659407,1.552444,3.597012,-12.88254,19.99523,6.279968E-05
初号机（完全体）,4,0.01666667,3.183333,-0.4453439,0.4183908,1.559513,3.597011,-10.8613,18.54494,6.279968E-05
初号机（完全体）,4,0.01666667,3.2,-0.2312653,0.5134829,1.563445,3.597011,-7.864594,16.36753,6.279968E-05
初号机（完全体）,4,0.01666667,3.216667,0.0005309152,0.5318738,1.562859,3.59701,-4.619843,13.9782,6.279968E-05
初号机（完全体）,4,0.01666667,3.233334,0.1910301,0.481037,1.558144,3.59701,-1.953186,11.99378,6.279968E-05
初号机（完全体）,4,0.01666667,3.25,0.3418845,0.3930818,1.55131,3.59701,0.1585054,10.41114,6.279968E-05
初号机（完全体）,4,0.01666667,3.266667,0.4613444,0.3112774,1.545108,3.59701,1.830735,9.151888,6.279968E-05
初号机（完全体）,4,0.01666667,3.283334,0.5559435,0.2256618,1.541551,3.597009,3.154956,8.15143,6.279968E-05
初号机（完全体）,4,0.01666667,3.3,0.6308556,0.1037013,1.542255,3.597009,4.203594,7.357372,6.279968E-05
初号机（完全体）,4,0.01666667,3.316667,0.6734052,-0.05867698,1.547089,3.597009,4.799213,6.905706,6.279968E-05
初号机（完全体）,4,0.01666667,3.333333,0.632704,-0.2383477,1.554238,3.597009,4.229469,7.33776,6.279968E-05
初号机（完全体）,4,0.01666667,3.35,0.4966966,-0.3965402,1.560933,3.597009,2.325604,8.778329,6.279968E-05
初号机（完全体）,4,0.01666667,3.366667,0.2892593,-0.4961796,1.564569,3.597009,-0.5781555,10.96426,6.279968E-05
初号机（完全体）,4,0.01666667,3.383333,0.06272235,-0.5181715,1.563749,3.597009,-3.749268,13.33225,6.279968E-05
初号机（完全体）,4,0.01666667,3.4,-0.1236122,-0.4701863,1.558849,3.597009,-6.357635,15.26162,6.279968E-05
初号机（完全体）,4,0.01666667,3.416667,-0.2711685,-0.3844893,1.551868,3.597009,-8.423157,16.77567,6.279968E-05
初号机（完全体）,4,0.01666667,3.433333,-0.3880168,-0.304473,1.54555,3.597009,-10.05881,17.9649,6.279968E-05
初号机（完全体）,4,0.01666667,3.45,-0.4805478,-0.241109,1.540547,3.597009,-11.3541,18.89997,6.279968E-05
初号机（完全体）,4,0.01666667,3.466667,-0.5538221,-0.1700962,1.537939,3.597009,-12.37979,19.63598,6.279968E-05
初号机（完全体）,4,0.01666667,3.483334,-0.6118473,-0.05969949,1.539395,3.597009,-13.19205,20.21587,6.279968E-05
初号机（完全体）,4,0.01666667,3.5,-0.6410244,0.09352156,1.544824,3.597009,-13.60046,20.50644,6.279968E-05
初号机（完全体）,4,0.01666667,3.516667,-0.5897338,0.2659408,1.552444,3.597009,-12.88251,19.99519,6.279968E-05
初号机（完全体）,4,0.01666667,3.533334,-0.4453408,0.4183909,1.559513,3.597009,-10.86127,18.54491,6.279968E-05
初号机（完全体）,4,0.01666667,3.55,-0.2312631,0.5134829,1.563445,3.597009,-7.864563,16.36751,6.279968E-05
初号机（完全体）,4,0.01666667,3.566667,0.0005324135,0.5318738,1.562859,3.597009,-4.619812,13.97819,6.279968E-05
初号机（完全体）,4,0.01666667,3.583333,0.1910311,0.481037,1.558144,3.597009,-1.953186,11.99377,6.279968E-05
初号机（完全体）,4,0.01666667,3.6,0.341885,0.3930818,1.55131,3.597009,0.1585122,10.41114,6.279968E-05
初号机（完全体）,4,0.01666667,3.616667,0.4613446,0.3112774,1.545108,3.597009,1.830738,9.151887,6.279968E-05
初号机（完全体）,4,0.01666667,3.633333,0.5559434,0.2256618,1.541551,3.597009,3.154955,8.151432,6.279968E-05
初号机（完全体）,4,0.01666667,3.65,0.6308553,0.1037013,1.542255,3.597009,4.203589,7.357375,6.279968E-05
初号机（完全体）,4,0.01666667,3.666667,0.6734048,-0.05867698,1.547089,3.597009,4.799206,6.905711,6.279968E-05
初号机（完全体）,4,0.01666667,3.683334,0.6327037,-0.2383477,1.554238,3.597009,4.229464,7.337764,6.279968E-05
初号机（完全体）,4,0.01666667,3.7,0.4966964,-0.3965402,1.560933,3.597009,2.325601,8.778333,6.279968E-05
初号机（完全体）,4,0.01666667,3.716667,0.2892591,-0.4961796,1.564569,3.597009,-0.5781555,10.96426,6.279968E-05
初号机（完全体）,4,0.01666667,3.733334,0.06272218,-0.5181715,1.563749,3.597009,-3.749268,13.33225,6.279968E-05
初号机（完全体）,4,0.01666667,3.75,-0.1236123,-0.4701863,1.558849,3.597009,-6.357635,15.26162,6.279968E-05
初号机（完全体）,4,0.01666667,3.766667,-0.2711686,-0.3844893,1.551868,3.597009,-8.423157,16.77567,6.279968E-05
初号机（完全体）,4,0.01666667,3.783334,-0.3880169,-0.304473,1.54555,3.597009,-10.05884,17.9649,6.279968E-05
初号机（完全体）,4,0.01666667,3.8,-0.4805478,-0.241109,1.540547,3.597009,-11.3541,18.89997,6.279968E-05
初号机（完全体）,4,0.01666667,3.816667,-0.5538222,-0.1700962,1.537939,3.597009,-12.37979,19.63598,6.279968E-05
初号机（完全体）,4,0.01666667,3.833333,-0.6118473,-0.05969949,1.539395,3.597009,-13.19205,20.21587,6.279968E-05
初号机（完全体）,4,0.01666667,3.85,-0.6410244,0.09352156,1.544824,3.597009,-13.60046,20.50644,6.279968E-05
初号机（完全体）,4,0.01666667,3.866667,-0.5897338,0.2659408,1.552444,3.597009,-12.88251,19.99519,6.279968E-05
初号机（完全体）,4,0.01666667,3.883333,-0.4453408,0.4183909,1.559513,3.597009,-10.86127,18.54491,6.279968E-05
初号机（完全体）,4,0.01666667,3.9,-0.2312631,0.5134829,1.563445,3.597009,-7.864563,16.36751,6.279968E-05
初号机（完全体）,4,0.01666667,3.916667,0.0005324135,0.5318738,1.562859,3.597009,-4.619812,13.97819,6.279968E-05
初号机（完全体）,4,0.01666667,3.933334,0.1910311,0.481037,1.558144,3.597009,-1.953186,11.99377,6.279968E-05
初号机（完全体）,4,0.01666667,3.95,0.341885,0.3930818,1.55131,3.597009,0.1585118,10.41114,6.279968E-05
初号机（完全体）,4,0.01666667,3.966667,0.4613446,0.3112774,1.545108,3.597009,1.830738,9.151887,6.279968E-05
初号机（完全体）,4,0.01666667,3.983334,0.5559434,0.2256618,1.541551,3.597009,3.154955,8.151432,6.279968E-05
初号机（完全体）,4,0.01666667,4,0.6308553,0.1037013,1.542255,3.597009,4.203589,7.357375,6.279968E-05
初号机（完全体）,4,0.01666667,4.016667,0.6734048,-0.05867698,1.547089,3.597009,4.799206,6.905711,6.279968E-05
初号机（完全体）,4,0.01666667,4.033334,0.6327037,-0.2383477,1.554238,3.597009,4.229464,7.337764,6.279968E-05
初号机（完全体）,4,0.01666667,4.05,0.4966964,-0.3965402,1.560933,3.597009,2.325601,8.778333,6.279968E-05
初号机（完全体）,4,0.01666667,4.066667,0.2892591,-0.4961796,1.564569,3.597009,-0.5781555,10.96426,6.279968E-05
初号机（完全体）,4,0.01666667,4.083333,0.06272218,-0.5181715,1.563749,3.597009,-3.749268,13.33225,6.279968E-05
初号机（完全体）,4,0.01666667,4.1,-0.1236123,-0.4701863,1.558849,3.597009,-6.357635,15.26162,6.279968E-05
初号机（完全体）,4,0.01666667,4.116667,-0.2711686,-0.3844893,1.551868,3.597009,-8.423157,16.77567,6.279968E-05
初号机（完全体）,4,0.01666667,4.133334,-0.3880169,-0.304473,1.54555,3.597009,-10.05884,17.9649,6.279968E-05
初号机（完全体）,4,0.01666667,4.15,-0.4805478,-0.241109,1.540547,3.597009,-11.3541,18.89997,6.279968E-05
初号机（完全体）,4,0.01666667,4.166667,-0.5538222,-0.1700962,1.537939,3.597009,-12.37979,19.63598,6.279968E-05
初号机（完全体）,4,0.01666667,4.183333,-0.6118473,-0.05969949,1.539395,3.597009,-13.19205,20.21587,6.279968E-05
初号机（完全体）,4,0.01666667,4.2,-0.6410244,0.09352156,1.544824,3.597009,-13.60046,20.50644,6.279968E-05
初号机（完全体）,4,0.01666667,4.216667,-0.5897338,0.2659408,1.552444,3.597009,-12.88251,19.99519,6.279968E-05
初号机（完全体）,4,0.01666667,4.233334,-0.4453408,0.4183909,1.559513,3.597009,-10.86127,18.54491,6.279968E-05
初号机（完全体）,4,0.01666667,4.25,-0.2312631,0.5134829,1.563445,3.597009,-7.864563,16.36751,6.279968E-05
初号机（完全体）,4,0.01666667,4.266667,0.0005324135,0.5318738,1.562859,3.597009,-4.619812,13.97819,6.279968E-05
初号机（完全体）,4,0.01666667,4.283334,0.1910311,0.481037,1.558144,3.597009,-1.953186,11.99377,6.279968E-05
初号机（完全体）,4,0.01666667,4.3,0.341885,0.3930818,1.55131,3.597009,0.1585118,10.41114,6.279968E-05
初号机（完全体）,4,0.01666667,4.316667,0.4613446,0.3112774,1.545108,3.597009,1.830738,9.151887,6.279968E-05
初号机（完全体）,4,0.01666667,4.333333,0.5559434,0.2256618,1.541551,3.597009,3.154955,8.151432,6.279968E-05
初号机（完全体）,4,0.01666667,4.35,0.6308553,0.1037013,1.542255,3.597009,4.203589,7.357375,6.279968E-05
初号机（完全体）,4,0.01666667,4.366667,0.6734048,-0.05867698,1.547089,3.597009,4.799206,6.905711,6.279968E-05
初号机（完全体）,4,0.01666667,4.383334,0.6327037,-0.2383477,1.554238,3.597009,4.229464,7.337764,6.279968E-05
初号机（完全体）,4,0.01666667,4.4,0.4966964,-0.3965402,1.560933,3.597009,2.325601,8.778333,6.279968E-05
初号机（完全体）,4,0.01666667,4.416667,0.2892591,-0.4961796,1.564569,3.597009,-0.5781555,10.96426,6.279968E-05
初号机（完全体）,4,0.01666667,4.433333,0.06272218,-0.5181715,1.563749,3.597009,-3.749268,13.33225,6.279968E-05
初号机（完全体）,4,0.01666667,4.45,-0.1236123,-0.4701863,1.558849,3.597009,-6.357635,15.26162,6.279968E-05
初号机（完全体）,4,0.01666667,4.466667,-0.2711686,-0.3844893,1.551868,3.597009,-8.423157,16.77567,6.279968E-05
初号机（完全体）,4,0.01666667,4.483334,-0.3880169,-0.304473,1.54555,3.597009,-10.05884,17.9649,6.279968E-05
初号机（完全体）,4,0.01666667,4.5,-0.4805478,-0.241109,1.540547,3.597009,-11.3541,18.89997,6.279968E-05
初号机（完全体）,4,0.01666667,4.516667,-0.5538222,-0.1700962,1.537939,3.597009,-12.37979,19.63598,6.279968E-05
初号机（完全体）,4,0.01666667,4.533334,-0.6118473,-0.05969949,1.539395,3.597009,-13.19205,20.21587,6.279968E-05
初号机（完全体）,4,0.01666667,4.55,-0.6410244,0.09352156,1.544824,3.597009,-13.60046,20.50644,6.279968E-05
初号机（完全体）,4,0.01666667,4.566667,-0.5897338,0.2659408,1.552444,3.597009,-12.88251,19.99519,6.279968E-05
初号机（完全体）,4,0.01666667,4.583333,-0.4453408,0.4183909,1.559513,3.597009,-10.86127,18.54491,6.279968E-05
初号机（完全体）,4,0.01666667,4.6,-0.2312631,0.5134829,1.563445,3.597009,-7.864563,16.36751,6.279968E-05
初号机（完全体）,4,0.01666667,4.616667,0.0005324135,0.5318738,1.562859,3.597009,-4.619812,13.97819,6.279968E-05
初号机（完全体）,4,0.01666667,4.633334,0.1910311,0.481037,1.558144,3.597009,-1.953186,11.99377,6.279968E-05
初号机（完全体）,4,0.01666667,4.65,0.341885,0.3930818,1.55131,3.597009,0.1585118,10.41114,6.279968E-05
初号机（完全体）,4,0.01666667,4.666667,0.4613446,0.3112774,1.545108,3.597009,1.830738,9.151887,6.279968E-05
初号机（完全体）,4,0.01666667,4.683333,0.5559434,0.2256618,1.541551,3.597009,3.154955,8.151432,6.279968E-05
初号机（完全体）,4,0.01666667,4.7,0.6308553,0.1037013,1.542255,3.597009,4.203589,7.357375,6.279968E-05
初号机（完全体）,4,0.01666667,4.716667,0.6734048,-0.05867698,1.547089,3.597009,4.799206,6.905711,6.279968E-05
初号机（完全体）,4,0.01666667,4.733334,0.6327037,-0.2383477,1.554238,3.597009,4.229464,7.337764,6.279968E-05
初号机（完全体）,4,0.01666667,4.75,0.4966964,-0.3965402,1.560933,3.597009,2.325601,8.778333,6.279968E-05
初号机（完全体）,4,0.01666667,4.766667,0.2892591,-0.4961796,1.564569,3.597009,-0.5781555,10.96426,6.279968E-05
初号机（完全体）,4,0.01666667,4.783334,0.06272218,-0.5181715,1.563749,3.597009,-3.749268,13.33225,6.279968E-05
初号机（完全体）,4,0.01666667,4.8,-0.1236123,-0.4701863,1.558849,3.597009,-6.357635,15.26162,6.279968E-05
初号机（完全体）,4,0.01666667,4.816667,-0.2711686,-0.3844893,1.551868,3.597009,-8.423157,16.77567,6.279968E-05
初号机（完全体）,4,0.01666667,4.833333,-0.3880169,-0.304473,1.54555,3.597009,-10.05884,17.9649,6.279968E-05
初号机（完全体）,4,0.01666667,4.85,-0.4805478,-0.241109,1.540547,3.597009,-11.3541,18.89997,6.279968E-05
初号机（完全体）,4,0.01666667,4.866667,-0.5538222,-0.1700962,1.537939,3.597009,-12.37979,19.63598,6.279968E-05
初号机（完全体）,4,0.01666667,4.883334,-0.6118473,-0.05969949,1.539395,3.597009,-13.19205,20.21587,6.279968E-05
初号机（完全体）,4,0.01666667,4.9,-0.6410244,0.09352156,1.544824,3.597009,-13.60046,20.50644,6.279968E-05
初号机（完全体）,4,0.01666667,4.916667,-0.5897338,0.2659408,1.552444,3.597009,-12.88251,19.99519,6.279968E-05
初号机（完全体）,4,0.01666667,4.933333,-0.4453408,0.4183909,1.559513,3.597009,-10.86127,18.54491,6.279968E-05
初号机（完全体）,4,0.01666667,4.95,-0.2312633,0.5134829,1.563445,3.597009,-7.864563,16.36751,6.279968E-05
初号机（完全体）,4,0.01666667,4.966667,0.0005322129,0.5318738,1.562859,3.597009,-4.619843,13.97819,6.279968E-05
初号机（完全体）,4,0.01666667,4.983334,0.1910307,0.481037,1.558144,3.597009,-1.953186,11.99377,6.279968E-05
初号机（完全体）,4,0.01666667,5,0.3418844,0.3930818,1.55131,3.597009,0.1585032,10.41115,6.279968E-05
初号机（完全体）,4,0.01666667,5.016667,0.4613439,0.3112774,1.545108,3.597009,1.830727,9.151895,6.279968E-05
初号机（完全体）,4,0.01666667,5.033334,0.5559426,0.2256618,1.541551,3.596953,3.154907,8.151415,6.279968E-05
初号机（完全体）,4,0.01666667,5.05,0.6308543,0.1037013,1.542255,3.596918,4.203516,7.357344,6.279968E-05
初号机（完全体）,4,0.01666667,5.066667,0.6734037,-0.05867698,1.547089,3.596898,4.799119,6.905669,6.279968E-05
初号机（完全体）,4,0.01666667,5.083333,0.6327026,-0.2383477,1.554238,3.596887,4.229368,7.337718,6.279968E-05
初号机（完全体）,4,0.01666667,5.1,0.4966955,-0.3965402,1.560933,3.596883,2.325506,8.778281,6.279968E-05
初号机（完全体）,4,0.01666667,5.116667,0.2892585,-0.4961796,1.564569,3.596883,-0.5782471,10.96421,6.279968E-05
初号机（完全体）,4,0.01666667,5.133334,0.06272139,-0.5181715,1.563749,3.596887,-3.749359,13.3322,6.279968E-05
初号机（完全体）,4,0.01666667,5.15,-0.1236129,-0.4701863,1.558849,3.596893,-6.357727,15.26157,6.279968E-05
初号机（完全体）,4,0.01666667,5.166667,-0.2711691,-0.3844893,1.551868,3.596899,-8.423248,16.77563,6.279968E-05
初号机（完全体）,4,0.01666667,5.183333,-0.3880173,-0.304473,1.54555,3.596905,-10.0589,17.96486,6.279968E-05
初号机（完全体）,4,0.01666667,5.2,-0.4805482,-0.241109,1.540547,3.596911,-11.35416,18.89993,6.279968E-05
初号机（完全体）,4,0.01666667,5.216667,-0.5538224,-0.1700962,1.537939,3.596917,-12.37985,19.63594,6.279968E-05
初号机（完全体）,4,0.01666667,5.233334,-0.6118475,-0.05969949,1.539395,3.596923,-13.19211,20.21583,6.279968E-05
初号机（完全体）,4,0.01666667,5.25,-0.6410248,0.09352156,1.544824,3.596927,-13.60052,20.5064,6.279968E-05
初号机（完全体）,4,0.01666667,5.266667,-0.5897346,0.2659408,1.552444,3.596932,-12.88257,19.99516,6.279968E-05
初号机（完全体）,4,0.01666667,5.283334,-0.4453427,0.4183909,1.559513,3.596935,-10.86133,18.54489,6.279968E-05
初号机（完全体）,4,0.01666667,5.3,-0.2312668,0.5134829,1.563445,3.596939,-7.864655,16.36751,6.279968E-05
初号机（完全体）,4,0.01666667,5.316667,0.0005269708,0.5318738,1.562859,3.596942,-4.619934,13.97821,6.279968E-05
初号机（完全体）,4,0.01666667,5.333333,0.191024,0.481037,1.558144,3.596944,-1.953308,11.99381,6.279968E-05
初号机（完全体）,4,0.01666667,5.35,0.3418767,0.3930818,1.55131,3.596946,0.1583546,10.4112,6.279968E-05
初号机（完全体）,4,0.01666667,5.366667,0.4613353,0.3112774,1.545108,3.596948,1.830567,9.151957,6.279968E-05
初号机（完全体）,4,0.01666667,5.383334,0.5559333,0.2256618,1.541551,3.59695,3.154774,8.15151,6.279968E-05
初号机（完全体）,4,0.01666667,5.4,0.6308445,0.1037013,1.542255,3.596951,4.203399,7.357464,6.279968E-05
初号机（完全体）,4,0.01666667,5.416667,0.6733937,-0.05867698,1.547089,3.596953,4.799015,6.905804,6.279968E-05
初号机（完全体）,4,0.01666667,5.433333,0.6326932,-0.2383477,1.554238,3.596954,4.22928,7.337848,6.279968E-05
初号机（完全体）,4,0.01666667,5.45,0.496688,-0.3965402,1.560933,3.596955,2.325448,8.778393,6.279968E-05
初号机（完全体）,4,0.01666667,5.466667,0.289254,-0.4961796,1.564569,3.596956,-0.5782776,10.96429,6.279968E-05
初号机（完全体）,4,0.01666667,5.483334,0.06272038,-0.5181715,1.563749,3.596956,-3.749329,13.33224,6.279968E-05
初号机（完全体）,4,0.01666667,5.5,-0.1236112,-0.4701863,1.558849,3.596957,-6.357635,15.26159,6.279968E-05
初号机（完全体）,4,0.01666667,5.516667,-0.2711653,-0.3844893,1.551868,3.596957,-8.423157,16.77561,6.279968E-05
初号机（完全体）,4,0.01666667,5.533334,-0.3880118,-0.304473,1.54555,3.596957,-10.05878,17.96482,6.279968E-05
初号机（完全体）,4,0.01666667,5.55,-0.4805413,-0.241109,1.540547,3.596957,-11.35403,18.89988,6.279968E-05
初号机（完全体）,4,0.01666667,5.566667,-0.5538145,-0.1700962,1.537939,3.596958,-12.37973,19.63588,6.279968E-05
初号机（完全体）,4,0.01666667,5.583333,-0.6118388,-0.05969949,1.539395,3.596958,-13.19196,20.21576,6.279968E-05
初号机（完全体）,4,0.01666667,5.6,-0.6410154,0.09352156,1.544824,3.596958,-13.60037,20.50633,6.279968E-05
初号机（完全体）,4,0.01666667,5.616667,-0.5897253,0.2659408,1.552444,3.596958,-12.88242,19.99508,6.279968E-05
初号机（完全体）,4,0.01666667,5.633334,-0.4453343,0.4183909,1.559513,3.596958,-10.86121,18.54482,6.279968E-05
初号机（完全体）,4,0.01666667,5.65,-0.2312597,0.5134829,1.563445,3.596958,-7.864532,16.36745,6.279968E-05
初号机（完全体）,4,0.01666667,5.666667,0.0005326348,0.5318738,1.562859,3.596958,-4.619843,13.97816,6.279968E-05
初号机（完全体）,4,0.01666667,5.683333,0.1910285,0.481037,1.558144,3.596958,-1.953247,11.99377,6.279968E-05
初号机（完全体）,4,0.01666667,5.7,0.3418802,0.3930818,1.55131,3.596958,0.1584117,10.41116,6.279968E-05
初号机（完全体）,4,0.01666667,5.716667,0.4613381,0.3112774,1.545108,3.596958,1.830612,9.151932,6.279968E-05
初号机（完全体）,4,0.01666667,5.733334,0.5559355,0.2256618,1.541551,3.596958,3.15481,8.151494,6.279968E-05
初号机（完全体）,4,0.01666667,5.75,0.6308463,0.1037013,1.542255,3.596958,4.203428,7.357448,6.279968E-05
初号机（完全体）,4,0.01666667,5.766667,0.6733951,-0.05867698,1.547089,3.596958,4.799037,6.905792,6.279968E-05
初号机（完全体）,4,0.01666667,5.783334,0.6326942,-0.2383477,1.554238,3.596958,4.229297,7.337841,6.279968E-05
初号机（完全体）,4,0.01666667,5.8,0.4966889,-0.3965402,1.560933,3.596958,2.325462,8.778386,6.279968E-05
初号机（完全体）,4,0.01666667,5.816667,0.2892547,-0.4961796,1.564569,3.596958,-0.5782471,10.96428,6.279968E-05
初号机（完全体）,4,0.01666667,5.833333,0.0627209,-0.5181715,1.563749,3.596958,-3.749329,13.33224,6.279968E-05
初号机（完全体）,4,0.01666667,5.85,-0.1236108,-0.4701863,1.558849,3.596958,-6.357635,15.26159,6.279968E-05
初号机（完全体）,4,0.01666667,5.866667,-0.271165,-0.3844893,1.551868,3.596958,-8.423126,16.77561,6.279968E-05
初号机（完全体）,4,0.01666667,5.883334,-0.3880115,-0.304473,1.54555,3.596958,-10.05878,17.96482,6.279968E-05
初号机（完全体）,4,0.01666667,5.9,-0.4805411,-0.241109,1.540547,3.596958,-11.35403,18.89988,6.279968E-05
初号机（完全体）,4,0.01666667,5.916667,-0.5538144,-0.1700962,1.537939,3.596958,-12.37973,19.63588,6.279968E-05
初号机（完全体）,4,0.01666667,5.933334,-0.6118386,-0.05969949,1.539395,3.596958,-13.19196,20.21576,6.279968E-05
初号机（完全体）,4,0.01666667,5.95,-0.6410153,0.09352156,1.544824,3.596958,-13.60037,20.50633,6.279968E-05
初号机（完全体）,4,0.01666667,5.966667,-0.5897251,0.2659408,1.552444,3.596958,-12.88242,19.99508,6.279968E-05
初号机（完全体）,4,0.01666667,5.983334,-0.4453342,0.4183909,1.559513,3.596958,-10.86121,18.54482,6.279968E-05
初号机（完全体）,4,0.01666667,6,-0.2312596,0.5134829,1.563445,3.596958,-7.864532,16.36745,6.279968E-05
初号机（完全体）,4,0.01666667,6.016667,0.0005326821,0.5318738,1.562859,3.596958,-4.619843,13.97816,6.279968E-05
初号机（完全体）,4,0.01666667,6.033334,0.1910286,0.481037,1.558144,3.596958,-1.953247,11.99377,6.279968E-05
初号机（完全体）,4,0.01666667,6.05,0.3418802,0.3930818,1.55131,3.596958,0.1584129,10.41116,6.279968E-05
初号机（完全体）,4,0.01666667,6.066667,0.4613381,0.3112774,1.545108,3.596958,1.830613,9.151931,6.279968E-05
初号机（完全体）,4,0.01666667,6.083333,0.5559356,0.2256618,1.541551,3.596958,3.154811,8.151493,6.279968E-05
初号机（完全体）,4,0.01666667,6.1,0.6308463,0.1037013,1.542255,3.596958,4.20343,7.357448,6.279968E-05
初号机（完全体）,4,0.01666667,6.116667,0.6733951,-0.05867698,1.547089,3.596958,4.799037,6.905792,6.279968E-05
初号机（完全体）,4,0.01666667,6.133334,0.6326942,-0.2383477,1.554238,3.596958,4.229297,7.337841,6.279968E-05
初号机（完全体）,4,0.01666667,6.15,0.4966889,-0.3965402,1.560933,3.596958,2.325462,8.778386,6.279968E-05
初号机（完全体）,4,0.01666667,6.166667,0.2892547,-0.4961796,1.564569,3.596958,-0.5782471,10.96428,6.279968E-05
初号机（完全体）,4,0.01666667,6.183334,0.0627209,-0.5181715,1.563749,3.596958,-3.749329,13.33224,6.279968E-05
初号机（完全体）,4,0.01666667,6.2,-0.1236108,-0.4701863,1.558849,3.596958,-6.357635,15.26159,6.279968E-05
初号机（完全体）,4,0.01666667,6.216667,-0.271165,-0.3844893,1.551868,3.596958,-8.423126,16.77561,6.279968E-05
初号机（完全体）,4,0.01666667,6.233334,-0.3880115,-0.304473,1.54555,3.596958,-10.05878,17.96482,6.279968E-05
初号机（完全体）,4,0.01666667,6.25,-0.4805411,-0.241109,1.540547,3.596958,-11.35403,18.89988,6.279968E-05
初号机（完全体）,4,0.01666667,6.266667,-0.5538144,-0.1700962,1.537939,3.596958,-12.37973,19.63588,6.279968E-05
初号机（完全体）,4,0.01666667,6.283334,-0.6118386,-0.05969949,1.539395,3.596958,-13.19196,20.21576,6.279968E-05
初号机（完全体）,4,0.01666667,6.3,-0.6410153,0.09352156,1.544824,3.596958,-13.60037,20.50633,6.279968E-05
初号机（完全体）,4,0.01666667,6.316667,-0.5897251,0.2659408,1.552444,3.596958,-12.88242,19.99508,6.279968E-05
初号机（完全体）,4,0.01666667,6.333333,-0.4453342,0.4183909,1.559513,3.596958,-10.86121,18.54482,6.279968E-05
初号机（完全体）,4,0.01666667,6.35,-0.2312596,0.5134829,1.563445,3.596958,-7.864532,16.36745,6.279968E-05
初号机（完全体）,4,0.01666667,6.366667,0.0005326821,0.5318738,1.562859,3.596958,-4.619843,13.97816,6.279968E-05
初号机（完全体）,4,0.01666667,6.383334,0.1910286,0.481037,1.558144,3.596958,-1.953247,11.99377,6.279968E-05
初号机（完全体）,4,0.01666667,6.400001,0.3418802,0.3930818,1.55131,3.596958,0.1584121,10.41116,6.279968E-05
初号机（完全体）,4,0.01666667,6.416667,0.4613381,0.3112774,1.545108,3.596958,1.830613,9.151931,6.279968E-05
初号机（完全体）,4,0.01666667,6.433334,0.5559356,0.2256618,1.541551,3.596958,3.154811,8.151493,6.279968E-05
初号机（完全体）,4,0.01666667,6.45,0.6308463,0.1037013,1.542255,3.596958,4.203429,7.357448,6.279968E-05
初号机（完全体）,4,0.01666667,6.466667,0.6733951,-0.05867698,1.547089,3.596958,4.799037,6.905792,6.279968E-05
初号机（完全体）,4,0.01666667,6.483334,0.6326942,-0.2383477,1.554238,3.596958,4.229297,7.337841,6.279968E-05
初号机（完全体）,4,0.01666667,6.5,0.4966889,-0.3965402,1.560933,3.596958,2.325462,8.778386,6.279968E-05
初号机（完全体）,4,0.01666667,6.516667,0.2892547,-0.4961796,1.564569,3.596958,-0.5782471,10.96428,6.279968E-05
初号机（完全体）,4,0.01666667,6.533334,0.0627209,-0.5181715,1.563749,3.596958,-3.749329,13.33224,6.279968E-05
初号机（完全体）,4,0.01666667,6.55,-0.1236108,-0.4701863,1.558849,3.596958,-6.357635,15.26159,6.279968E-05
初号机（完全体）,4,0.01666667,6.566667,-0.271165,-0.3844893,1.551868,3.596958,-8.423126,16.77561,6.279968E-05
初号机（完全体）,4,0.01666667,6.583333,-0.3880115,-0.304473,1.54555,3.596958,-10.05878,17.96482,6.279968E-05
初号机（完全体）,4,0.01666667,6.6,-0.4805411,-0.241109,1.540547,3.596958,-11.35403,18.89988,6.279968E-05
初号机（完全体）,4,0.01666667,6.616667,-0.5538144,-0.1700962,1.537939,3.596958,-12.37973,19.63588,6.279968E-05
初号机（完全体）,4,0.01666667,6.633334,-0.6118386,-0.05969949,1.539395,3.596958,-13.19196,20.21576,6.279968E-05
初号机（完全体）,4,0.01666667,6.650001,-0.6410153,0.09352156,1.544824,3.596958,-13.60037,20.50633,6.279968E-05
初号机（完全体）,4,0.01666667,6.666667,-0.5897251,0.2659408,1.552444,3.596958,-12.88242,19.99508,6.279968E-05
初号机（完全体）,4,0.01666667,6.683334,-0.4453342,0.4183909,1.559513,3.596958,-10.86121,18.54482,6.279968E-05
初号机（完全体）,4,0.01666667,6.7,-0.2312596,0.5134829,1.563445,3.596958,-7.864532,16.36745,6.279968E-05
初号机（完全体）,4,0.01666667,6.716667,0.0005326821,0.5318738,1.562859,3.596958,-4.619843,13.97816,6.279968E-05
初号机（完全体）,4,0.01666667,6.733334,0.1910286,0.481037,1.558144,3.596958,-1.953247,11.99377,6.279968E-05
初号机（完全体）,4,0.01666667,6.75,0.3418802,0.3930818,1.55131,3.596958,0.1584121,10.41116,6.279968E-05
初号机（完全体）,4,0.01666667,6.766667,0.4613381,0.3112774,1.545108,3.596958,1.830613,9.151931,6.279968E-05
初号机（完全体）,4,0.01666667,6.783334,0.5559356,0.2256618,1.541551,3.596958,3.154811,8.151493,6.279968E-05
初号机（完全体）,4,0.01666667,6.8,0.6308463,0.1037013,1.542255,3.596958,4.203429,7.357448,6.279968E-05
初号机（完全体）,4,0.01666667,6.816667,0.6733951,-0.05867698,1.547089,3.596958,4.799037,6.905792,6.279968E-05
初号机（完全体）,4,0.01666667,6.833333,0.6326942,-0.2383477,1.554238,3.596958,4.229297,7.337841,6.279968E-05
初号机（完全体）,4,0.01666667,6.85,0.4966889,-0.3965402,1.560933,3.596958,2.325462,8.778386,6.279968E-05
初号机（完全体）,4,0.01666667,6.866667,0.2892547,-0.4961796,1.564569,3.596958,-0.5782471,10.96428,6.279968E-05
初号机（完全体）,4,0.01666667,6.883334,0.0627209,-0.5181715,1.563749,3.596958,-3.749329,13.33224,6.279968E-05
初号机（完全体）,4,0.01666667,6.900001,-0.1236108,-0.4701863,1.558849,3.596958,-6.357635,15.26159,6.279968E-05
初号机（完全体）,4,0.01666667,6.916667,-0.271165,-0.3844893,1.551868,3.596958,-8.423126,16.77561,6.279968E-05
初号机（完全体）,4,0.01666667,6.933334,-0.3880115,-0.304473,1.54555,3.596958,-10.05878,17.96482,6.279968E-05
初号机（完全体）,4,0.01666667,6.95,-0.4805411,-0.241109,1.540547,3.596958,-11.35403,18.89988,6.279968E-05
初号机（完全体）,4,0.01666667,6.966667,-0.5538144,-0.1700962,1.537939,3.596958,-12.37973,19.63588,6.279968E-05
初号机（完全体）,4,0.01666667,6.983334,-0.6118386,-0.05969949,1.539395,3.596958,-13.19196,20.21576,6.279968E-05
初号机（完全体）,4,0.01666667,7,-0.6410153,0.09352156,1.544824,3.596958,-13.60037,20.50633,6.279968E-05
初号机（完全体）,4,0.01666667,7.016667,-0.5897251,0.2659408,1.552444,3.596958,-12.88242,19.99508,6.279968E-05
初号机（完全体）,4,0.01666667,7.033334,-0.4453342,0.4183909,1.559513,3.596958,-10.86121,18.54482,6.279968E-05
初号机（完全体）,4,0.01666667,7.05,-0.2312596,0.5134829,1.563445,3.596958,-7.864532,16.36745,6.279968E-05
初号机（完全体）,4,0.01666667,7.066667,0.0005326821,0.5318738,1.562859,3.596958,-4.619843,13.97816,6.279968E-05
初号机（完全体）,4,0.01666667,7.083333,0.1910286,0.481037,1.558144,3.596958,-1.953247,11.99377,6.279968E-05
初号机（完全体）,4,0.01666667,7.1,0.3418802,0.3930818,1.55131,3.596958,0.1584121,10.41116,6.279968E-05
初号机（完全体）,4,0.01666667,7.116667,0.4613381,0.3112774,1.545108,3.596958,1.830613,9.151931,6.279968E-05
初号机（完全体）,4,0.01666667,7.133334,0.5559356,0.2256618,1.541551,3.596958,3.154811,8.151493,6.279968E-05
初号机（完全体）,4,0.01666667,7.150001,0.6308463,0.1037013,1.542255,3.596958,4.203429,7.357448,6.279968E-05
初号机（完全体）,4,0.01666667,7.166667,0.6733951,-0.05867698,1.547089,3.596958,4.799037,6.905792,6.279968E-05
初号机（完全体）,4,0.01666667,7.183334,0.6326942,-0.2383477,1.554238,3.596958,4.229297,7.337841,6.279968E-05
初号机（完全体）,4,0.01666667,7.2,0.4966889,-0.3965402,1.560933,3.596958,2.325462,8.778386,6.279968E-05
初号机（完全体）,4,0.01666667,7.216667,0.2892547,-0.4961796,1.564569,3.596958,-0.5782471,10.96428,6.279968E-05
初号机（完全体）,4,0.01666667,7.233334,0.0627209,-0.5181715,1.563749,3.596958,-3.749329,13.33224,6.279968E-05
初号机（完全体）,4,0.01666667,7.25,-0.1236108,-0.4701863,1.558849,3.596958,-6.357635,15.26159,6.279968E-05
初号机（完全体）,4,0.01666667,7.266667,-0.271165,-0.3844893,1.551868,3.596958,-8.423126,16.77561,6.279968E-05
初号机（完全体）,4,0.01666667,7.283334,-0.3880115,-0.304473,1.54555,3.596958,-10.05878,17.96482,6.279968E-05
初号机（完全体）,4,0.01666667,7.3,-0.4805411,-0.241109,1.540547,3.596958,-11.35403,18.89988,6.279968E-05
初号机（完全体）,4,0.01666667,7.316667,-0.5538144,-0.1700962,1.537939,3.596958,-12.37973,19.63588,6.279968E-05
初号机（完全体）,4,0.01666667,7.333333,-0.6118386,-0.05969949,1.539395,3.596958,-13.19196,20.21576,6.279968E-05
初号机（完全体）,4,0.01666667,7.35,-0.6410153,0.09352156,1.544824,3.596958,-13.60037,20.50633,6.279968E-05
初号机（完全体）,4,0.01666667,7.366667,-0.5897251,0.2659408,1.552444,3.596958,-12.88242,19.99508,6.279968E-05
初号机（完全体）,4,0.01666667,7.383334,-0.4453342,0.4183909,1.559513,3.596958,-10.86121,18.54482,6.279968E-05
初号机（完全体）,4,0.01666667,7.400001,-0.2312596,0.5134829,1.563445,3.596958,-7.864532,16.36745,6.279968E-05
初号机（完全体）,4,0.01666667,7.416667,0.0005326821,0.5318738,1.562859,3.596958,-4.619843,13.97816,6.279968E-05
初号机（完全体）,4,0.01666667,7.433334,0.1910286,0.481037,1.558144,3.596958,-1.953247,11.99377,6.279968E-05
初号机（完全体）,4,0.01666667,7.45,0.3418802,0.3930818,1.55131,3.596958,0.1584121,10.41116,6.279968E-05
初号机（完全体）,4,0.01666667,7.466667,0.4613381,0.3112774,1.545108,3.596958,1.830613,9.151931,6.279968E-05
初号机（完全体）,4,0.01666667,7.483334,0.5559356,0.2256618,1.541551,3.596958,3.154811,8.151493,6.279968E-05
初号机（完全体）,4,0.01666667,7.5,0.6308463,0.1037013,1.542255,3.596958,4.203429,7.357448,6.279968E-05
初号机（完全体）,4,0.01666667,7.516667,0.6733951,-0.05867698,1.547089,3.596958,4.799037,6.905792,6.279968E-05
初号机（完全体）,4,0.01666667,7.533334,0.6326942,-0.2383477,1.554238,3.596958,4.229297,7.337841,6.279968E-05
初号机（完全体）,4,0.01666667,7.55,0.4966889,-0.3965402,1.560933,3.596958,2.325462,8.778386,6.279968E-05
初号机（完全体）,4,0.01666667,7.566667,0.2892547,-0.4961796,1.564569,3.596958,-0.5782471,10.96428,6.279968E-05
初号机（完全体）,4,0.01666667,7.583333,0.0627209,-0.5181715,1.563749,3.596958,-3.749329,13.33224,6.279968E-05
初号机（完全体）,4,0.01666667,7.6,-0.1236108,-0.4701863,1.558849,3.596958,-6.357635,15.26159,6.279968E-05
初号机（完全体）,4,0.01666667,7.616667,-0.271165,-0.3844893,1.551868,3.596958,-8.423157,16.77561,6.279968E-05
初号机（完全体）,4,0.01666667,7.633334,-0.3880115,-0.304473,1.54555,3.596958,-10.05878,17.96482,6.279968E-05
初号机（完全体）,4,0.01666667,7.650001,-0.4805411,-0.241109,1.540547,3.596958,-11.35403,18.89988,6.279968E-05
初号机（完全体）,4,0.01666667,7.666667,-0.5538144,-0.1700962,1.537939,3.596958,-12.37973,19.63588,6.279968E-05
初号机（完全体）,4,0.01666667,7.683334,-0.6118386,-0.05969949,1.539395,3.596958,-13.19196,20.21576,6.279968E-05
初号机（完全体）,4,0.01666667,7.7,-0.6410153,0.09352156,1.544824,3.596958,-13.60037,20.50633,6.279968E-05
初号机（完全体）,4,0.01666667,7.716667,-0.5897251,0.2659408,1.552444,3.596958,-12.88242,19.99508,6.279968E-05
初号机（完全体）,4,0.01666667,7.733334,-0.4453342,0.4183909,1.559513,3.596958,-10.86121,18.54482,6.279968E-05
初号机（完全体）,4,0.01666667,7.75,-0.2312596,0.5134829,1.563445,3.596958,-7.864532,16.36745,6.279968E-05
初号机（完全体）,4,0.01666667,7.766667,0.0005326821,0.5318738,1.562859,3.596958,-4.619843,13.97816,6.279968E-05
初号机（完全体）,4,0.01666667,7.783334,0.1910286,0.481037,1.558144,3.596958,-1.953247,11.99377,6.279968E-05
初号机（完全体）,4,0.01666667,7.8,0.3418802,0.3930818,1.55131,3.596958,0.1584121,10.41116,6.279968E-05
初号机（完全体）,4,0.01666667,7.816667,0.4613381,0.3112774,1.545108,3.596958,1.830613,9.151931,6.279968E-05
初号机（完全体）,4,0.01666667,7.833334,0.5559356,0.2256618,1.541551,3.596958,3.154811,8.151493,6.279968E-05
初号机（完全体）,4,0.01666667,7.85,0.6308463,0.1037013,1.542255,3.596958,4.203429,7.357448,6.279968E-05
初号机（完全体）,4,0.01666667,7.866667,0.6733951,-0.05867698,1.547089,3.596958,4.799037,6.905792,6.279968E-05
初号机（完全体）,4,0.01666667,7.883334,0.6326942,-0.2383477,1.554238,3.596958,4.229297,7.337841,6.279968E-05
初号机（完全体）,4,0.01666667,7.900001,0.4966889,-0.3965402,1.560933,3.596958,2.325462,8.778386,6.279968E-05
初号机（完全体）,4,0.01666667,7.916667,0.2892547,-0.4961796,1.564569,3.596958,-0.5782471,10.96428,6.279968E-05
初号机（完全体）,4,0.01666667,7.933334,0.0627209,-0.5181715,1.563749,3.596958,-3.749329,13.33224,6.279968E-05
初号机（完全体）,4,0.01666667,7.95,-0.1236108,-0.4701863,1.558849,3.596958,-6.357635,15.26159,6.279968E-05
初号机（完全体）,4,0.01666667,7.966667,-0.271165,-0.3844893,1.551868,3.596958,-8.423157,16.77561,6.279968E-05
初号机（完全体）,4,0.01666667,7.983334,-0.3880115,-0.304473,1.54555,3.596958,-10.05878,17.96482,6.279968E-05
初号机（完全体）,4,0.01666667,8,-0.4805411,-0.241109,1.540547,3.596958,-11.35403,18.89988,6.279968E-05
初号机（完全体）,4,0.01666667,8.016667,-0.5538144,-0.1700962,1.537939,3.596958,-12.37973,19.63588,6.279968E-05
初号机（完全体）,4,0.01666667,8.033334,-0.6118386,-0.05969949,1.539395,3.596958,-13.19196,20.21576,6.279968E-05
初号机（完全体）,4,0.01666667,8.05,-0.6410153,0.09352156,1.544824,3.596958,-13.60037,20.50633,6.279968E-05
初号机（完全体）,4,0.01666667,8.066668,-0.5897251,0.2659408,1.552444,3.596958,-12.88242,19.99508,6.279968E-05
初号机（完全体）,4,0.01666667,8.083334,-0.4453342,0.4183909,1.559513,3.596958,-10.86121,18.54482,6.279968E-05
初号机（完全体）,4,0.01666667,8.1,-0.2312596,0.5134829,1.563445,3.596958,-7.864532,16.36745,6.279968E-05
初号机（完全体）,4,0.01666667,8.116667,0.0005326821,0.5318738,1.562859,3.596958,-4.619843,13.97816,6.279968E-05
初号机（完全体）,4,0.01666667,8.133334,0.1910286,0.481037,1.558144,3.596958,-1.953247,11.99377,6.279968E-05
初号机（完全体）,4,0.01666667,8.150001,0.3418802,0.3930818,1.55131,3.596958,0.1584121,10.41116,6.279968E-05
初号机（完全体）,4,0.01666667,8.166667,0.4613381,0.3112774,1.545108,3.596958,1.830613,9.151931,6.279968E-05
初号机（完全体）,4,0.01666667,8.183333,0.5559356,0.2256618,1.541551,3.596958,3.154811,8.151493,6.279968E-05
初号机（完全体）,4,0.01666667,8.200001,0.6308463,0.1037013,1.542255,3.596958,4.203429,7.357448,6.279968E-05
初号机（完全体）,4,0.01666667,8.216667,0.6733951,-0.05867698,1.547089,3.596958,4.799036,6.905792,6.279968E-05
初号机（完全体）,4,0.01666667,8.233334,0.6326942,-0.2383477,1.554238,3.596958,4.229297,7.337841,6.279968E-05
初号机（完全体）,4,0.01666667,8.25,0.4966889,-0.3965402,1.560933,3.596958,2.325463,8.778386,6.279968E-05
初号机（完全体）,4,0.01666667,8.266667,0.2892547,-0.4961796,1.564569,3.596958,-0.5782471,10.96428,6.279968E-05
初号机（完全体）,4,0.01666667,8.283334,0.0627209,-0.5181715,1.563749,3.596958,-3.749329,13.33224,6.279968E-05
初号机（完全体）,4,0.01666667,8.3,-0.1236108,-0.4701863,1.558849,3.596958,-6.357635,15.26159,6.279968E-05
初号机（完全体）,4,0.01666667,8.316668,-0.271165,-0.3844893,1.551868,3.596958,-8.423126,16.77561,6.279968E-05
初号机（完全体）,4,0.01666667,8.333334,-0.3880115,-0.304473,1.54555,3.596958,-10.05878,17.96482,6.279968E-05
初号机（完全体）,4,0.01666667,8.35,-0.4805411,-0.241109,1.540547,3.596958,-11.35403,18.89988,6.279968E-05
初号机（完全体）,4,0.01666667,8.366667,-0.5538144,-0.1700962,1.537939,3.596958,-12.37973,19.63588,6.279968E-05
初号机（完全体）,4,0.01666667,8.383334,-0.6118386,-0.05969949,1.539395,3.596958,-13.19196,20.21576,6.279968E-05
初号机（完全体）,4,0.01666667,8.400001,-0.6410153,0.09352156,1.544824,3.596958,-13.60037,20.50633,6.279968E-05
初号机（完全体）,4,0.01666667,8.416667,-0.5897251,0.2659408,1.552444,3.596958,-12.88242,19.99508,6.279968E-05
初号机（完全体）,4,0.01666667,8.433333,-0.4453342,0.4183909,1.559513,3.596958,-10.86121,18.54482,6.279968E-05
初号机（完全体）,4,0.01666667,8.450001,-0.2312596,0.5134829,1.563445,3.596958,-7.864532,16.36745,6.279968E-05
初号机（完全体）,4,0.01666667,8.466667,0.0005326821,0.5318738,1.562859,3.596958,-4.619843,13.97816,6.279968E-05
初号机（完全体）,4,0.01666667,8.483334,0.1910286,0.481037,1.558144,3.596958,-1.953247,11.99377,6.279968E-05
初号机（完全体）,4,0.01666667,8.5,0.3418802,0.3930818,1.55131,3.596958,0.1584121,10.41116,6.279968E-05
初号机（完全体）,4,0.01666667,8.516667,0.4613381,0.3112774,1.545108,3.596958,1.830613,9.151931,6.279968E-05
初号机（完全体）,4,0.01666667,8.533334,0.5559356,0.2256618,1.541551,3.596958,3.154811,8.151493,6.279968E-05
初号机（完全体）,4,0.01666667,8.55,0.6308463,0.1037013,1.542255,3.596958,4.203429,7.357448,6.279968E-05
初号机（完全体）,4,0.01666667,8.566668,0.6733951,-0.05867698,1.547089,3.596958,4.799037,6.905792,6.279968E-05
初号机（完全体）,4,0.01666667,8.583334,0.6326942,-0.2383477,1.554238,3.596958,4.229297,7.337841,6.279968E-05
初号机（完全体）,4,0.01666667,8.6,0.4966889,-0.3965402,1.560933,3.596958,2.325462,8.778386,6.279968E-05
初号机（完全体）,4,0.01666667,8.616667,0.2892547,-0.4961796,1.564569,3.596958,-0.5782471,10.96428,6.279968E-05
初号机（完全体）,4,0.01666667,8.633334,0.0627209,-0.5181715,1.563749,3.596958,-3.749329,13.33224,6.279968E-05
初号机（完全体）,4,0.01666667,8.650001,-0.1236108,-0.4701863,1.558849,3.596958,-6.357635,15.26159,6.279968E-05
初号机（完全体）,4,0.01666667,8.666667,-0.271165,-0.3844893,1.551868,3.596958,-8.423126,16.77561,6.279968E-05
初号机（完全体）,4,0.01666667,8.683333,-0.3880115,-0.304473,1.54555,3.596958,-10.05878,17.96482,6.279968E-05
初号机（完全体）,4,0.01666667,8.700001,-0.4805411,-0.241109,1.540547,3.596958,-11.35403,18.89988,6.279968E-05
初号机（完全体）,4,0.01666667,8.716667,-0.5538144,-0.1700962,1.537939,3.596958,-12.37973,19.63588,6.279968E-05
初号机（完全体）,4,0.01666667,8.733334,-0.6118386,-0.05969949,1.539395,3.596958,-13.19196,20.21576,6.279968E-05
初号机（完全体）,4,0.01666667,8.75,-0.6410153,0.09352156,1.544824,3.596958,-13.60037,20.50633,6.279968E-05
初号机（完全体）,4,0.01666667,8.766667,-0.5897251,0.2659408,1.552444,3.596958,-12.88242,19.99508,6.279968E-05
初号机（完全体）,4,0.01666667,8.783334,-0.4453342,0.4183909,1.559513,3.596958,-10.86121,18.54482,6.279968E-05
初号机（完全体）,4,0.01666667,8.8,-0.2312596,0.5134829,1.563445,3.596958,-7.864532,16.36745,6.279968E-05
初号机（完全体）,4,0.01666667,8.816668,0.0005326821,0.5318738,1.562859,3.596958,-4.619843,13.97816,6.279968E-05
初号机（完全体）,4,0.01666667,8.833334,0.1910286,0.481037,1.558144,3.596958,-1.953247,11.99377,6.279968E-05
初号机（完全体）,4,0.01666667,8.85,0.3418802,0.3930818,1.55131,3.596958,0.1584117,10.41116,6.279968E-05
初号机（完全体）,4,0.01666667,8.866667,0.4613381,0.3112774,1.545108,3.596958,1.830613,9.151931,6.279968E-05
初号机（完全体）,4,0.01666667,8.883334,0.5559356,0.2256618,1.541551,3.596958,3.154812,8.151493,6.279968E-05
初号机（完全体）,4,0.01666667,8.900001,0.6308463,0.1037013,1.542255,3.596958,4.203428,7.357448,6.279968E-05
初号机（完全体）,4,0.01666667,8.916667,0.6733951,-0.05867698,1.547089,3.596958,4.799036,6.905792,6.279968E-05
初号机（完全体）,4,0.01666667,8.933333,0.6326942,-0.2383477,1.554238,3.596958,4.229297,7.337841,6.279968E-05
初号机（完全体）,4,0.01666667,8.950001,0.4966889,-0.3965402,1.560933,3.596958,2.325462,8.778386,6.279968E-05
初号机（完全体）,4,0.01666667,8.966667,0.2892547,-0.4961796,1.564569,3.596958,-0.5782471,10.96428,6.279968E-05
初号机（完全体）,4,0.01666667,8.983334,0.0627209,-0.5181715,1.563749,3.596958,-3.749329,13.33224,6.279968E-05
初号机（完全体）,4,0.01666667,9,-0.1236113,-0.4701863,1.558849,3.596958,-6.357666,15.26159,6.279968E-05
初号机（完全体）,4,0.01666667,9.016667,-0.2711658,-0.3844893,1.551868,3.597071,-8.423065,16.77567,6.279968E-05
初号机（完全体）,4,0.01666667,9.033334,-0.3880127,-0.304473,1.54555,3.597141,-10.05869,17.96491,6.279968E-05
初号机（完全体）,4,0.01666667,9.05,-0.4805426,-0.241109,1.540547,3.597183,-11.35391,18.89999,6.279968E-05
初号机（完全体）,4,0.01666667,9.066668,-0.553816,-0.1700962,1.537939,3.597204,-12.37958,19.636,6.279968E-05
初号机（完全体）,4,0.01666667,9.083334,-0.6118404,-0.05969949,1.539395,3.597211,-13.1918,20.21589,6.279968E-05
初号机（完全体）,4,0.01666667,9.1,-0.6410172,0.09352156,1.544824,3.597209,-13.60025,20.50645,6.279968E-05
初号机（完全体）,4,0.01666667,9.116667,-0.5897266,0.2659408,1.552444,3.597202,-12.88226,19.9952,6.279968E-05
初号机（完全体）,4,0.01666667,9.133334,-0.4453354,0.4183909,1.559513,3.597192,-10.86105,18.54493,6.279968E-05
初号机（完全体）,4,0.01666667,9.150001,-0.2312605,0.5134829,1.563445,3.59718,-7.86441,16.36755,6.279968E-05
初号机（完全体）,4,0.01666667,9.166667,0.0005319623,0.5318738,1.562859,3.597167,-4.61972,13.97826,6.279968E-05
初号机（完全体）,4,0.01666667,9.183333,0.1910285,0.481037,1.558144,3.597155,-1.953125,11.99386,6.279968E-05
初号机（完全体）,4,0.01666667,9.200001,0.3418807,0.3930818,1.55131,3.597143,0.158539,10.41125,6.279968E-05
初号机（完全体）,4,0.01666667,9.216667,0.461339,0.3112774,1.545108,3.597132,1.83074,9.152002,6.279968E-05
初号机（完全体）,4,0.01666667,9.233334,0.5559368,0.2256618,1.541551,3.597122,3.154933,8.151554,6.279968E-05
初号机（完全体）,4,0.01666667,9.250001,0.6308478,0.1037013,1.542255,3.597113,4.20355,7.357502,6.279968E-05
初号机（完全体）,4,0.01666667,9.266667,0.6733963,-0.05867698,1.547089,3.597106,4.799151,6.905847,6.279968E-05
初号机（完全体）,4,0.01666667,9.283334,0.6326947,-0.2383477,1.554238,3.5971,4.229396,7.337899,6.279968E-05
初号机（完全体）,4,0.01666667,9.3,0.4966868,-0.3965402,1.560933,3.597094,2.325521,8.778471,6.279968E-05
初号机（完全体）,4,0.01666667,9.316668,0.2892496,-0.4961796,1.564569,3.597089,-0.5782471,10.9644,6.279968E-05
初号机（完全体）,4,0.01666667,9.333334,0.06271238,-0.5181715,1.563749,3.597084,-3.749359,13.33238,6.279968E-05
初号机（完全体）,4,0.01666667,9.35,-0.1236225,-0.4701863,1.558849,3.59708,-6.357727,15.26176,6.279968E-05
初号机（完全体）,4,0.01666667,9.366667,-0.2711792,-0.3844893,1.551868,3.597077,-8.423248,16.77581,6.279968E-05
初号机（完全体）,4,0.01666667,9.383334,-0.3880278,-0.304473,1.54555,3.597075,-10.05893,17.96503,6.279968E-05
初号机（完全体）,4,0.01666667,9.400001,-0.480559,-0.241109,1.540547,3.597073,-11.35422,18.90011,6.279968E-05
初号机（完全体）,4,0.01666667,9.416667,-0.5538334,-0.1700962,1.537939,3.59707,-12.37991,19.63612,6.279968E-05
初号机（完全体）,4,0.01666667,9.433333,-0.6118587,-0.05969949,1.539395,3.597068,-13.19217,20.21601,6.279968E-05
初号机（完全体）,4,0.01666667,9.450001,-0.6410357,0.09352156,1.544824,3.597066,-13.60059,20.50658,6.279968E-05
初号机（完全体）,4,0.01666667,9.466667,-0.5897443,0.2659408,1.552444,3.597065,-12.8826,19.99531,6.279968E-05
初号机（完全体）,4,0.01666667,9.483334,-0.4453484,0.4183909,1.559513,3.597064,-10.86133,18.54501,6.279968E-05
初号机（完全体）,4,0.01666667,9.500001,-0.2312678,0.5134829,1.563445,3.597064,-7.864594,16.36758,6.279968E-05
初号机（完全体）,4,0.01666667,9.516667,0.0005311301,0.5318738,1.562859,3.597063,-4.619812,13.97822,6.279968E-05
初号机（完全体）,4,0.01666667,9.533334,0.1910328,0.481037,1.558144,3.597062,-1.953125,11.99377,6.279968E-05
初号机（完全体）,4,0.01666667,9.55,0.3418891,0.3930818,1.55131,3.597062,0.1586033,10.41112,6.279968E-05
初号机（完全体）,4,0.01666667,9.566668,0.4613506,0.3112774,1.545108,3.597062,1.830854,9.151848,6.279968E-05
初号机（完全体）,4,0.01666667,9.583334,0.5559509,0.2256618,1.541551,3.597061,3.155093,8.151378,6.279968E-05
初号机（完全体）,4,0.01666667,9.6,0.6308638,0.1037013,1.542255,3.597061,4.203742,7.357307,6.279968E-05
初号机（完全体）,4,0.01666667,9.616667,0.673414,-0.05867698,1.547089,3.597061,4.799369,6.905638,6.279968E-05
初号机（完全体）,4,0.01666667,9.633334,0.6327127,-0.2383477,1.554238,3.597061,4.229622,7.337691,6.279968E-05
初号机（完全体）,4,0.01666667,9.650001,0.496703,-0.3965402,1.560933,3.597061,2.325726,8.778284,6.279968E-05
初号机（完全体）,4,0.01666667,9.666667,0.2892634,-0.4961796,1.564569,3.597061,-0.578064,10.96424,6.279968E-05
初号机（完全体）,4,0.01666667,9.683333,0.0627233,-0.5181715,1.563749,3.597061,-3.749237,13.33226,6.279968E-05
初号机（完全体）,4,0.01666667,9.700001,-0.1236139,-0.4701863,1.558849,3.597061,-6.357605,15.26166,6.279968E-05
初号机（完全体）,4,0.01666667,9.716667,-0.2711723,-0.3844893,1.551868,3.597061,-8.423187,16.77573,6.279968E-05
初号机（完全体）,4,0.01666667,9.733334,-0.3880223,-0.304473,1.54555,3.597061,-10.05887,17.96497,6.279968E-05
初号机（完全体）,4,0.01666667,9.750001,-0.4805546,-0.241109,1.540547,3.597061,-11.35416,18.90006,6.279968E-05
初号机（完全体）,4,0.01666667,9.766667,-0.55383,-0.1700962,1.537939,3.597061,-12.37988,19.63608,6.279968E-05
初号机（完全体）,4,0.01666667,9.783334,-0.611856,-0.05969949,1.539395,3.597061,-13.19214,20.21598,6.279968E-05
初号机（完全体）,4,0.01666667,9.8,-0.6410335,0.09352156,1.544824,3.597061,-13.60056,20.50655,6.279968E-05
初号机（完全体）,4,0.01666667,9.816668,-0.5897425,0.2659408,1.552444,3.597061,-12.88257,19.99529,6.279968E-05
初号机（完全体）,4,0.01666667,9.833334,-0.445347,0.4183909,1.559513,3.597061,-10.8613,18.54499,6.279968E-05
初号机（完全体）,4,0.01666667,9.85,-0.2312668,0.5134829,1.563445,3.597061,-7.864563,16.36757,6.279968E-05
初号机（完全体）,4,0.01666667,9.866667,0.0005319915,0.5318738,1.562859,3.597061,-4.619812,13.97821,6.279968E-05
初号机（完全体）,4,0.01666667,9.883334,0.1910335,0.481037,1.558144,3.597061,-1.953125,11.99377,6.279968E-05
初号机（完全体）,4,0.01666667,9.900001,0.3418896,0.3930818,1.55131,3.597061,0.1586097,10.41112,6.279968E-05
初号机（完全体）,4,0.01666667,9.916667,0.461351,0.3112774,1.545108,3.597061,1.830859,9.151843,6.279968E-05
初号机（完全体）,4,0.01666667,9.933333,0.5559512,0.2256618,1.541551,3.597061,3.155097,8.151374,6.279968E-05
初号机（完全体）,4,0.01666667,9.950001,0.6308641,0.1037013,1.542255,3.597061,4.203746,7.357304,6.279968E-05
初号机（完全体）,4,0.01666667,9.966667,0.6734142,-0.05867698,1.547089,3.597061,4.799372,6.905637,6.279968E-05
初号机（完全体）,4,0.01666667,9.983334,0.6327128,-0.2383477,1.554238,3.597061,4.229626,7.337691,6.279968E-05
初号机（完全体）,4,0.008333334,0,-4.293681E-19,-3.241213E-19,1.661509,-5.217179E-17,-6.965027,12.36129,4.472831E-07
初号机（完全体）,4,0.008333334,0.008333334,-3.820868E-19,-2.884297E-19,1.661509,0.01705765,-6.953949,12.36901,1.129509E-05
初号机（完全体）,4,0.008333334,0.01666667,-3.400121E-19,-2.566683E-19,1.661509,0.03938483,-6.939453,12.37912,1.129509E-05
初号机（完全体）,4,0.008333334,0.025,-3.025706E-19,-2.284045E-19,1.661509,0.06584789,-6.922241,12.3911,1.278521E-05
初号机（完全体）,4,0.008333334,0.03333334,-2.69252E-19,-2.03253E-19,1.661509,0.09549329,-6.902985,12.40451,3.264541E-05
初号机（完全体）,4,0.008333334,0.04166667,-2.396025E-19,-1.808711E-19,1.661509,0.1275223,-6.882172,12.41901,3.264541E-05
初号机（完全体）,4,0.008333334,0.05,-2.132179E-19,-1.609539E-19,1.661509,0.1612687,-6.860229,12.43428,3.264541E-05
初号机（完全体）,4,0.008333334,0.05833334,-1.897387E-19,-1.4323E-19,1.661509,0.1961802,-6.837524,12.45007,3.264541E-05
初号机（完全体）,4,0.008333334,0.06666667,-1.68845E-19,-1.274577E-19,1.661509,0.2318015,-6.814392,12.46619,3.264541E-05
初号机（完全体）,4,0.008333334,0.075,-1.502521E-19,-1.134223E-19,1.661509,0.2677599,-6.791016,12.48245,3.321557E-05
初号机（完全体）,4,0.008333334,0.08333334,-1.337066E-19,-1.009325E-19,1.661509,0.3037534,-6.767609,12.49874,3.321557E-05
初号机（完全体）,4,0.008333334,0.09166667,6.712741E-05,0.003078768,1.655876,0.3395395,-6.743439,12.51423,3.321557E-05
初号机（完全体）,4,0.008333334,0.1,0.0003212898,0.009622128,1.650468,0.3749262,-6.716858,12.52758,3.321557E-05
初号机（完全体）,4,0.008333334,0.1083333,0.0009198003,0.01986886,1.650427,0.4097641,-6.685852,12.53709,3.321557E-05
初号机（完全体）,4,0.008333334,0.1166667,0.00204201,0.03388707,1.650123,0.4439396,-6.647919,12.54083,3.321557E-05
初号机（完全体）,4,0.008333334,0.125,0.00387564,0.05156001,1.649176,0.4773687,-6.600525,12.53681,3.333436E-05
初号机（完全体）,4,0.008333334,0.1333333,0.006604605,0.07258175,1.647163,0.5099927,-6.541138,12.52308,6.107183E-05
初号机（完全体）,4,0.008333334,0.1416667,0.0103982,0.09646301,1.643764,0.541773,-6.467377,12.49786,6.107183E-05
初号机（完全体）,4,0.008333334,0.15,0.01540143,0.1225467,1.638904,0.5726879,-6.377258,12.45961,6.107183E-05
初号机（完全体）,4,0.008333334,0.1583333,0.0217265,0.1500328,1.632824,0.6027299,-6.269196,12.40716,6.107183E-05
初号机（完全体）,4,0.008333334,0.1666667,0.02944511,0.1780105,1.626024,0.6319022,-6.142181,12.33975,6.107183E-05
初号机（完全体）,4,0.008333334,0.175,0.03858173,0.2054982,1.619079,0.6602167,-5.99588,12.25711,6.107183E-05
初号机（完全体）,4,0.008333334,0.1833333,0.04910748,0.2314875,1.612426,0.6876928,-5.830688,12.15954,6.107183E-05
初号机（完全体）,4,0.008333334,0.1916667,0.06093487,0.2549905,1.606233,0.7143548,-5.647797,12.04796,6.107183E-05
初号机（完全体）,4,0.008333334,0.2,0.07391289,0.275088,1.600415,0.7402313,-5.44931,11.92393,6.107183E-05
初号机（完全体）,4,0.008333334,0.2083333,0.08782282,0.2909773,1.594762,0.7653537,-5.238251,11.78974,6.107183E-05
初号机（完全体）,4,0.008333334,0.2166667,0.1023745,0.3020154,1.589061,0.7897552,-5.018707,11.64844,6.107183E-05
初号机（完全体）,4,0.008333334,0.225,0.1172027,0.3077581,1.58317,0.8134705,-4.795715,11.50385,6.107183E-05
初号机（完全体）,4,0.008333334,0.2333333,0.1319637,0.3079919,1.57702,0.8365351,-4.574097,11.35959,6.107183E-05
初号机（完全体）,4,0.008333334,0.2416667,0.1466364,0.3027567,1.570597,0.8589841,-4.354126,11.2159,6.107183E-05
初号机（完全体）,4,0.008333334,0.25,0.1612304,0.2923589,1.563921,0.8808523,-4.13562,11.0727,6.565797E-05
初号机（完全体）,4,0.008333334,0.2583334,0.1757544,0.2773741,1.55704,0.9021744,-3.918457,10.92991,6.565797E-05
初号机（完全体）,4,0.008333334,0.2666667,0.1902161,0.2586381,1.549987,0.9229833,-3.702484,10.78747,6.565797E-05
初号机（完全体）,4,0.008333334,0.275,0.2046224,0.2372264,1.542762,0.9433118,-3.48761,10.64533,6.565797E-05
初号机（完全体）,4,0.008333334,0.2833334,0.2189793,0.2144239,1.535446,0.9631911,-3.273712,10.50343,6.565797E-05
初号机（完全体）,4,0.008333334,0.2916667,0.2317553,0.1916484,1.533966,0.9826508,-3.082245,10.3779,6.565797E-05
初号机（完全体）,4,0.008333334,0.3,0.2431244,0.1705444,1.532594,1.00172,-2.910675,10.26696,6.565797E-05
初号机（完全体）,4,0.008333334,0.3083333,0.2532416,0.1507723,1.531438,1.020425,-2.756897,10.16899,6.565797E-05
初号机（完全体）,4,0.008333334,0.3166667,0.2622447,0.130237,1.5306,1.038791,-2.618958,10.08257,6.565797E-05
初号机（完全体）,4,0.008333334,0.325,0.2702564,0.10718,1.530166,1.056843,-2.495056,10.00642,6.565797E-05
初号机（完全体）,4,0.008333334,0.3333333,0.2773858,0.08020895,1.530198,1.074604,-2.383728,9.939414,6.565797E-05
初号机（完全体）,4,0.008333334,0.3416667,0.2837302,0.04831737,1.53074,1.092094,-2.283539,9.880547,6.565797E-05
初号机（完全体）,4,0.008333334,0.35,0.2893759,0.01089387,1.53181,1.109334,-2.193298,9.828922,6.565797E-05
初号机（完全体）,4,0.008333334,0.3583333,0.2944,-0.03227963,1.533404,1.126344,-2.111938,9.783734,6.565797E-05
初号机（完全体）,4,0.008333334,0.3666667,0.298869,-0.08104151,1.535495,1.143138,-2.038452,9.744292,6.565797E-05
初号机（完全体）,4,0.008333334,0.375,0.3024242,-0.1348753,1.538034,1.159735,-1.977905,9.714395,6.565797E-05
初号机（完全体）,4,0.008333334,0.3833334,0.3044883,-0.1929449,1.540954,1.17615,-1.938324,9.700129,6.565797E-05
初号机（完全体）,4,0.008333334,0.3916667,0.3046377,-0.2541402,1.544172,1.192397,-1.92569,9.705978,6.565797E-05
初号机（完全体）,4,0.008333334,0.4,0.3025856,-0.3171303,1.54759,1.208487,-1.94397,9.734963,6.565797E-05
初号机（完全体）,4,0.008333334,0.4083334,0.2981668,-0.3804232,1.551101,1.224434,-1.995453,9.788834,6.565797E-05
初号机（完全体）,4,0.008333334,0.4166667,0.2913244,-0.4424303,1.554596,1.240249,-2.080963,9.868174,6.565797E-05
初号机（完全体）,4,0.008333334,0.425,0.2820979,-0.5015332,1.557961,1.255943,-2.19989,9.972559,6.565797E-05
初号机（完全体）,4,0.008333334,0.4333334,0.2706124,-0.5561502,1.561087,1.271524,-2.350555,10.10065,6.565797E-05
初号机（完全体）,4,0.008333334,0.4416667,0.2570696,-0.6048011,1.563872,1.287002,-2.53006,10.2503,6.565797E-05
初号机（完全体）,4,0.008333334,0.45,0.2417388,-0.6461667,1.566225,1.302384,-2.73468,10.41864,6.565797E-05
初号机（完全体）,4,0.008333334,0.4583333,0.2249498,-0.6791427,1.568069,1.31768,-2.959747,10.60217,6.565797E-05
初号机（完全体）,4,0.008333334,0.4666667,0.2070863,-0.7028845,1.569346,1.332894,-3.199921,10.79685,6.565797E-05
初号机（完全体）,4,0.008333334,0.475,0.1885798,-0.7168425,1.570017,1.348034,-3.449158,10.99811,6.565797E-05
初号机（完全体）,4,0.008333334,0.4833333,0.1699042,-0.7207861,1.570062,1.363105,-3.700775,11.20097,6.565797E-05
初号机（完全体）,4,0.008333334,0.4916667,0.1515717,-0.7148153,1.569487,1.378114,-3.947632,11.40007,6.565797E-05
初号机（完全体）,4,0.008333334,0.5,0.1341277,-0.6993608,1.568316,1.393065,-4.182098,11.58967,6.565797E-05
初号机（完全体）,4,0.008333334,0.5083334,0.118148,-0.6751716,1.566595,1.407961,-4.396118,11.76379,6.565797E-05
初号机（完全体）,4,0.008333334,0.5166667,0.1039227,-0.6432899,1.56439,1.422809,-4.585602,11.91941,6.565797E-05
初号机（完全体）,4,0.008333334,0.525,0.09126391,-0.6050168,1.561785,1.437609,-4.753174,12.05854,6.565797E-05
初号机（完全体）,4,0.008333334,0.5333334,0.07999906,-0.5618666,1.558876,1.452368,-4.901276,12.183,6.565797E-05
初号机（完全体）,4,0.008333334,0.5416667,0.06997467,-0.5155146,1.55577,1.467088,-5.032043,12.29442,6.565797E-05
初号机（完全体）,4,0.008333334,0.55,0.06105414,-0.4677384,1.552581,1.481772,-5.147369,12.39426,6.565797E-05
初号机（完全体）,4,0.008333334,0.5583333,0.05311593,-0.4203548,1.549428,1.496422,-5.248962,12.48377,6.565797E-05
初号机（完全体）,4,0.008333334,0.5666667,0.04605186,-0.3751563,1.546424,1.511041,-5.338348,12.56412,6.565797E-05
初号机（完全体）,4,0.008333334,0.575,0.03976568,-0.3338471,1.543681,1.525633,-5.41684,12.63631,6.565797E-05
初号机（完全体）,4,0.008333334,0.5833334,0.03417172,-0.2970845,1.541239,1.540196,-5.485687,12.70125,6.565797E-05
初号机（完全体）,4,0.008333334,0.5916667,0.02919375,-0.2643701,1.539066,1.554735,-5.545929,12.75974,6.565797E-05
初号机（完全体）,4,0.008333334,0.6,0.02476395,-0.2341046,1.537208,1.569251,-5.598511,12.81248,6.565797E-05
初号机（完全体）,4,0.008333334,0.6083333,0.02082195,-0.2037599,1.535776,1.583745,-5.644257,12.86012,6.565797E-05
初号机（完全体）,4,0.008333334,0.6166667,0.01731404,-0.171229,1.534861,1.598218,-5.68396,12.90322,6.565797E-05
初号机（完全体）,4,0.008333334,0.6250001,0.01419241,-0.1348685,1.534528,1.612673,-5.718262,12.94228,6.565797E-05
初号机（完全体）,4,0.008333334,0.6333334,0.01141453,-0.09352674,1.534817,1.62711,-5.747772,12.97774,6.565797E-05
初号机（完全体）,4,0.008333334,0.6416667,0.008942543,-0.0465552,1.535735,1.641532,-5.77301,13.01,6.565797E-05
初号机（完全体）,4,0.008333334,0.65,0.006742768,0.006196568,1.537264,1.655937,-5.794434,13.03941,6.565797E-05
初号机（完全体）,4,0.008333334,0.6583334,0.00506382,0.06440353,1.539357,1.670326,-5.808594,13.06339,6.565797E-05
初号机（完全体）,4,0.008333334,0.6666667,0.005022211,0.1273045,1.541941,1.684702,-5.799805,13.07032,6.565797E-05
初号机（完全体）,4,0.008333334,0.675,0.007526553,0.1937568,1.544922,1.699065,-5.755432,13.05072,6.565797E-05
初号机（完全体）,4,0.008333334,0.6833334,0.01321311,0.2623048,1.548186,1.713416,-5.666504,12.99796,6.565797E-05
初号机（完全体）,4,0.008333334,0.6916667,0.02247582,0.3312583,1.551608,1.727754,-5.527527,12.90793,6.565797E-05
初号机（完全体）,4,0.008333334,0.7,0.03549297,0.3987805,1.555053,1.74208,-5.335999,12.77871,6.565797E-05
初号机（完全体）,4,0.008333334,0.7083334,0.05225097,0.4629783,1.558387,1.756398,-5.092102,12.61038,6.565797E-05
初号机（完全体）,4,0.008333334,0.7166667,0.07256544,0.521995,1.561476,1.770704,-4.798431,12.40479,6.565797E-05
初号机（完全体）,4,0.008333334,0.725,0.09610002,0.5740992,1.564198,1.784998,-4.459717,12.16537,6.565797E-05
初号机（完全体）,4,0.008333334,0.7333333,0.1223831,0.6177674,1.566445,1.799282,-4.08252,11.89695,6.565797E-05
初号机（完全体）,4,0.008333334,0.7416667,0.1508229,0.6517571,1.568127,1.813559,-3.67511,11.60566,6.565797E-05
初号机（完全体）,4,0.008333334,0.7500001,0.1807203,0.6751664,1.56918,1.827826,-3.247345,11.29876,6.565797E-05
初号机（完全体）,4,0.008333334,0.7583334,0.211281,0.6874796,1.569564,1.842086,-2.810272,10.98454,6.565797E-05
初号机（完全体）,4,0.008333334,0.7666667,0.241626,0.6885942,1.569265,1.856335,-2.376221,10.67225,6.565797E-05
初号机（完全体）,4,0.008333334,0.775,0.2708006,0.6788319,1.568301,1.870577,-1.958588,10.37192,6.565797E-05
初号机（完全体）,4,0.008333334,0.7833334,0.2977831,0.6589292,1.566713,1.884812,-1.571625,10.09438,6.565797E-05
初号机（完全体）,4,0.008333334,0.7916667,0.3218505,0.6300117,1.564572,1.899037,-1.225494,9.847322,6.565797E-05
初号机（完全体）,4,0.008333334,0.8000001,0.3432677,0.5935502,1.56197,1.913254,-0.9164429,9.628017,6.565797E-05
初号机（完全体）,4,0.008333334,0.8083334,0.3623265,0.5513034,1.559016,1.927465,-0.6404114,9.433454,6.565797E-05
初号机（完全体）,4,0.008333334,0.8166667,0.3792865,0.5052469,1.555839,1.941669,-0.3937683,9.260933,6.565797E-05
初号机（完全体）,4,0.008333334,0.825,0.394379,0.4574932,1.552571,1.955865,-0.1732788,9.108047,6.565797E-05
初号机（完全体）,4,0.008333334,0.8333334,0.4078094,0.4102059,1.549351,1.970054,0.02394998,8.972655,6.565797E-05
初号机（完全体）,4,0.008333334,0.8416667,0.419761,0.3655109,1.546316,1.984235,0.200467,8.852842,6.565797E-05
初号机（完全体）,4,0.008333334,0.85,0.4303964,0.3252615,1.543584,1.998412,0.3585599,8.746902,6.565797E-05
初号机（完全体）,4,0.008333334,0.8583333,0.4398607,0.28814,1.541238,2.012582,0.5002519,8.653315,6.565797E-05
初号机（完全体）,4,0.008333334,0.8666667,0.4482828,0.2512552,1.539401,2.026743,0.6273504,8.570724,6.565797E-05
初号机（完全体）,4,0.008333334,0.8750001,0.4557775,0.2122166,1.53817,2.0409,0.741463,8.497928,6.565797E-05
初号机（完全体）,4,0.008333334,0.8833334,0.4624469,0.1691916,1.537613,2.055048,0.8440185,8.433845,6.565797E-05
初号机（完全体）,4,0.008333334,0.8916667,0.4683819,0.1209417,1.537765,2.069191,0.9362897,8.377522,6.565797E-05
初号机（完全体）,4,0.008333334,0.9,0.4736633,0.06683716,1.538626,2.083329,1.019409,8.328107,6.565797E-05
初号机（完全体）,4,0.008333334,0.9083334,0.478351,0.006846351,1.540162,2.097458,1.09421,8.284965,6.565797E-05
初号机（完全体）,4,0.008333334,0.9166667,0.4806764,-0.05849757,1.542306,2.111581,1.135942,8.266829,6.565797E-05
初号机（完全体）,4,0.008333334,0.9250001,0.4780676,-0.1281536,1.544962,2.125699,1.108597,8.300921,6.565797E-05
初号机（完全体）,4,0.008333334,0.9333334,0.468678,-0.20065,1.548009,2.13981,0.98633,8.406774,6.565797E-05
初号机（完全体）,4,0.008333334,0.9416667,0.4513066,-0.2741794,1.551307,2.153915,0.7523283,8.597032,6.565797E-05
初号机（完全体）,4,0.008333334,0.95,0.4253268,-0.3467061,1.554702,2.168013,0.3978204,8.878187,6.565797E-05
初号机（完全体）,4,0.008333334,0.9583334,0.3906232,-0.4160824,1.558038,2.182105,-0.07879639,9.251241,6.565797E-05
初号机（完全体）,4,0.008333334,0.9666667,0.3475355,-0.4801682,1.561159,2.196193,-0.672821,9.712304,6.565797E-05
初号机（完全体）,4,0.008333334,0.975,0.2968078,-0.5369475,1.56392,2.210274,-1.373749,10.25314,6.565797E-05
初号机（完全体）,4,0.008333334,0.9833334,0.2395449,-0.5846384,1.566193,2.224348,-2.166199,10.86168,6.565797E-05
初号机（完全体）,4,0.008333334,0.9916667,0.1771719,-0.6217893,1.567872,2.238417,-3.030151,11.52248,6.565797E-05
初号机（完全体）,4,0.008333334,1,0.1113992,-0.6473592,1.568879,2.252482,-3.941711,12.2172,6.565797E-05
初号机（完全体）,4,0.008333334,1.008333,0.04419105,-0.6607765,1.569169,2.266538,-4.873383,12.92493,6.565797E-05
初号机（完全体）,4,0.008333334,1.016667,-0.02226231,-0.6619749,1.568728,2.280589,-5.794464,13.62268,6.565797E-05
初号机（完全体）,4,0.008333334,1.025,-0.08556969,-0.6514044,1.56758,2.294631,-6.671539,14.28562,6.565797E-05
初号机（完全体）,4,0.008333334,1.033333,-0.1431794,-0.6300167,1.565779,2.308668,-7.468842,14.88761,6.565797E-05
初号机（完全体）,4,0.008333334,1.041667,-0.1944452,-0.5992264,1.563412,2.322704,-8.177368,15.42243,6.565797E-05
初号机（完全体）,4,0.008333334,1.05,-0.2400657,-0.5608494,1.560592,2.336732,-8.806854,15.89775,6.565797E-05
初号机（完全体）,4,0.008333334,1.058333,-0.2806626,-0.5170215,1.557454,2.35075,-9.366028,16.32034,6.565797E-05
初号机（完全体）,4,0.008333334,1.066667,-0.316789,-0.4701022,1.554147,2.364763,-9.86261,16.6962,6.565797E-05
初号机（完全体）,4,0.008333334,1.075,-0.3489372,-0.4225659,1.550828,2.378772,-10.30353,17.03064,6.565797E-05
初号机（完全体）,4,0.008333334,1.083333,-0.3775454,-0.3768888,1.547655,2.392774,-10.69489,17.32835,6.565797E-05
初号机（完全体）,4,0.008333334,1.091667,-0.4030032,-0.3353865,1.544775,2.406773,-11.04214,17.59348,6.565797E-05
初号机（完全体）,4,0.008333334,1.1,-0.4256577,-0.2984543,1.542213,2.420763,-11.35019,17.82969,6.565797E-05
初号机（完全体）,4,0.008333334,1.108333,-0.4458175,-0.2641321,1.540028,2.434749,-11.62329,18.04026,6.565797E-05
初号机（完全体）,4,0.008333334,1.116667,-0.4637573,-0.2292956,1.538363,2.448727,-11.86533,18.22807,6.565797E-05
初号机（完全体）,4,0.008333334,1.125,-0.4797217,-0.1913919,1.537329,2.4627,-12.07971,18.39566,6.565797E-05
初号机（完全体）,4,0.008333334,1.133333,-0.493928,-0.1485145,1.537004,2.476672,-12.2695,18.5453,6.565797E-05
初号机（完全体）,4,0.008333334,1.141667,-0.50657,-0.09945106,1.537424,2.490637,-12.43741,18.679,6.565797E-05
初号机（完全体）,4,0.008333334,1.15,-0.5178199,-0.04369987,1.538583,2.504592,-12.58582,18.79855,6.565797E-05
初号机（完全体）,4,0.008333334,1.158333,-0.5273772,0.01854554,1.540436,2.518541,-12.71054,18.90093,6.565797E-05
初号机（完全体）,4,0.008333334,1.166667,-0.5319791,0.08644442,1.542898,2.532487,-12.76587,18.95336,6.565797E-05
初号机（完全体）,4,0.008333334,1.175,-0.5286845,0.1585866,1.545851,2.546427,-12.71069,18.92627,6.565797E-05
初号机（完全体）,4,0.008333334,1.183333,-0.5154957,0.2330969,1.549149,2.560362,-12.51703,18.79948,6.565797E-05
初号机（完全体）,4,0.008333334,1.191667,-0.491255,0.307761,1.552627,2.57429,-12.16864,18.56103,6.565797E-05
初号机（完全体）,4,0.008333334,1.2,-0.455552,0.3801658,1.556109,2.588214,-11.65982,18.2062,6.565797E-05
初号机（完全体）,4,0.008333334,1.208333,-0.4086412,0.4478486,1.55942,2.602129,-10.99411,17.73674,6.565797E-05
初号机（完全体）,4,0.008333334,1.216667,-0.3513688,0.5084458,1.562389,2.61604,-10.18335,17.16026,6.565797E-05
初号机（完全体）,4,0.008333334,1.225,-0.2851077,0.5598345,1.564867,2.629942,-9.246796,16.48972,6.565797E-05
初号机（完全体）,4,0.008333334,1.233333,-0.2116996,0.6002598,1.566727,2.643839,-8.210175,15.74306,6.565797E-05
初号机（完全体）,4,0.008333334,1.241667,-0.1334027,0.6284409,1.567876,2.657726,-7.105133,14.94283,6.565797E-05
初号机（完全体）,4,0.008333334,1.25,-0.05284698,0.6436502,1.568257,2.671615,-5.968475,14.11586,6.565797E-05
初号机（完全体）,4,0.008333334,1.258333,0.02700791,0.6457629,1.567854,2.685494,-4.841614,13.29288,6.565797E-05
初号机（完全体）,4,0.008333334,1.266667,0.1029082,0.635272,1.56669,2.699367,-3.770142,12.50815,6.565797E-05
初号机（完全体）,4,0.008333334,1.275,0.1715241,0.6132712,1.564832,2.713237,-2.800629,11.79714,6.565797E-05
初号机（完全体）,4,0.008333334,1.283333,0.2325842,0.581404,1.56238,2.727099,-1.93689,11.16348,6.565797E-05
初号机（完全体）,4,0.008333334,1.291667,0.2869205,0.5417832,1.559465,2.740957,-1.167267,10.59907,6.565797E-05
初号机（完全体）,4,0.008333334,1.3,0.3352733,0.4968851,1.556245,2.754808,-0.4814148,10.0966,6.565797E-05
初号机（完全体）,4,0.008333334,1.308333,0.3783016,0.4494234,1.552891,2.768654,0.1299176,9.649461,6.565797E-05
初号机（完全体）,4,0.008333334,1.316667,0.4165917,0.4022106,1.549584,2.782492,0.6749054,9.251752,6.565797E-05
初号机（完全体）,4,0.008333334,1.325,0.4506654,0.3580126,1.546498,2.796324,1.160867,8.898142,6.565797E-05
初号机（完全体）,4,0.008333334,1.333333,0.480987,0.3185889,1.543746,2.810155,1.594304,8.583882,6.565797E-05
初号机（完全体）,4,0.008333334,1.341667,0.5079696,0.2819013,1.541402,2.823981,1.980999,8.304698,6.565797E-05
初号机（完全体）,4,0.008333334,1.35,0.5319809,0.244532,1.539623,2.837795,2.326095,8.056783,6.565797E-05
初号机（完全体）,4,0.008333334,1.358333,0.5533481,0.2037146,1.538531,2.851604,2.634172,7.836735,6.565797E-05
初号机（完全体）,4,0.008333334,1.366667,0.5723624,0.1574284,1.538207,2.86541,2.909312,7.641519,6.565797E-05
初号机（完全体）,4,0.008333334,1.375,0.5892829,0.1044563,1.538684,2.879209,3.155138,7.468422,6.565797E-05
初号机（完全体）,4,0.008333334,1.383333,0.6043401,0.04440204,1.539949,2.893004,3.374877,7.315022,6.565797E-05
初号机（完全体）,4,0.008333334,1.391667,0.6161608,-0.02233396,1.541938,2.906791,3.549307,7.19592,6.565797E-05
初号机（完全体）,4,0.008333334,1.4,0.6203476,-0.09462015,1.544547,2.920574,3.616873,7.157818,6.565797E-05
初号机（完全体）,4,0.008333334,1.408333,0.6136596,-0.1706975,1.547632,2.934347,3.532204,7.235137,6.565797E-05
初号机（完全体）,4,0.008333334,1.416667,0.5940322,-0.2483157,1.551023,2.948116,3.266404,7.449718,6.565797E-05
初号机（完全体）,4,0.008333334,1.425,0.5604485,-0.3248936,1.554528,2.961876,2.805232,7.812129,6.565797E-05
初号机（完全体）,4,0.008333334,1.433333,0.5128229,-0.3976969,1.557949,2.975639,2.147503,8.322889,6.565797E-05
初号机（完全体）,4,0.008333334,1.441667,0.4518992,-0.4640207,1.561094,2.989399,1.30362,8.973522,6.565797E-05
初号机（完全体）,4,0.008333334,1.45,0.3791592,-0.5213684,1.563784,3.003143,0.2943209,9.747563,6.565797E-05
初号机（完全体）,4,0.008333334,1.458333,0.2967412,-0.5676156,1.565867,3.016891,-0.8504639,10.62153,6.565797E-05
初号机（完全体）,4,0.008333334,1.466667,0.2073679,-0.6011512,1.567225,3.030632,-2.09259,11.56579,6.565797E-05
初号机（完全体）,4,0.008333334,1.475,0.114282,-0.6209854,1.567783,3.044367,-3.386688,12.54548,6.565797E-05
初号机（完全体）,4,0.008333334,1.483333,0.02118885,-0.6268212,1.567511,3.058087,-4.680939,13.52128,6.565797E-05
初号机（完全体）,4,0.008333334,1.491667,-0.06779431,-0.6190829,1.566429,3.07181,-5.917603,14.45024,6.565797E-05
初号机（完全体）,4,0.008333334,1.5,-0.1483916,-0.5989023,1.564602,3.085524,-7.036926,15.28857,6.565797E-05
初号机（完全体）,4,0.008333334,1.508333,-0.2201136,-0.5680616,1.562139,3.099232,-8.031982,16.0321,6.565797E-05
初号机（完全体）,4,0.008333334,1.516667,-0.2839378,-0.5288979,1.559185,3.112937,-8.916504,16.6918,6.565797E-05
初号机（完全体）,4,0.008333334,1.525,-0.3407337,-0.484174,1.555915,3.126629,-9.702637,17.27732,6.565797E-05
初号机（完全体）,4,0.008333334,1.533333,-0.3912753,-0.4369244,1.55252,3.140325,-10.40125,17.7972,6.565797E-05
初号机（完全体）,4,0.008333334,1.541667,-0.4362515,-0.3902838,1.549201,3.154014,-11.02194,18.259,6.565797E-05
初号机（完全体）,4,0.008333334,1.55,-0.4762749,-0.3473064,1.546152,3.167698,-11.5733,18.66936,6.565797E-05
初号机（完全体）,4,0.008333334,1.558333,-0.511891,-0.3090616,1.543438,3.181367,-12.06296,19.03418,6.565797E-05
初号机（完全体）,4,0.008333334,1.566667,-0.5435851,-0.2732754,1.541137,3.195039,-12.49774,19.35867,6.565797E-05
初号机（完全体）,4,0.008333334,1.575,-0.5717891,-0.2362827,1.539424,3.208701,-12.88367,19.6474,6.565797E-05
初号机（完全体）,4,0.008333334,1.583333,-0.5968874,-0.1951499,1.538434,3.222358,-13.22614,19.90445,6.565797E-05
初号机（完全体）,4,0.008333334,1.591667,-0.6192219,-0.1477895,1.538252,3.236012,-13.52988,20.1334,6.565797E-05
初号机（完全体）,4,0.008333334,1.6,-0.6390969,-0.0930286,1.53891,3.249654,-13.79922,20.33743,6.565797E-05
初号机（完全体）,4,0.008333334,1.608333,-0.656778,-0.03062695,1.540384,3.263286,-14.03787,20.51929,6.565797E-05
初号机（完全体）,4,0.008333334,1.616667,-0.669106,0.03875883,1.542596,3.276912,-14.2016,20.6477,6.565797E-05
初号机（完全体）,4,0.008333334,1.625,-0.6710773,0.1136622,1.54542,3.290537,-14.22034,20.67315,6.565797E-05
初号机（完全体）,4,0.008333334,1.633333,-0.659272,0.1919402,1.548689,3.304162,-14.04623,20.56171,6.565797E-05
初号机（完全体）,4,0.008333334,1.641667,-0.6316793,0.2709458,1.552205,3.317775,-13.65112,20.29293,6.565797E-05
初号机（完全体）,4,0.008333334,1.65,-0.5875422,0.3477283,1.555755,3.331381,-13.02444,19.85825,6.565797E-05
初号机（完全体）,4,0.008333334,1.658333,-0.5272199,0.4192494,1.559122,3.344982,-12.1712,19.25958,6.565797E-05
初号机（完全体）,4,0.008333334,1.666667,-0.4520641,0.4826023,1.562099,3.358583,-11.11032,18.50846,6.565797E-05
初号机（完全体）,4,0.008333334,1.675,-0.3643107,0.5352185,1.564503,3.372185,-9.873108,17.6254,6.565797E-05
初号机（完全体）,4,0.008333334,1.683333,-0.2669815,0.5750521,1.566189,3.385776,-8.501831,16.63933,6.565797E-05
初号机（完全体）,4,0.008333334,1.691667,-0.1637981,0.6007274,1.567054,3.39936,-7.048615,15.58717,6.565797E-05
初号机（完全体）,4,0.008333334,1.7,-0.05910507,0.6116424,1.567048,3.412941,-5.57428,14.51328,6.565797E-05
初号机（完全体）,4,0.008333334,1.708333,0.04219909,0.608021,1.566176,3.426507,-4.147369,13.46883,6.565797E-05
初号机（完全体）,4,0.008333334,1.716667,0.1347764,0.5909119,1.564497,3.440076,-2.842651,12.51054,6.565797E-05
初号机（完全体）,4,0.008333334,1.725,0.2171593,0.5621323,1.562122,3.453637,-1.680603,11.65524,6.565797E-05
初号机（完全体）,4,0.008333334,1.733333,0.2904704,0.5241624,1.559205,3.467193,-0.6455688,10.89247,6.565797E-05
初号机（完全体）,4,0.008333334,1.741667,0.3557085,0.4799962,1.555935,3.480747,0.2764564,10.21265,6.565797E-05
初号机（完全体）,4,0.008333334,1.75,0.4137627,0.432959,1.552522,3.494287,1.097913,9.607097,6.565797E-05
初号机（完全体）,4,0.008333334,1.758333,0.4654242,0.3865022,1.549187,3.507818,1.829877,9.067973,6.565797E-05
初号机（完全体）,4,0.008333334,1.766667,0.5113967,0.3439413,1.546139,3.521344,2.482202,8.588201,6.565797E-05
初号机（完全体）,4,0.008333334,1.775,0.5523068,0.3040376,1.543558,3.534868,3.063662,8.161427,6.565797E-05
初号机（完全体）,4,0.008333334,1.783333,0.588712,0.2625893,1.541648,3.548392,3.582061,7.781945,6.565797E-05
初号机（完全体）,4,0.008333334,1.791667,0.6211084,0.2162949,1.54056,3.561905,4.044335,7.444641,6.565797E-05
初号机（完全体）,4,0.008333334,1.8,0.6499372,0.1629103,1.540384,3.57541,4.456666,7.144939,6.565797E-05
初号机（完全体）,4,0.008333334,1.808333,0.6755915,0.101337,1.541142,3.588912,4.824554,6.878762,6.565797E-05
初号机（完全体）,4,0.008333334,1.816667,0.6975718,0.03163441,1.542785,3.602411,5.141013,6.651472,6.565797E-05
初号机（完全体）,4,0.008333334,1.825,0.7099918,-0.04504542,1.5452,3.615913,5.323646,6.525702,6.565797E-05
初号机（完全体）,4,0.008333334,1.833333,0.7077626,-0.1265971,1.548214,3.629403,5.301208,6.555607,6.565797E-05
初号机（完全体）,4,0.008333334,1.841667,0.68771,-0.2101654,1.551612,3.642886,5.029271,6.774881,6.565797E-05
初号机（完全体）,4,0.008333334,1.85,0.6483637,-0.292399,1.555146,3.656366,4.487253,7.198878,6.565797E-05
初号机（完全体）,4,0.008333334,1.858333,0.5897695,-0.3697354,1.558562,3.66983,3.675788,7.826509,6.565797E-05
初号机（完全体）,4,0.008333334,1.866667,0.5133224,-0.4386979,1.561611,3.683298,2.614415,8.642062,6.565797E-05
初号机（完全体）,4,0.008333334,1.875,0.4216181,-0.4961824,1.564071,3.696758,1.339464,9.616782,6.565797E-05
初号机（完全体）,4,0.008333334,1.883333,0.3183208,-0.5397127,1.565766,3.710212,-0.09777832,10.7105,6.565797E-05
初号机（完全体）,4,0.008333334,1.891667,0.2080455,-0.5676473,1.566571,3.723665,-1.63269,11.87317,6.565797E-05
初号机（完全体）,4,0.008333334,1.9,0.09625332,-0.5793219,1.566431,3.737104,-3.188843,13.04643,6.565797E-05
初号机（完全体）,4,0.008333334,1.908333,-0.01084179,-0.5751172,1.565357,3.750549,-4.67926,14.16507,6.565797E-05
初号机（完全体）,4,0.008333334,1.916667,-0.107264,-0.5564479,1.563432,3.763985,-6.020264,15.1677,6.565797E-05
初号机（完全体）,4,0.008333334,1.925,-0.1930685,-0.5256732,1.560798,3.777401,-7.212646,16.05614,6.565797E-05
初号机（完全体）,4,0.008333334,1.933333,-0.2694242,-0.4859368,1.557651,3.79082,-8.272766,16.84363,6.565797E-05
初号机（完全体）,4,0.008333334,1.941667,-0.3373719,-0.4409463,1.554225,3.80424,-9.21521,17.54189,6.565797E-05
初号机（完全体）,4,0.008333334,1.95,-0.3978372,-0.3947111,1.550773,3.817652,-10.05289,18.16126,6.565797E-05
初号机（完全体）,4,0.008333334,1.958333,-0.4516442,-0.3512562,1.547551,3.831057,-10.79736,18.71087,6.565797E-05
初号机（完全体）,4,0.008333334,1.966667,-0.4995261,-0.3125765,1.544683,3.844446,-11.45892,19.19879,6.565797E-05
初号机（完全体）,4,0.008333334,1.975,-0.5421354,-0.2781561,1.542132,3.857837,-12.04669,19.63213,6.565797E-05
初号机（完全体）,4,0.008333334,1.983333,-0.5800525,-0.2450193,1.540024,3.871218,-12.56876,20.01717,6.565797E-05
初号机（完全体）,4,0.008333334,1.991667,-0.6137943,-0.2082394,1.538622,3.884594,-13.03238,20.35945,6.565797E-05
初号机（完全体）,4,0.008333334,2,-0.6438205,-0.1640963,1.538116,3.897966,-13.444,20.66387,6.565797E-05
初号机（完全体）,4,0.008333334,2.008333,-0.6705403,-0.1103189,1.538608,3.911338,-13.80936,20.93474,6.565797E-05
初号机（完全体）,4,0.008333334,2.016667,-0.6943153,-0.04620587,1.540103,3.924699,-14.13345,21.17586,6.565797E-05
初号机（完全体）,4,0.008333334,2.025,-0.7103779,0.02738634,1.542508,3.938066,-14.34964,21.34033,6.565797E-05
初号机（完全体）,4,0.008333334,2.033334,-0.7111309,0.1081896,1.545644,3.951426,-14.3515,21.35348,6.565797E-05
初号机（完全体）,4,0.008333334,2.041667,-0.6917456,0.1927911,1.54926,3.964782,-14.07144,21.16762,6.565797E-05
初号机（完全体）,4,0.008333334,2.05,-0.6498575,0.2769977,1.553057,3.978108,-13.47644,20.7583,6.565797E-05
初号机（完全体）,4,0.008333334,2.058333,-0.585295,0.3562657,1.556718,3.991441,-12.56403,20.12151,6.565797E-05
初号机（完全体）,4,0.008333334,2.066667,-0.4998376,0.4261569,1.559934,4.004782,-11.3591,19.27172,6.565797E-05
初号机（完全体）,4,0.008333334,2.075,-0.3970011,0.4827812,1.562434,4.018102,-9.910919,18.24072,6.565797E-05
初号机（完全体）,4,0.008333334,2.083333,-0.2818465,0.5231838,1.564009,4.031408,-8.290314,17.07677,6.565797E-05
初号机（完全体）,4,0.008333334,2.091667,-0.1608101,0.5456446,1.564533,4.044734,-6.587341,15.84391,6.565797E-05
初号机（完全体）,4,0.008333334,2.1,-0.04155139,0.5498618,1.563975,4.056612,-4.910217,14.62019,6.565797E-05
初号机（完全体）,4,0.008333334,2.108333,0.06747472,0.5370027,1.562399,4.06108,-3.381134,13.49194,6.565797E-05
初号机（完全体）,4,0.008333334,2.116667,0.1644951,0.5096185,1.55996,4.059566,-2.024017,12.48054,6.565797E-05
初号机（完全体）,4,0.008333334,2.125,0.2508317,0.4714312,1.556891,4.053276,-0.8195496,11.57471,6.565797E-05
初号机（完全体）,4,0.008333334,2.133333,0.3276611,0.4270113,1.553482,4.04323,0.2494096,10.76399,6.565797E-05
初号机（完全体）,4,0.008333334,2.141667,0.3960302,0.3813763,1.550051,4.030286,1.198044,10.03881,6.565797E-05
初号机（完全体）,4,0.008333334,2.15,0.4568706,0.3393798,1.546908,4.015166,2.039876,9.390426,6.565797E-05
初号机（完全体）,4,0.008333334,2.158334,0.5110114,0.2991767,1.544295,3.998467,2.7869,8.810907,6.565797E-05
初号机（完全体）,4,0.008333334,2.166667,0.5591903,0.2551983,1.542503,3.980689,3.449766,8.29309,6.565797E-05
初号机（完全体）,4,0.008333334,2.175,0.6020638,0.2033326,1.541736,3.962242,4.037931,7.830507,6.565797E-05
初号机（完全体）,4,0.008333334,2.183333,0.6402161,0.1412296,1.54209,3.943463,4.559791,7.417337,6.565797E-05
初号机（完全体）,4,0.008333334,2.191667,0.6735901,0.06843851,1.543544,3.924623,5.014723,7.05449,6.565797E-05
初号机（完全体）,4,0.008333334,2.2,0.6946194,-0.01363968,1.545963,3.905945,5.296957,6.822576,6.565797E-05
初号机（完全体）,4,0.008333334,2.208333,0.6960372,-0.1019786,1.54911,3.887599,5.304881,6.79907,6.565797E-05
初号机（完全体）,4,0.008333334,2.216667,0.6736749,-0.1923118,1.552672,3.869723,4.980228,7.028332,6.565797E-05
初号机（完全体）,4,0.008333334,2.225,0.6261204,-0.2796371,1.556293,3.852419,4.303306,7.525004,6.565797E-05
初号机（完全体）,4,0.008333334,2.233333,0.5544154,-0.3587895,1.559609,3.835765,3.288736,8.277156,6.565797E-05
初号机（完全体）,4,0.008333334,2.241667,0.4617842,-0.4250244,1.562287,3.819814,1.981696,9.249199,6.565797E-05
初号机（完全体）,4,0.008333334,2.25,0.3533942,-0.4745517,1.564058,3.804602,0.4545401,10.3847,6.565797E-05
初号机（完全体）,4,0.008333334,2.258333,0.2361414,-0.5049667,1.564746,3.790149,-1.196198,11.60916,6.565797E-05
初号机（完全体）,4,0.008333334,2.266667,0.1184604,-0.5155344,1.564286,3.776464,-2.852417,12.8328,6.565797E-05
初号机（完全体）,4,0.008333334,2.275,0.009976618,-0.5072972,1.56273,3.763543,-4.379395,13.95508,6.565797E-05
初号机（完全体）,4,0.008333334,2.283334,-0.08656116,-0.4829971,1.560243,3.751378,-5.738647,14.94851,6.565797E-05
初号机（完全体）,4,0.008333334,2.291667,-0.1724684,-0.4468194,1.557083,3.739952,-6.948639,15.828,6.565797E-05
初号机（完全体）,4,0.008333334,2.3,-0.2489156,-0.4039851,1.55358,3.729243,-8.025726,16.60679,6.565797E-05
初号机（完全体）,4,0.008333334,2.308333,-0.3169447,-0.3602346,1.550096,3.719227,-8.984497,17.29657,6.565797E-05
初号机（完全体）,4,0.008333334,2.316667,-0.3774824,-0.3205663,1.546948,3.709875,-9.838013,17.90767,6.565797E-05
初号机（完全体）,4,0.008333334,2.325,-0.4313539,-0.2852661,1.544147,3.701159,-10.59778,18.44921,6.565797E-05
初号机（完全体）,4,0.008333334,2.333333,-0.4792932,-0.2510219,1.541838,3.693047,-11.27411,18.92924,6.565797E-05
初号机（完全体）,4,0.008333334,2.341667,-0.5219534,-0.2123462,1.540316,3.68551,-11.87616,19.35487,6.565797E-05
初号机（完全体）,4,0.008333334,2.35,-0.559916,-0.1651993,1.53979,3.678515,-12.41214,19.73236,6.565797E-05
初号机（完全体）,4,0.008333334,2.358333,-0.5936983,-0.1072955,1.540358,3.672033,-12.88922,20.06724,6.565797E-05
初号机（完全体）,4,0.008333334,2.366667,-0.6232068,-0.03824114,1.542003,3.666031,-13.30618,20.35887,6.565797E-05
初号机（完全体）,4,0.008333334,2.375,-0.6411492,0.04051176,1.544591,3.66048,-13.56097,20.53503,6.565797E-05
初号机（完全体）,4,0.008333334,2.383333,-0.6405243,0.1258916,1.547889,3.655353,-13.55554,20.52661,6.565797E-05
初号机（完全体）,4,0.008333334,2.391667,-0.6173057,0.2135915,1.551586,3.650619,-13.23361,20.29343,6.565797E-05
初号机（完全体）,4,0.008333334,2.4,-0.5701151,0.2985735,1.555326,3.646255,-12.57587,19.82042,6.565797E-05
初号机（完全体）,4,0.008333334,2.408334,-0.4999302,0.3756407,1.558749,3.642234,-11.59601,19.11476,6.565797E-05
初号机（完全体）,4,0.008333334,2.416667,-0.409825,0.44002,1.561522,3.638532,-10.3371,18.20403,6.565797E-05
初号机（完全体）,4,0.008333334,2.425,-0.3047396,0.487896,1.563377,3.635126,-8.868317,17.1351,6.565797E-05
初号机（完全体）,4,0.008333334,2.433333,-0.1912742,0.5168415,1.56414,3.631995,-7.282043,15.97307,6.565797E-05
初号机（完全体）,4,0.008333334,2.441667,-0.07750659,0.5261016,1.563747,3.629118,-5.691376,14.80031,6.565797E-05
初号机（完全体）,4,0.008333334,2.45,0.02734166,0.5167007,1.56225,3.626477,-4.225403,13.71323,6.565797E-05
初号机（完全体）,4,0.008333334,2.458333,0.1206442,0.4913651,1.559816,3.624055,-2.920898,12.74118,6.565797E-05
初号机（完全体）,4,0.008333334,2.466667,0.2036725,0.4542659,1.556703,3.621833,-1.760101,11.87276,6.565797E-05
初号机（完全体）,4,0.008333334,2.475,0.2775578,0.4106116,1.553241,3.619796,-0.7271423,11.09747,6.565797E-05
初号机（完全体）,4,0.008333334,2.483333,0.343307,0.3661315,1.549795,3.617931,0.1920151,10.40572,6.565797E-05
初号机（完全体）,4,0.008333334,2.491667,0.401816,0.3258137,1.54668,3.616223,1.009929,9.78878,6.565797E-05
初号机（完全体）,4,0.008333334,2.5,0.4538821,0.2871045,1.544092,3.614659,1.737747,9.238764,6.565797E-05
初号机（完全体）,4,0.008333334,2.508333,0.5002148,0.2444555,1.542323,3.61323,2.385394,8.748562,6.565797E-05
初号机（完全体）,4,0.008333334,2.516667,0.5414454,0.1937727,1.541575,3.611922,2.9617,8.31177,6.565797E-05
初号机（完全体）,4,0.008333334,2.525,0.5781358,0.1327225,1.541947,3.610728,3.474525,7.922651,6.565797E-05
初号机（完全体）,4,0.008333334,2.533334,0.610243,0.06086816,1.543417,3.609637,3.923259,7.581816,6.565797E-05
初号机（完全体）,4,0.008333334,2.541667,0.6306589,-0.02037639,1.54585,3.60864,4.208398,7.364805,6.565797E-05
初号机（完全体）,4,0.008333334,2.55,0.6325562,-0.1079735,1.549009,3.607731,4.234366,7.344256,6.565797E-05
初号机（完全体）,4,0.008333334,2.558333,0.6120209,-0.1976465,1.552582,3.606901,3.94637,7.561703,6.565797E-05
初号机（完全体）,4,0.008333334,2.566667,0.5677317,-0.2843844,1.556213,3.606143,3.325907,8.030769,6.565797E-05
初号机（完全体）,4,0.008333334,2.575,0.5006744,-0.363014,1.559538,3.605453,2.386772,8.740138,6.565797E-05
初号机（完全体）,4,0.008333334,2.583333,0.4138876,-0.4287837,1.562224,3.604822,1.171502,9.656296,6.565797E-05
初号机（完全体）,4,0.008333334,2.591667,0.3122374,-0.477897,1.564002,3.604249,-0.2518005,10.72617,6.565797E-05
初号机（完全体）,4,0.008333334,2.6,0.2022151,-0.5079437,1.564696,3.603725,-1.792267,11.87979,6.565797E-05
初号机（完全体）,4,0.008333334,2.608334,0.09175911,-0.5181836,1.564242,3.603249,-3.338745,13.03282,6.565797E-05
初号机（完全体）,4,0.008333334,2.616667,-0.01007226,-0.5096547,1.562691,3.602815,-4.764496,14.09075,6.565797E-05
初号机（完全体）,4,0.008333334,2.625,-0.1006901,-0.485095,1.560207,3.60242,-6.033234,15.0277,6.565797E-05
初号机（完全体）,4,0.008333334,2.633333,-0.1813293,-0.4486862,1.557052,3.60206,-7.162292,15.85764,6.565797E-05
初号机（完全体）,4,0.008333334,2.641667,-0.2530887,-0.4056463,1.553552,3.601733,-8.166992,16.59296,6.565797E-05
初号机（完全体）,4,0.008333334,2.65,-0.316946,-0.361713,1.550071,3.601436,-9.061096,17.2446,6.565797E-05
初号机（完全体）,4,0.008333334,2.658334,-0.3737715,-0.3218818,1.546926,3.601165,-9.85672,17.82223,6.565797E-05
初号机（完全体）,4,0.008333334,2.666667,-0.4243395,-0.2864367,1.544127,3.600919,-10.56473,18.33439,6.565797E-05
初号机（完全体）,4,0.008333334,2.675,-0.469339,-0.2520636,1.54182,3.600695,-11.19479,18.78864,6.565797E-05
初号机（完全体）,4,0.008333334,2.683333,-0.5093833,-0.2132732,1.540301,3.600492,-11.75546,19.19161,6.565797E-05
初号机（完全体）,4,0.008333334,2.691667,-0.5450179,-0.1660242,1.539776,3.600308,-12.25439,19.54919,6.565797E-05
初号机（完全体）,4,0.008333334,2.7,-0.5767285,-0.1080296,1.540346,3.600139,-12.69839,19.86657,6.565797E-05
初号机（完全体）,4,0.008333334,2.708333,-0.6044043,-0.03889441,1.541992,3.599987,-13.08591,20.14292,6.565797E-05
初号机（完全体）,4,0.008333334,2.716667,-0.6208767,0.03993044,1.544582,3.599849,-13.31659,20.30709,6.565797E-05
初号机（完全体）,4,0.008333334,2.725,-0.6192649,0.1253743,1.547881,3.599723,-13.2941,20.29098,6.565797E-05
初号机（完全体）,4,0.008333334,2.733334,-0.5956069,0.2131311,1.551578,3.59961,-12.96301,20.05496,6.565797E-05
初号机（完全体）,4,0.008333334,2.741667,-0.5485389,0.2981639,1.55532,3.599507,-12.30423,19.58413,6.565797E-05
初号机（完全体）,4,0.008333334,2.75,-0.4790086,0.3752761,1.558743,3.599413,-11.33099,18.88552,6.565797E-05
初号机（完全体）,4,0.008333334,2.758333,-0.3900214,0.4396956,1.561516,3.599328,-10.08539,17.98623,6.565797E-05
初号机（完全体）,4,0.008333334,2.766667,-0.2864129,0.4876073,1.563372,3.599249,-8.635101,16.93232,6.565797E-05
初号机（完全体）,4,0.008333334,2.775,-0.174648,0.5165846,1.564136,3.599179,-7.070618,15.78772,6.565797E-05
初号机（完全体）,4,0.008333334,2.783334,-0.06264128,0.525873,1.563743,3.599115,-5.502777,14.63327,6.565797E-05
初号机（完全体）,4,0.008333334,2.791667,0.04057004,0.5164974,1.562247,3.599058,-4.058044,13.56348,6.565797E-05
初号机（完全体）,4,0.008333334,2.8,0.1324159,0.4911842,1.559813,3.599006,-2.7724,12.60706,6.565797E-05
初号机（完全体）,4,0.008333334,2.808333,0.2141479,0.4541049,1.5567,3.598958,-1.628326,11.75273,6.565797E-05
初号机（完全体）,4,0.008333334,2.816667,0.2868797,0.4104683,1.553239,3.598915,-0.6102295,10.99011,6.565797E-05
初号机（完全体）,4,0.008333334,2.825,0.3516023,0.366004,1.549793,3.598875,0.2957506,10.30974,6.565797E-05
初号机（完全体）,4,0.008333334,2.833333,0.4091979,0.3257003,1.546678,3.59884,1.101965,9.703013,6.565797E-05
初号机（完全体）,4,0.008333334,2.841667,0.4604511,0.2870035,1.544091,3.598808,1.819399,9.162146,6.565797E-05
初号机（完全体）,4,0.008333334,2.85,0.5060604,0.2443656,1.542321,3.598779,2.457831,8.680129,6.565797E-05
初号机（完全体）,4,0.008333334,2.858334,0.5466473,0.1936928,1.541574,3.598753,3.025959,8.250663,6.565797E-05
初号机（完全体）,4,0.008333334,2.866667,0.5827649,0.1326513,1.541946,3.598729,3.531526,7.868093,6.565797E-05
初号机（完全体）,4,0.008333334,2.875,0.6143623,0.06080483,1.543416,3.598707,3.973819,7.533105,6.565797E-05
初号机（完全体）,4,0.008333334,2.883333,0.6343246,-0.02043275,1.545849,3.598688,4.253243,7.321338,6.565797E-05
初号机（完全体）,4,0.008333334,2.891667,0.6358182,-0.1080236,1.549008,3.59867,4.274141,7.305479,6.565797E-05
初号机（完全体）,4,0.008333334,2.9,0.6149238,-0.1976911,1.552581,3.598655,3.981645,7.527129,6.565797E-05
初号机（完全体）,4,0.008333334,2.908334,0.5703149,-0.2844241,1.556212,3.59864,3.35719,7.999963,6.565797E-05
初号机（完全体）,4,0.008333334,2.916667,0.5029732,-0.3630494,1.559537,3.598627,2.414516,8.712706,6.565797E-05
初号机（完全体）,4,0.008333334,2.925,0.4159334,-0.4288152,1.562223,3.598615,1.196103,9.631886,6.565797E-05
初号机（完全体）,4,0.008333334,2.933333,0.314058,-0.477925,1.564001,3.598605,-0.2299805,10.70447,6.565797E-05
初号机（完全体）,4,0.008333334,2.941667,0.2038353,-0.5079686,1.564696,3.598595,-1.772919,11.86051,6.565797E-05
初号机（完全体）,4,0.008333334,2.95,0.09320106,-0.5182057,1.564241,3.598586,-3.321594,13.0157,6.565797E-05
初号机（完全体）,4,0.008333334,2.958333,-0.008789024,-0.5096744,1.56269,3.598577,-4.749298,14.07555,6.565797E-05
初号机（完全体）,4,0.008333334,2.966667,-0.09954815,-0.4851125,1.560207,3.59857,-6.019775,15.0142,6.565797E-05
初号机（完全体）,4,0.008333334,2.975,-0.180313,-0.4487018,1.557051,3.598564,-7.15033,15.84565,6.565797E-05
初号机（完全体）,4,0.008333334,2.983334,-0.2521842,-0.4056602,1.553551,3.598558,-8.156403,16.5823,6.565797E-05
初号机（完全体）,4,0.008333334,2.991667,-0.3161411,-0.3617253,1.550071,3.598553,-9.051697,17.23513,6.565797E-05
初号机（完全体）,4,0.008333334,3,-0.3730552,-0.3218928,1.546926,3.598548,-9.848389,17.81381,6.565797E-05
初号机（完全体）,4,0.008333334,3.008333,-0.423702,-0.2864465,1.544127,3.598544,-10.55734,18.32691,6.565797E-05
初号机（完全体）,4,0.008333334,3.016667,-0.4687716,-0.2520724,1.54182,3.598541,-11.18826,18.78197,6.565797E-05
初号机（完全体）,4,0.008333334,3.025,-0.5088783,-0.213281,1.540301,3.598536,-11.74966,19.18568,6.565797E-05
初号机（完全体）,4,0.008333334,3.033334,-0.5445685,-0.1660312,1.539776,3.598533,-12.24927,19.54391,6.565797E-05
初号机（完全体）,4,0.008333334,3.041667,-0.5763285,-0.1080358,1.540346,3.598529,-12.69385,19.86187,6.565797E-05
初号机（完全体）,4,0.008333334,3.05,-0.6040483,-0.03889989,1.541992,3.598526,-13.08188,20.13874,6.565797E-05
初号机（完全体）,4,0.008333334,3.058333,-0.6205599,0.03992555,1.544582,3.598524,-13.31302,20.30336,6.565797E-05
初号机（完全体）,4,0.008333334,3.066667,-0.6189829,0.1253699,1.547881,3.598521,-13.29095,20.28765,6.565797E-05
初号机（完全体）,4,0.008333334,3.075,-0.5953558,0.2131273,1.551578,3.598519,-12.96021,20.05198,6.565797E-05
初号机（完全体）,4,0.008333334,3.083333,-0.5483153,0.2981604,1.55532,3.598517,-12.30173,19.58146,6.565797E-05
初号机（完全体）,4,0.008333334,3.091667,-0.4788096,0.3752731,1.558743,3.598516,-11.32877,18.88312,6.565797E-05
初号机（完全体）,4,0.008333334,3.1,-0.3898442,0.4396929,1.561516,3.598514,-10.08344,17.98408,6.565797E-05
初号机（完全体）,4,0.008333334,3.108334,-0.2862551,0.4876049,1.563372,3.598513,-8.633362,16.93038,6.565797E-05
初号机（完全体）,4,0.008333334,3.116667,-0.1745075,0.5165825,1.564136,3.598511,-7.069092,15.78598,6.565797E-05
初号机（完全体）,4,0.008333334,3.125,-0.06251623,0.5258711,1.563743,3.598511,-5.501404,14.63171,6.565797E-05
初号机（完全体）,4,0.008333334,3.133333,0.04068144,0.5164956,1.562247,3.59851,-4.056824,13.56207,6.565797E-05
初号机（完全体）,4,0.008333334,3.141667,0.1325152,0.4911826,1.559812,3.598509,-2.771332,12.6058,6.565797E-05
初号机（完全体）,4,0.008333334,3.15,0.2142363,0.4541035,1.5567,3.598508,-1.62738,11.7516,6.565797E-05
初号机（完全体）,4,0.008333334,3.158334,0.2869585,0.4104671,1.553239,3.598507,-0.609375,10.98911,6.565797E-05
初号机（完全体）,4,0.008333334,3.166667,0.3516726,0.3660029,1.549793,3.598507,0.2964956,10.30884,6.565797E-05
初号机（完全体）,4,0.008333334,3.175,0.4092606,0.3256993,1.546678,3.598506,1.102625,9.702198,6.565797E-05
初号机（完全体）,4,0.008333334,3.183333,0.4605071,0.2870027,1.544091,3.598506,1.819986,9.161416,6.565797E-05
初号机（完全体）,4,0.008333334,3.191667,0.5061104,0.2443648,1.542321,3.598505,2.458352,8.679474,6.565797E-05
初号机（完全体）,4,0.008333334,3.2,0.5466919,0.1936921,1.541574,3.598505,3.026421,8.25008,6.565797E-05
初号机（完全体）,4,0.008333334,3.208333,0.5828047,0.1326508,1.541946,3.598505,3.531936,7.867566,6.565797E-05
初号机（完全体）,4,0.008333334,3.216667,0.6143978,0.06080431,1.543416,3.598504,3.974186,7.532636,6.565797E-05
初号机（完全体）,4,0.008333334,3.225,0.6343564,-0.02043321,1.545849,3.598504,4.25357,7.320915,6.565797E-05
初号机（完全体）,4,0.008333334,3.233334,0.6358466,-0.108024,1.549008,3.598504,4.274431,7.305101,6.565797E-05
初号机（完全体）,4,0.008333334,3.241667,0.614949,-0.1976915,1.552581,3.598504,3.981901,7.526793,6.565797E-05
初号机（完全体）,4,0.008333334,3.25,0.5703375,-0.2844244,1.556212,3.598503,3.357418,7.999661,6.565797E-05
初号机（完全体）,4,0.008333334,3.258333,0.5029933,-0.3630497,1.559537,3.598503,2.414716,8.712436,6.565797E-05
初号机（完全体）,4,0.008333334,3.266667,0.4159513,-0.4288154,1.562223,3.598503,1.196282,9.631645,6.565797E-05
初号机（完全体）,4,0.008333334,3.275,0.3140739,-0.4779252,1.564001,3.598503,-0.2298279,10.70426,6.565797E-05
初号机（完全体）,4,0.008333334,3.283334,0.2038494,-0.5079688,1.564696,3.598503,-1.772766,11.86032,6.565797E-05
初号机（完全体）,4,0.008333334,3.291667,0.09321354,-0.5182059,1.564241,3.598503,-3.321472,13.01553,6.565797E-05
初号机（完全体）,4,0.008333334,3.3,-0.008777984,-0.5096745,1.56269,3.598503,-4.749176,14.07539,6.565797E-05
初号机（完全体）,4,0.008333334,3.308333,-0.09953839,-0.4851126,1.560207,3.598503,-6.019653,15.01407,6.565797E-05
初号机（完全体）,4,0.008333334,3.316667,-0.1803044,-0.4487019,1.557051,3.598503,-7.150238,15.84553,6.565797E-05
初号机（完全体）,4,0.008333334,3.325,-0.2521766,-0.4056603,1.553551,3.598503,-8.156342,16.5822,6.565797E-05
初号机（完全体）,4,0.008333334,3.333333,-0.3161344,-0.3617254,1.550071,3.598503,-9.051636,17.23504,6.565797E-05
初号机（完全体）,4,0.008333334,3.341667,-0.3730493,-0.3218928,1.546926,3.598503,-9.848328,17.81373,6.565797E-05
初号机（完全体）,4,0.008333334,3.35,-0.4236968,-0.2864466,1.544127,3.598503,-10.55731,18.32684,6.565797E-05
初号机（完全体）,4,0.008333334,3.358334,-0.4687671,-0.2520724,1.54182,3.598503,-11.1882,18.78191,6.565797E-05
初号机（完全体）,4,0.008333334,3.366667,-0.5088743,-0.213281,1.540301,3.598503,-11.74963,19.18563,6.565797E-05
初号机（完全体）,4,0.008333334,3.375,-0.544565,-0.1660312,1.539776,3.598503,-12.24924,19.54387,6.565797E-05
初号机（完全体）,4,0.008333334,3.383333,-0.5763255,-0.1080358,1.540346,3.598503,-12.69382,19.86183,6.565797E-05
初号机（完全体）,4,0.008333334,3.391667,-0.6040456,-0.03889989,1.541992,3.598503,-13.08185,20.1387,6.565797E-05
初号机（完全体）,4,0.008333334,3.4,-0.6205577,0.03992555,1.544582,3.598503,-13.31299,20.30333,6.565797E-05
初号机（完全体）,4,0.008333334,3.408334,-0.6189809,0.1253699,1.547881,3.598503,-13.29092,20.28762,6.565797E-05
初号机（完全体）,4,0.008333334,3.416667,-0.5953542,0.2131273,1.551578,3.598503,-12.96021,20.05196,6.565797E-05
初号机（完全体）,4,0.008333334,3.425,-0.5483139,0.2981604,1.55532,3.598503,-12.30173,19.58144,6.565797E-05
初号机（完全体）,4,0.008333334,3.433333,-0.4788085,0.3752731,1.558743,3.598503,-11.32877,18.8831,6.565797E-05
初号机（完全体）,4,0.008333334,3.441667,-0.3898432,0.4396929,1.561516,3.598503,-10.0834,17.98407,6.565797E-05
初号机（完全体）,4,0.008333334,3.45,-0.2862543,0.4876049,1.563372,3.598503,-8.633362,16.93037,6.565797E-05
初号机（完全体）,4,0.008333334,3.458333,-0.174507,0.5165825,1.564136,3.598503,-7.069092,15.78597,6.565797E-05
初号机（完全体）,4,0.008333334,3.466667,-0.06251588,0.5258711,1.563743,3.598503,-5.501404,14.6317,6.565797E-05
初号机（完全体）,4,0.008333334,3.475,0.04068163,0.5164956,1.562247,3.598503,-4.056824,13.56207,6.565797E-05
初号机（完全体）,4,0.008333334,3.483334,0.1325152,0.4911826,1.559812,3.598503,-2.771332,12.60579,6.565797E-05
初号机（完全体）,4,0.008333334,3.491667,0.2142362,0.4541035,1.5567,3.598503,-1.62738,11.7516,6.565797E-05
初号机（完全体）,4,0.008333334,3.5,0.2869583,0.4104671,1.553239,3.598503,-0.6094055,10.98911,6.565797E-05
初号机（完全体）,4,0.008333334,3.508333,0.3516724,0.3660029,1.549793,3.598503,0.2964879,10.30884,6.565797E-05
初号机（完全体）,4,0.008333334,3.516667,0.4092602,0.3256993,1.546678,3.598503,1.102617,9.702204,6.565797E-05
初号机（完全体）,4,0.008333334,3.525,0.4605066,0.2870027,1.544091,3.598503,1.819978,9.161421,6.565797E-05
初号机（完全体）,4,0.008333334,3.533334,0.5061098,0.2443648,1.542321,3.598503,2.458342,8.67948,6.565797E-05
初号机（完全体）,4,0.008333334,3.541667,0.5466912,0.1936921,1.541574,3.598503,3.026411,8.250085,6.565797E-05
初号机（完全体）,4,0.008333334,3.55,0.582804,0.1326508,1.541946,3.598503,3.531925,7.867576,6.565797E-05
初号机（完全体）,4,0.008333334,3.558334,0.614397,0.06080431,1.543416,3.598503,3.974173,7.532644,6.565797E-05
初号机（完全体）,4,0.008333334,3.566667,0.6343555,-0.02043321,1.545849,3.598503,4.253557,7.320923,6.565797E-05
初号机（完全体）,4,0.008333334,3.575,0.6358457,-0.108024,1.549008,3.598503,4.274417,7.305111,6.565797E-05
初号机（完全体）,4,0.008333334,3.583333,0.6149483,-0.1976915,1.552581,3.598503,3.98189,7.526798,6.565797E-05
初号机（完全体）,4,0.008333334,3.591667,0.5703367,-0.2844244,1.556212,3.598503,3.357405,7.999669,6.565797E-05
初号机（完全体）,4,0.008333334,3.6,0.5029925,-0.3630497,1.559537,3.598503,2.414706,8.712441,6.565797E-05
初号机（完全体）,4,0.008333334,3.608334,0.4159505,-0.4288154,1.562223,3.598503,1.196269,9.631654,6.565797E-05
初号机（完全体）,4,0.008333334,3.616667,0.3140731,-0.4779252,1.564001,3.598503,-0.2298279,10.70427,6.565797E-05
初号机（完全体）,4,0.008333334,3.625,0.2038487,-0.5079688,1.564696,3.598503,-1.772797,11.86033,6.565797E-05
初号机（完全体）,4,0.008333334,3.633333,0.09321293,-0.5182059,1.564241,3.598503,-3.321503,13.01554,6.565797E-05
初号机（完全体）,4,0.008333334,3.641667,-0.008778528,-0.5096745,1.56269,3.598503,-4.749176,14.0754,6.565797E-05
初号机（完全体）,4,0.008333334,3.65,-0.09953887,-0.4851126,1.560207,3.598503,-6.019684,15.01407,6.565797E-05
初号机（完全体）,4,0.008333334,3.658334,-0.1803048,-0.4487019,1.557051,3.598503,-7.150269,15.84554,6.565797E-05
初号机（完全体）,4,0.008333334,3.666667,-0.252177,-0.4056603,1.553551,3.598503,-8.156342,16.58221,6.565797E-05
初号机（完全体）,4,0.008333334,3.675,-0.3161348,-0.3617254,1.550071,3.598503,-9.051636,17.23504,6.565797E-05
初号机（完全体）,4,0.008333334,3.683334,-0.3730496,-0.3218928,1.546926,3.598503,-9.848328,17.81373,6.565797E-05
初号机（完全体）,4,0.008333334,3.691667,-0.4236971,-0.2864466,1.544127,3.598503,-10.55731,18.32684,6.565797E-05
初号机（完全体）,4,0.008333334,3.7,-0.4687673,-0.2520724,1.54182,3.598503,-11.1882,18.78192,6.565797E-05
初号机（完全体）,4,0.008333334,3.708333,-0.5088745,-0.213281,1.540301,3.598503,-11.74963,19.18563,6.565797E-05
初号机（完全体）,4,0.008333334,3.716667,-0.5445652,-0.1660312,1.539776,3.598503,-12.24924,19.54387,6.565797E-05
初号机（完全体）,4,0.008333334,3.725,-0.5763257,-0.1080358,1.540346,3.598503,-12.69382,19.86184,6.565797E-05
初号机（完全体）,4,0.008333334,3.733334,-0.6040458,-0.03889989,1.541992,3.598503,-13.08185,20.1387,6.565797E-05
初号机（完全体）,4,0.008333334,3.741667,-0.6205578,0.03992555,1.544582,3.598503,-13.31299,20.30333,6.565797E-05
初号机（完全体）,4,0.008333334,3.75,-0.6189811,0.1253699,1.547881,3.598503,-13.29092,20.28762,6.565797E-05
初号机（完全体）,4,0.008333334,3.758333,-0.5953544,0.2131273,1.551578,3.598503,-12.96021,20.05196,6.565797E-05
初号机（完全体）,4,0.008333334,3.766667,-0.5483141,0.2981604,1.55532,3.598503,-12.30173,19.58144,6.565797E-05
初号机（完全体）,4,0.008333334,3.775,-0.4788086,0.3752731,1.558743,3.598503,-11.32877,18.8831,6.565797E-05
初号机（完全体）,4,0.008333334,3.783334,-0.3898433,0.4396929,1.561516,3.598503,-10.08344,17.98407,6.565797E-05
初号机（完全体）,4,0.008333334,3.791667,-0.2862545,0.4876049,1.563372,3.598503,-8.633362,16.93037,6.565797E-05
初号机（完全体）,4,0.008333334,3.8,-0.1745071,0.5165825,1.564136,3.598503,-7.069092,15.78597,6.565797E-05
初号机（完全体）,4,0.008333334,3.808334,-0.062516,0.5258711,1.563743,3.598503,-5.501434,14.6317,6.565797E-05
初号机（完全体）,4,0.008333334,3.816667,0.04068152,0.5164956,1.562247,3.598503,-4.056824,13.56207,6.565797E-05
初号机（完全体）,4,0.008333334,3.825,0.1325151,0.4911826,1.559812,3.598503,-2.771332,12.60579,6.565797E-05
初号机（完全体）,4,0.008333334,3.833333,0.2142362,0.4541035,1.5567,3.598503,-1.62738,11.7516,6.565797E-05
初号机（完全体）,4,0.008333334,3.841667,0.2869582,0.4104671,1.553239,3.598503,-0.6094055,10.9891,6.565797E-05
初号机（完全体）,4,0.008333334,3.85,0.3516723,0.3660029,1.549793,3.598503,0.2964875,10.30884,6.565797E-05
初号机（完全体）,4,0.008333334,3.858334,0.4092601,0.3256993,1.546678,3.598503,1.102617,9.702203,6.565797E-05
初号机（完全体）,4,0.008333334,3.866667,0.4605065,0.2870027,1.544091,3.598503,1.819975,9.161421,6.565797E-05
初号机（完全体）,4,0.008333334,3.875,0.5061097,0.2443648,1.542321,3.598503,2.458341,8.67948,6.565797E-05
初号机（完全体）,4,0.008333334,3.883333,0.5466912,0.1936921,1.541574,3.598503,3.026411,8.250086,6.565797E-05
初号机（完全体）,4,0.008333334,3.891667,0.5828039,0.1326508,1.541946,3.598503,3.531925,7.867576,6.565797E-05
初号机（完全体）,4,0.008333334,3.9,0.614397,0.06080431,1.543416,3.598503,3.974173,7.532643,6.565797E-05
初号机（完全体）,4,0.008333334,3.908334,0.6343555,-0.02043321,1.545849,3.598503,4.253556,7.320922,6.565797E-05
初号机（完全体）,4,0.008333334,3.916667,0.6358457,-0.108024,1.549008,3.598503,4.274416,7.305112,6.565797E-05
初号机（完全体）,4,0.008333334,3.925,0.6149482,-0.1976915,1.552581,3.598503,3.981889,7.526799,6.565797E-05
初号机（完全体）,4,0.008333334,3.933334,0.5703366,-0.2844244,1.556212,3.598503,3.357405,7.999669,6.565797E-05
初号机（完全体）,4,0.008333334,3.941667,0.5029925,-0.3630497,1.559537,3.598503,2.414705,8.712442,6.565797E-05
初号机（完全体）,4,0.008333334,3.95,0.4159504,-0.4288154,1.562223,3.598503,1.196269,9.631655,6.565797E-05
初号机（完全体）,4,0.008333334,3.958333,0.3140731,-0.4779252,1.564001,3.598503,-0.2298279,10.70427,6.565797E-05
初号机（完全体）,4,0.008333334,3.966667,0.2038487,-0.5079688,1.564696,3.598503,-1.772797,11.86033,6.565797E-05
初号机（完全体）,4,0.008333334,3.975,0.09321288,-0.5182059,1.564241,3.598503,-3.321503,13.01554,6.565797E-05
初号机（完全体）,4,0.008333334,3.983334,-0.008778575,-0.5096745,1.56269,3.598503,-4.749207,14.0754,6.565797E-05
初号机（完全体）,4,0.008333334,3.991667,-0.09953891,-0.4851126,1.560207,3.598503,-6.019684,15.01407,6.565797E-05
初号机（完全体）,4,0.008333334,4,-0.1803049,-0.4487019,1.557051,3.598503,-7.150269,15.84554,6.565797E-05
初号机（完全体）,4,0.008333334,4.008334,-0.2521771,-0.4056603,1.553551,3.598503,-8.156342,16.58221,6.565797E-05
初号机（完全体）,4,0.008333334,4.016667,-0.3161348,-0.3617254,1.550071,3.598503,-9.051636,17.23504,6.565797E-05
初号机（完全体）,4,0.008333334,4.025,-0.3730496,-0.3218928,1.546926,3.598503,-9.848328,17.81373,6.565797E-05
初号机（完全体）,4,0.008333334,4.033334,-0.4236971,-0.2864466,1.544127,3.598503,-10.55731,18.32684,6.565797E-05
初号机（完全体）,4,0.008333334,4.041667,-0.4687673,-0.2520724,1.54182,3.598503,-11.1882,18.78192,6.565797E-05
初号机（完全体）,4,0.008333334,4.05,-0.5088745,-0.213281,1.540301,3.598503,-11.74963,19.18563,6.565797E-05
初号机（完全体）,4,0.008333334,4.058333,-0.5445652,-0.1660312,1.539776,3.598503,-12.24924,19.54387,6.565797E-05
初号机（完全体）,4,0.008333334,4.066667,-0.5763257,-0.1080358,1.540346,3.598503,-12.69382,19.86184,6.565797E-05
初号机（完全体）,4,0.008333334,4.075,-0.6040458,-0.03889989,1.541992,3.598503,-13.08185,20.1387,6.565797E-05
初号机（完全体）,4,0.008333334,4.083333,-0.6205578,0.03992555,1.544582,3.598503,-13.31299,20.30333,6.565797E-05
初号机（完全体）,4,0.008333334,4.091667,-0.6189811,0.1253699,1.547881,3.598503,-13.29092,20.28762,6.565797E-05
初号机（完全体）,4,0.008333334,4.1,-0.5953544,0.2131273,1.551578,3.598503,-12.96021,20.05196,6.565797E-05
初号机（完全体）,4,0.008333334,4.108334,-0.5483141,0.2981604,1.55532,3.598503,-12.30173,19.58144,6.565797E-05
初号机（完全体）,4,0.008333334,4.116667,-0.4788086,0.3752731,1.558743,3.598503,-11.32877,18.8831,6.565797E-05
初号机（完全体）,4,0.008333334,4.125,-0.3898433,0.4396929,1.561516,3.598503,-10.08344,17.98407,6.565797E-05
初号机（完全体）,4,0.008333334,4.133334,-0.2862545,0.4876049,1.563372,3.598503,-8.633362,16.93037,6.565797E-05
初号机（完全体）,4,0.008333334,4.141667,-0.1745071,0.5165825,1.564136,3.598503,-7.069092,15.78597,6.565797E-05
初号机（完全体）,4,0.008333334,4.15,-0.062516,0.5258711,1.563743,3.598503,-5.501434,14.6317,6.565797E-05
初号机（完全体）,4,0.008333334,4.158334,0.04068152,0.5164956,1.562247,3.598503,-4.056824,13.56207,6.565797E-05
初号机（完全体）,4,0.008333334,4.166667,0.1325151,0.4911826,1.559812,3.598503,-2.771332,12.60579,6.565797E-05
初号机（完全体）,4,0.008333334,4.175,0.2142362,0.4541035,1.5567,3.598503,-1.62738,11.7516,6.565797E-05
初号机（完全体）,4,0.008333334,4.183333,0.2869582,0.4104671,1.553239,3.598503,-0.6094055,10.9891,6.565797E-05
初号机（完全体）,4,0.008333334,4.191667,0.3516723,0.3660029,1.549793,3.598503,0.2964875,10.30884,6.565797E-05
初号机（完全体）,4,0.008333334,4.2,0.4092601,0.3256993,1.546678,3.598503,1.102617,9.702203,6.565797E-05
初号机（完全体）,4,0.008333334,4.208333,0.4605065,0.2870027,1.544091,3.598503,1.819976,9.161421,6.565797E-05
初号机（完全体）,4,0.008333334,4.216667,0.5061097,0.2443648,1.542321,3.598503,2.458341,8.67948,6.565797E-05
初号机（完全体）,4,0.008333334,4.225,0.5466912,0.1936921,1.541574,3.598503,3.02641,8.250086,6.565797E-05
初号机（完全体）,4,0.008333334,4.233334,0.5828039,0.1326508,1.541946,3.598503,3.531925,7.867576,6.565797E-05
初号机（完全体）,4,0.008333334,4.241667,0.614397,0.06080431,1.543416,3.598503,3.974173,7.532643,6.565797E-05
初号机（完全体）,4,0.008333334,4.25,0.6343555,-0.02043321,1.545849,3.598503,4.253556,7.320922,6.565797E-05
初号机（完全体）,4,0.008333334,4.258334,0.6358457,-0.108024,1.549008,3.598503,4.274416,7.305112,6.565797E-05
初号机（完全体）,4,0.008333334,4.266667,0.6149482,-0.1976915,1.552581,3.598503,3.981889,7.526799,6.565797E-05
初号机（完全体）,4,0.008333334,4.275,0.5703366,-0.2844244,1.556212,3.598503,3.357405,7.999669,6.565797E-05
初号机（完全体）,4,0.008333334,4.283334,0.5029925,-0.3630497,1.559537,3.598503,2.414705,8.712442,6.565797E-05
初号机（完全体）,4,0.008333334,4.291667,0.4159504,-0.4288154,1.562223,3.598503,1.196269,9.631655,6.565797E-05
初号机（完全体）,4,0.008333334,4.3,0.3140731,-0.4779252,1.564001,3.598503,-0.2298279,10.70427,6.565797E-05
初号机（完全体）,4,0.008333334,4.308333,0.2038487,-0.5079688,1.564696,3.598503,-1.772797,11.86033,6.565797E-05
初号机（完全体）,4,0.008333334,4.316667,0.09321288,-0.5182059,1.564241,3.598503,-3.321503,13.01554,6.565797E-05
初号机（完全体）,4,0.008333334,4.325,-0.008778575,-0.5096745,1.56269,3.598503,-4.749207,14.0754,6.565797E-05
初号机（完全体）,4,0.008333334,4.333333,-0.09953891,-0.4851126,1.560207,3.598503,-6.019684,15.01407,6.565797E-05
初号机（完全体）,4,0.008333334,4.341667,-0.1803049,-0.4487019,1.557051,3.598503,-7.150269,15.84554,6.565797E-05
初号机（完全体）,4,0.008333334,4.35,-0.2521771,-0.4056603,1.553551,3.598503,-8.156342,16.58221,6.565797E-05
初号机（完全体）,4,0.008333334,4.358334,-0.3161348,-0.3617254,1.550071,3.598503,-9.051636,17.23504,6.565797E-05
初号机（完全体）,4,0.008333334,4.366667,-0.3730496,-0.3218928,1.546926,3.598503,-9.848328,17.81373,6.565797E-05
初号机（完全体）,4,0.008333334,4.375,-0.4236971,-0.2864466,1.544127,3.598503,-10.55731,18.32684,6.565797E-05
初号机（完全体）,4,0.008333334,4.383334,-0.4687673,-0.2520724,1.54182,3.598503,-11.1882,18.78192,6.565797E-05
初号机（完全体）,4,0.008333334,4.391667,-0.5088745,-0.213281,1.540301,3.598503,-11.74963,19.18563,6.565797E-05
初号机（完全体）,4,0.008333334,4.4,-0.5445652,-0.1660312,1.539776,3.598503,-12.24924,19.54387,6.565797E-05
初号机（完全体）,4,0.008333334,4.408334,-0.5763257,-0.1080358,1.540346,3.598503,-12.69382,19.86184,6.565797E-05
初号机（完全体）,4,0.008333334,4.416667,-0.6040458,-0.03889989,1.541992,3.598503,-13.08185,20.1387,6.565797E-05
初号机（完全体）,4,0.008333334,4.425,-0.6205578,0.03992555,1.544582,3.598503,-13.31299,20.30333,6.565797E-05
初号机（完全体）,4,0.008333334,4.433333,-0.6189811,0.1253699,1.547881,3.598503,-13.29092,20.28762,6.565797E-05
初号机（完全体）,4,0.008333334,4.441667,-0.5953544,0.2131273,1.551578,3.598503,-12.96021,20.05196,6.565797E-05
初号机（完全体）,4,0.008333334,4.45,-0.5483141,0.2981604,1.55532,3.598503,-12.30173,19.58144,6.565797E-05
初号机（完全体）,4,0.008333334,4.458333,-0.4788086,0.3752731,1.558743,3.598503,-11.32877,18.8831,6.565797E-05
初号机（完全体）,4,0.008333334,4.466667,-0.3898433,0.4396929,1.561516,3.598503,-10.08344,17.98407,6.565797E-05
初号机（完全体）,4,0.008333334,4.475,-0.2862545,0.4876049,1.563372,3.598503,-8.633362,16.93037,6.565797E-05
初号机（完全体）,4,0.008333334,4.483334,-0.1745071,0.5165825,1.564136,3.598503,-7.069092,15.78597,6.565797E-05
初号机（完全体）,4,0.008333334,4.491667,-0.062516,0.5258711,1.563743,3.598503,-5.501434,14.6317,6.565797E-05
初号机（完全体）,4,0.008333334,4.5,0.04068152,0.5164956,1.562247,3.598503,-4.056824,13.56207,6.565797E-05
初号机（完全体）,4,0.008333334,4.508334,0.1325151,0.4911826,1.559812,3.598503,-2.771332,12.60579,6.565797E-05
初号机（完全体）,4,0.008333334,4.516667,0.2142362,0.4541035,1.5567,3.598503,-1.62738,11.7516,6.565797E-05
初号机（完全体）,4,0.008333334,4.525,0.2869582,0.4104671,1.553239,3.598503,-0.6094055,10.9891,6.565797E-05
初号机（完全体）,4,0.008333334,4.533334,0.3516723,0.3660029,1.549793,3.598503,0.2964875,10.30884,6.565797E-05
初号机（完全体）,4,0.008333334,4.541667,0.4092601,0.3256993,1.546678,3.598503,1.102617,9.702203,6.565797E-05
初号机（完全体）,4,0.008333334,4.55,0.4605065,0.2870027,1.544091,3.598503,1.819976,9.161421,6.565797E-05
初号机（完全体）,4,0.008333334,4.558333,0.5061097,0.2443648,1.542321,3.598503,2.458341,8.67948,6.565797E-05
初号机（完全体）,4,0.008333334,4.566667,0.5466912,0.1936921,1.541574,3.598503,3.02641,8.250086,6.565797E-05
初号机（完全体）,4,0.008333334,4.575,0.5828039,0.1326508,1.541946,3.598503,3.531925,7.867576,6.565797E-05
初号机（完全体）,4,0.008333334,4.583333,0.614397,0.06080431,1.543416,3.598503,3.974172,7.532643,6.565797E-05
初号机（完全体）,4,0.008333334,4.591667,0.6343555,-0.02043321,1.545849,3.598503,4.253556,7.320922,6.565797E-05
初号机（完全体）,4,0.008333334,4.6,0.6358457,-0.108024,1.549008,3.598503,4.274416,7.305112,6.565797E-05
初号机（完全体）,4,0.008333334,4.608334,0.6149482,-0.1976915,1.552581,3.598503,3.981889,7.526799,6.565797E-05
初号机（完全体）,4,0.008333334,4.616667,0.5703366,-0.2844244,1.556212,3.598503,3.357405,7.999669,6.565797E-05
初号机（完全体）,4,0.008333334,4.625,0.5029925,-0.3630497,1.559537,3.598503,2.414705,8.712442,6.565797E-05
初号机（完全体）,4,0.008333334,4.633334,0.4159504,-0.4288154,1.562223,3.598503,1.196269,9.631655,6.565797E-05
初号机（完全体）,4,0.008333334,4.641667,0.3140731,-0.4779252,1.564001,3.598503,-0.2298279,10.70427,6.565797E-05
初号机（完全体）,4,0.008333334,4.65,0.2038487,-0.5079688,1.564696,3.598503,-1.772797,11.86033,6.565797E-05
初号机（完全体）,4,0.008333334,4.658334,0.09321288,-0.5182059,1.564241,3.598503,-3.321503,13.01554,6.565797E-05
初号机（完全体）,4,0.008333334,4.666667,-0.008778575,-0.5096745,1.56269,3.598503,-4.749207,14.0754,6.565797E-05
初号机（完全体）,4,0.008333334,4.675,-0.09953891,-0.4851126,1.560207,3.598503,-6.019684,15.01407,6.565797E-05
初号机（完全体）,4,0.008333334,4.683333,-0.1803049,-0.4487019,1.557051,3.598503,-7.150269,15.84554,6.565797E-05
初号机（完全体）,4,0.008333334,4.691667,-0.2521771,-0.4056603,1.553551,3.598503,-8.156342,16.58221,6.565797E-05
初号机（完全体）,4,0.008333334,4.7,-0.3161348,-0.3617254,1.550071,3.598503,-9.051636,17.23504,6.565797E-05
初号机（完全体）,4,0.008333334,4.708333,-0.3730496,-0.3218928,1.546926,3.598503,-9.848328,17.81373,6.565797E-05
初号机（完全体）,4,0.008333334,4.716667,-0.4236971,-0.2864466,1.544127,3.598503,-10.55731,18.32684,6.565797E-05
初号机（完全体）,4,0.008333334,4.725,-0.4687673,-0.2520724,1.54182,3.598503,-11.1882,18.78192,6.565797E-05
初号机（完全体）,4,0.008333334,4.733334,-0.5088745,-0.213281,1.540301,3.598503,-11.74963,19.18563,6.565797E-05
初号机（完全体）,4,0.008333334,4.741667,-0.5445652,-0.1660312,1.539776,3.598503,-12.24924,19.54387,6.565797E-05
初号机（完全体）,4,0.008333334,4.75,-0.5763257,-0.1080358,1.540346,3.598503,-12.69382,19.86184,6.565797E-05
初号机（完全体）,4,0.008333334,4.758334,-0.6040458,-0.03889989,1.541992,3.598503,-13.08185,20.1387,6.565797E-05
初号机（完全体）,4,0.008333334,4.766667,-0.6205578,0.03992555,1.544582,3.598503,-13.31299,20.30333,6.565797E-05
初号机（完全体）,4,0.008333334,4.775,-0.6189811,0.1253699,1.547881,3.598503,-13.29092,20.28762,6.565797E-05
初号机（完全体）,4,0.008333334,4.783334,-0.5953544,0.2131273,1.551578,3.598503,-12.96021,20.05196,6.565797E-05
初号机（完全体）,4,0.008333334,4.791667,-0.5483141,0.2981604,1.55532,3.598503,-12.30173,19.58144,6.565797E-05
初号机（完全体）,4,0.008333334,4.8,-0.4788086,0.3752731,1.558743,3.598503,-11.32877,18.8831,6.565797E-05
初号机（完全体）,4,0.008333334,4.808333,-0.3898433,0.4396929,1.561516,3.598503,-10.08344,17.98407,6.565797E-05
初号机（完全体）,4,0.008333334,4.816667,-0.2862545,0.4876049,1.563372,3.598503,-8.633362,16.93037,6.565797E-05
初号机（完全体）,4,0.008333334,4.825,-0.1745071,0.5165825,1.564136,3.598503,-7.069092,15.78597,6.565797E-05
初号机（完全体）,4,0.008333334,4.833333,-0.062516,0.5258711,1.563743,3.598503,-5.501434,14.6317,6.565797E-05
初号机（完全体）,4,0.008333334,4.841667,0.04068152,0.5164956,1.562247,3.598503,-4.056824,13.56207,6.565797E-05
初号机（完全体）,4,0.008333334,4.85,0.1325151,0.4911826,1.559812,3.598503,-2.771332,12.60579,6.565797E-05
初号机（完全体）,4,0.008333334,4.858334,0.2142362,0.4541035,1.5567,3.598503,-1.62738,11.7516,6.565797E-05
初号机（完全体）,4,0.008333334,4.866667,0.2869582,0.4104671,1.553239,3.598503,-0.6094055,10.9891,6.565797E-05
初号机（完全体）,4,0.008333334,4.875,0.3516723,0.3660029,1.549793,3.598503,0.2964879,10.30884,6.565797E-05
初号机（完全体）,4,0.008333334,4.883334,0.4092601,0.3256993,1.546678,3.598503,1.102617,9.702203,6.565797E-05
初号机（完全体）,4,0.008333334,4.891667,0.4605065,0.2870027,1.544091,3.598503,1.819975,9.161421,6.565797E-05
初号机（完全体）,4,0.008333334,4.9,0.5061097,0.2443648,1.542321,3.598503,2.458341,8.67948,6.565797E-05
初号机（完全体）,4,0.008333334,4.908334,0.5466912,0.1936921,1.541574,3.598503,3.02641,8.250086,6.565797E-05
初号机（完全体）,4,0.008333334,4.916667,0.5828039,0.1326508,1.541946,3.598503,3.531925,7.867576,6.565797E-05
初号机（完全体）,4,0.008333334,4.925,0.614397,0.06080431,1.543416,3.598503,3.974172,7.532643,6.565797E-05
初号机（完全体）,4,0.008333334,4.933333,0.6343555,-0.02043321,1.545849,3.598503,4.253556,7.320922,6.565797E-05
初号机（完全体）,4,0.008333334,4.941667,0.6358457,-0.108024,1.549008,3.598503,4.274416,7.305112,6.565797E-05
初号机（完全体）,4,0.008333334,4.95,0.6149482,-0.1976915,1.552581,3.598503,3.981889,7.526799,6.565797E-05
初号机（完全体）,4,0.008333334,4.958333,0.5703368,-0.2844244,1.556212,3.598503,3.357406,7.999668,6.565797E-05
初号机（完全体）,4,0.008333334,4.966667,0.5029927,-0.3630497,1.559537,3.598503,2.414708,8.71244,6.565797E-05
初号机（完全体）,4,0.008333334,4.975,0.4159507,-0.4288154,1.562223,3.598503,1.196274,9.631651,6.565797E-05
初号机（完全体）,4,0.008333334,4.983334,0.3140734,-0.4779252,1.564001,3.598503,-0.2298279,10.70426,6.565797E-05
初号机（完全体）,4,0.008333334,4.991667,0.2038491,-0.5079688,1.564696,3.598503,-1.772766,11.86033,6.565797E-05
初号机（完全体）,4,0.008333334,5,0.09321324,-0.5182059,1.564241,3.598503,-3.321472,13.01553,6.565797E-05
初号机（完全体）,4,0.008333334,5.008334,-0.008778125,-0.5096745,1.56269,3.598503,-4.749176,14.07539,6.565797E-05
初号机（完全体）,4,0.008333334,5.016667,-0.09953838,-0.4851126,1.560207,3.598503,-6.019653,15.01407,6.565797E-05
初号机（完全体）,4,0.008333334,5.025,-0.1803043,-0.4487019,1.557051,3.598503,-7.150238,15.84553,6.565797E-05
初号机（完全体）,4,0.008333334,5.033334,-0.2521764,-0.4056603,1.553551,3.598503,-8.156342,16.5822,6.565797E-05
初号机（完全体）,4,0.008333334,5.041667,-0.3161341,-0.3617254,1.550071,3.598503,-9.051636,17.23503,6.565797E-05
初号机（完全体）,4,0.008333334,5.05,-0.3730488,-0.3218928,1.546926,3.598503,-9.848328,17.81373,6.565797E-05
初号机（完全体）,4,0.008333334,5.058333,-0.4236962,-0.2864466,1.544127,3.598503,-10.55731,18.32683,6.565797E-05
初号机（完全体）,4,0.008333334,5.066667,-0.4687665,-0.2520724,1.54182,3.598503,-11.1882,18.78191,6.565797E-05
初号机（完全体）,4,0.008333334,5.075,-0.5088736,-0.213281,1.540301,3.598503,-11.74963,19.18562,6.565797E-05
初号机（完全体）,4,0.008333334,5.083333,-0.5445642,-0.1660312,1.539776,3.598503,-12.24924,19.54386,6.565797E-05
初号机（完全体）,4,0.008333334,5.091667,-0.5763247,-0.1080358,1.540346,3.598503,-12.69382,19.86183,6.565797E-05
初号机（完全体）,4,0.008333334,5.1,-0.6040448,-0.03889989,1.541992,3.598503,-13.08185,20.13869,6.565797E-05
初号机（完全体）,4,0.008333334,5.108334,-0.6205568,0.03992555,1.544582,3.598503,-13.31299,20.30332,6.565797E-05
初号机（完全体）,4,0.008333334,5.116667,-0.61898,0.1253699,1.547881,3.598503,-13.29092,20.28761,6.565797E-05
初号机（完全体）,4,0.008333334,5.125,-0.5953533,0.2131273,1.551578,3.598503,-12.96017,20.05195,6.565797E-05
初号机（完全体）,4,0.008333334,5.133334,-0.548313,0.2981604,1.55532,3.598503,-12.3017,19.58143,6.565797E-05
初号机（完全体）,4,0.008333334,5.141667,-0.4788075,0.3752731,1.558743,3.598503,-11.32877,18.88309,6.565797E-05
初号机（完全体）,4,0.008333334,5.15,-0.3898424,0.4396929,1.561516,3.598503,-10.0834,17.98406,6.565797E-05
初号机（完全体）,4,0.008333334,5.158334,-0.2862535,0.4876049,1.563372,3.598503,-8.633362,16.93036,6.565797E-05
初号机（完全体）,4,0.008333334,5.166667,-0.1745062,0.5165825,1.564136,3.598503,-7.069092,15.78597,6.565797E-05
初号机（完全体）,4,0.008333334,5.175,-0.06251505,0.5258711,1.563743,3.598503,-5.501404,14.63169,6.565797E-05
初号机（完全体）,4,0.008333334,5.183333,0.04068236,0.5164956,1.562247,3.598503,-4.056824,13.56206,6.565797E-05
初号机（完全体）,4,0.008333334,5.191667,0.1325159,0.4911826,1.559812,3.598503,-2.771332,12.60579,6.565797E-05
初号机（完全体）,4,0.008333334,5.2,0.2142368,0.4541035,1.5567,3.598503,-1.62738,11.75159,6.565797E-05
初号机（完全体）,4,0.008333334,5.208333,0.2869588,0.4104671,1.553239,3.598503,-0.609375,10.9891,6.565797E-05
初号机（完全体）,4,0.008333334,5.216667,0.3516728,0.3660029,1.549793,3.598503,0.2964956,10.30883,6.565797E-05
初号机（完全体）,4,0.008333334,5.225,0.4092606,0.3256993,1.546678,3.598503,1.102623,9.702198,6.565797E-05
初号机（完全体）,4,0.008333334,5.233334,0.4605069,0.2870027,1.544091,3.598503,1.819981,9.161418,6.565797E-05
初号机（完全体）,4,0.008333334,5.241667,0.5061101,0.2443648,1.542321,3.598503,2.458346,8.679478,6.565797E-05
初号机（完全体）,4,0.008333334,5.25,0.5466915,0.1936921,1.541574,3.598503,3.026413,8.25008,6.565797E-05
初号机（完全体）,4,0.008333334,5.258334,0.5828041,0.1326508,1.541946,3.598503,3.531928,7.867574,6.565797E-05
初号机（完全体）,4,0.008333334,5.266667,0.6143972,0.06080431,1.543416,3.598503,3.974176,7.532643,6.565797E-05
初号机（完全体）,4,0.008333334,5.275,0.6343557,-0.02043321,1.545849,3.598503,4.25356,7.320921,6.565797E-05
初号机（完全体）,4,0.008333334,5.283334,0.6358459,-0.108024,1.549008,3.598503,4.27442,7.305108,6.565797E-05
初号机（完全体）,4,0.008333334,5.291667,0.6149483,-0.1976915,1.552581,3.598503,3.98189,7.526798,6.565797E-05
初号机（完全体）,4,0.008333334,5.3,0.5703368,-0.2844244,1.556212,3.598503,3.357407,7.999668,6.565797E-05
初号机（完全体）,4,0.008333334,5.308333,0.5029927,-0.3630497,1.559537,3.598503,2.414709,8.712441,6.565797E-05
初号机（完全体）,4,0.008333334,5.316667,0.4159507,-0.4288154,1.562223,3.598503,1.196273,9.631651,6.565797E-05
初号机（完全体）,4,0.008333334,5.325,0.3140732,-0.4779252,1.564001,3.598503,-0.2298279,10.70427,6.565797E-05
初号机（完全体）,4,0.008333334,5.333333,0.2038488,-0.5079688,1.564696,3.598503,-1.772797,11.86033,6.565797E-05
初号机（完全体）,4,0.008333334,5.341667,0.09321284,-0.5182059,1.564241,3.598503,-3.321503,13.01554,6.565797E-05
初号机（完全体）,4,0.008333334,5.35,-0.008778607,-0.5096745,1.56269,3.598503,-4.749207,14.0754,6.565797E-05
初号机（完全体）,4,0.008333334,5.358334,-0.09953894,-0.4851126,1.560207,3.598503,-6.019684,15.01407,6.565797E-05
初号机（完全体）,4,0.008333334,5.366667,-0.1803049,-0.4487019,1.557051,3.598503,-7.150269,15.84554,6.565797E-05
初号机（完全体）,4,0.008333334,5.375,-0.2521771,-0.4056603,1.553551,3.598503,-8.156342,16.58221,6.565797E-05
初号机（完全体）,4,0.008333334,5.383334,-0.3161348,-0.3617254,1.550071,3.598503,-9.051636,17.23504,6.565797E-05
初号机（完全体）,4,0.008333334,5.391667,-0.3730496,-0.3218928,1.546926,3.598503,-9.848328,17.81373,6.565797E-05
初号机（完全体）,4,0.008333334,5.4,-0.4236971,-0.2864466,1.544127,3.598503,-10.55731,18.32684,6.565797E-05
初号机（完全体）,4,0.008333334,5.408334,-0.4687673,-0.2520724,1.54182,3.598503,-11.1882,18.78192,6.565797E-05
初号机（完全体）,4,0.008333334,5.416667,-0.5088745,-0.213281,1.540301,3.598503,-11.74963,19.18563,6.565797E-05
初号机（完全体）,4,0.008333334,5.425,-0.5445652,-0.1660312,1.539776,3.598503,-12.24924,19.54387,6.565797E-05
初号机（完全体）,4,0.008333334,5.433333,-0.5763257,-0.1080358,1.540346,3.598503,-12.69382,19.86184,6.565797E-05
初号机（完全体）,4,0.008333334,5.441667,-0.6040458,-0.03889989,1.541992,3.598503,-13.08185,20.1387,6.565797E-05
初号机（完全体）,4,0.008333334,5.45,-0.6205578,0.03992555,1.544582,3.598503,-13.31299,20.30333,6.565797E-05
初号机（完全体）,4,0.008333334,5.458333,-0.6189811,0.1253699,1.547881,3.598503,-13.29092,20.28762,6.565797E-05
初号机（完全体）,4,0.008333334,5.466667,-0.5953543,0.2131273,1.551578,3.598503,-12.96021,20.05196,6.565797E-05
初号机（完全体）,4,0.008333334,5.475,-0.5483141,0.2981604,1.55532,3.598503,-12.30173,19.58144,6.565797E-05
初号机（完全体）,4,0.008333334,5.483334,-0.4788088,0.3752731,1.558743,3.598503,-11.32877,18.8831,6.565797E-05
初号机（完全体）,4,0.008333334,5.491667,-0.3898434,0.4396929,1.561516,3.598503,-10.08344,17.98407,6.565797E-05
初号机（完全体）,4,0.008333334,5.5,-0.2862544,0.4876049,1.563372,3.598503,-8.633362,16.93037,6.565797E-05
初号机（完全体）,4,0.008333334,5.508334,-0.174507,0.5165825,1.564136,3.598503,-7.069092,15.78597,6.565797E-05
初号机（完全体）,4,0.008333334,5.516667,-0.06251581,0.5258711,1.563743,3.598503,-5.501404,14.6317,6.565797E-05
初号机（完全体）,4,0.008333334,5.525,0.04068169,0.5164956,1.562247,3.598503,-4.056824,13.56207,6.565797E-05
初号机（完全体）,4,0.008333334,5.533334,0.1325153,0.4911826,1.559812,3.598503,-2.771332,12.60579,6.565797E-05
初号机（完全体）,4,0.008333334,5.541667,0.2142363,0.4541035,1.5567,3.598503,-1.62738,11.7516,6.565797E-05
初号机（完全体）,4,0.008333334,5.55,0.2869583,0.4104671,1.553239,3.598503,-0.6094055,10.98911,6.565797E-05
初号机（完全体）,4,0.008333334,5.558333,0.3516724,0.3660029,1.549793,3.598503,0.2964896,10.30884,6.565797E-05
初号机（完全体）,4,0.008333334,5.566667,0.4092602,0.3256993,1.546678,3.598503,1.102617,9.702204,6.565797E-05
初号机（完全体）,4,0.008333334,5.575,0.4605066,0.2870027,1.544091,3.598503,1.819977,9.161422,6.565797E-05
初号机（完全体）,4,0.008333334,5.583333,0.5061098,0.2443648,1.542321,3.598503,2.458342,8.67948,6.565797E-05
初号机（完全体）,4,0.008333334,5.591667,0.5466912,0.1936921,1.541574,3.598503,3.026411,8.250085,6.565797E-05
初号机（完全体）,4,0.008333334,5.6,0.582804,0.1326508,1.541946,3.598503,3.531926,7.867576,6.565797E-05
初号机（完全体）,4,0.008333334,5.608334,0.614397,0.06080431,1.543416,3.598503,3.974173,7.532644,6.565797E-05
初号机（完全体）,4,0.008333334,5.616667,0.6343555,-0.02043321,1.545849,3.598503,4.253557,7.320923,6.565797E-05
初号机（完全体）,4,0.008333334,5.625,0.6358457,-0.108024,1.549008,3.598503,4.274417,7.305111,6.565797E-05
初号机（完全体）,4,0.008333334,5.633334,0.6149482,-0.1976915,1.552581,3.598503,3.981889,7.526799,6.565797E-05
初号机（完全体）,4,0.008333334,5.641667,0.5703367,-0.2844244,1.556212,3.598503,3.357405,7.999669,6.565797E-05
初号机（完全体）,4,0.008333334,5.65,0.5029926,-0.3630497,1.559537,3.598503,2.414707,8.71244,6.565797E-05
初号机（完全体）,4,0.008333334,5.658334,0.4159506,-0.4288154,1.562223,3.598503,1.196271,9.631653,6.565797E-05
初号机（完全体）,4,0.008333334,5.666667,0.3140731,-0.4779252,1.564001,3.598503,-0.2298279,10.70427,6.565797E-05
初号机（完全体）,4,0.008333334,5.675,0.2038487,-0.5079688,1.564696,3.598503,-1.772797,11.86033,6.565797E-05
初号机（完全体）,4,0.008333334,5.683333,0.09321275,-0.5182059,1.564241,3.598503,-3.321503,13.01554,6.565797E-05
初号机（完全体）,4,0.008333334,5.691667,-0.008778694,-0.5096745,1.56269,3.598503,-4.749207,14.0754,6.565797E-05
初号机（完全体）,4,0.008333334,5.7,-0.09953902,-0.4851126,1.560207,3.598503,-6.019684,15.01407,6.565797E-05
初号机（完全体）,4,0.008333334,5.708333,-0.180305,-0.4487019,1.557051,3.598503,-7.150269,15.84554,6.565797E-05
初号机（完全体）,4,0.008333334,5.716667,-0.2521771,-0.4056603,1.553551,3.598503,-8.156342,16.58221,6.565797E-05
初号机（完全体）,4,0.008333334,5.725,-0.3161348,-0.3617254,1.550071,3.598503,-9.051636,17.23504,6.565797E-05
初号机（完全体）,4,0.008333334,5.733334,-0.3730496,-0.3218928,1.546926,3.598503,-9.848328,17.81373,6.565797E-05
初号机（完全体）,4,0.008333334,5.741667,-0.4236971,-0.2864466,1.544127,3.598503,-10.55731,18.32684,6.565797E-05
初号机（完全体）,4,0.008333334,5.75,-0.4687674,-0.2520724,1.54182,3.598503,-11.1882,18.78192,6.565797E-05
初号机（完全体）,4,0.008333334,5.758334,-0.5088746,-0.213281,1.540301,3.598503,-11.74963,19.18563,6.565797E-05
初号机（完全体）,4,0.008333334,5.766667,-0.5445653,-0.1660312,1.539776,3.598503,-12.24924,19.54387,6.565797E-05
初号机（完全体）,4,0.008333334,5.775,-0.5763257,-0.1080358,1.540346,3.598503,-12.69382,19.86184,6.565797E-05
初号机（完全体）,4,0.008333334,5.783334,-0.6040459,-0.03889989,1.541992,3.598503,-13.08185,20.1387,6.565797E-05
初号机（完全体）,4,0.008333334,5.791667,-0.6205579,0.03992555,1.544582,3.598503,-13.31299,20.30333,6.565797E-05
初号机（完全体）,4,0.008333334,5.8,-0.6189811,0.1253699,1.547881,3.598503,-13.29092,20.28762,6.565797E-05
初号机（完全体）,4,0.008333334,5.808334,-0.5953543,0.2131273,1.551578,3.598503,-12.96021,20.05196,6.565797E-05
初号机（完全体）,4,0.008333334,5.816667,-0.5483141,0.2981604,1.55532,3.598503,-12.30173,19.58144,6.565797E-05
初号机（完全体）,4,0.008333334,5.825,-0.4788088,0.3752731,1.558743,3.598503,-11.32877,18.8831,6.565797E-05
初号机（完全体）,4,0.008333334,5.833333,-0.3898434,0.4396929,1.561516,3.598503,-10.08344,17.98407,6.565797E-05
初号机（完全体）,4,0.008333334,5.841667,-0.2862544,0.4876049,1.563372,3.598503,-8.633362,16.93037,6.565797E-05
初号机（完全体）,4,0.008333334,5.85,-0.174507,0.5165825,1.564136,3.598503,-7.069092,15.78597,6.565797E-05
初号机（完全体）,4,0.008333334,5.858334,-0.06251581,0.5258711,1.563743,3.598503,-5.501404,14.6317,6.565797E-05
初号机（完全体）,4,0.008333334,5.866667,0.04068169,0.5164956,1.562247,3.598503,-4.056824,13.56207,6.565797E-05
初号机（完全体）,4,0.008333334,5.875,0.1325153,0.4911826,1.559812,3.598503,-2.771332,12.60579,6.565797E-05
初号机（完全体）,4,0.008333334,5.883334,0.2142363,0.4541035,1.5567,3.598503,-1.62738,11.7516,6.565797E-05
初号机（完全体）,4,0.008333334,5.891667,0.2869583,0.4104671,1.553239,3.598503,-0.6094055,10.98911,6.565797E-05
初号机（完全体）,4,0.008333334,5.9,0.3516724,0.3660029,1.549793,3.598503,0.2964896,10.30884,6.565797E-05
初号机（完全体）,4,0.008333334,5.908334,0.4092602,0.3256993,1.546678,3.598503,1.102617,9.702204,6.565797E-05
初号机（完全体）,4,0.008333334,5.916667,0.4605066,0.2870027,1.544091,3.598503,1.819977,9.161422,6.565797E-05
初号机（完全体）,4,0.008333334,5.925,0.5061098,0.2443648,1.542321,3.598503,2.458342,8.67948,6.565797E-05
初号机（完全体）,4,0.008333334,5.933334,0.5466912,0.1936921,1.541574,3.598503,3.026411,8.250085,6.565797E-05
初号机（完全体）,4,0.008333334,5.941667,0.582804,0.1326508,1.541946,3.598503,3.531926,7.867576,6.565797E-05
初号机（完全体）,4,0.008333334,5.95,0.614397,0.06080431,1.543416,3.598503,3.974173,7.532644,6.565797E-05
初号机（完全体）,4,0.008333334,5.958333,0.6343555,-0.02043321,1.545849,3.598503,4.253557,7.320923,6.565797E-05
初号机（完全体）,4,0.008333334,5.966667,0.6358457,-0.108024,1.549008,3.598503,4.274417,7.305111,6.565797E-05
初号机（完全体）,4,0.008333334,5.975,0.6149482,-0.1976915,1.552581,3.598503,3.981889,7.526799,6.565797E-05
初号机（完全体）,4,0.008333334,5.983334,0.5703367,-0.2844244,1.556212,3.598503,3.357405,7.999669,6.565797E-05
初号机（完全体）,4,0.008333334,5.991667,0.5029926,-0.3630497,1.559537,3.598503,2.414707,8.71244,6.565797E-05
初号机（完全体）,4,0.008333334,6,0.4159506,-0.4288154,1.562223,3.598503,1.196272,9.631653,6.565797E-05
初号机（完全体）,4,0.008333334,6.008334,0.3140731,-0.4779252,1.564001,3.598503,-0.2298279,10.70427,6.565797E-05
初号机（完全体）,4,0.008333334,6.016667,0.2038487,-0.5079688,1.564696,3.598503,-1.772797,11.86033,6.565797E-05
初号机（完全体）,4,0.008333334,6.025,0.09321275,-0.5182059,1.564241,3.598503,-3.321503,13.01554,6.565797E-05
初号机（完全体）,4,0.008333334,6.033334,-0.008778694,-0.5096745,1.56269,3.598503,-4.749207,14.0754,6.565797E-05
初号机（完全体）,4,0.008333334,6.041667,-0.09953902,-0.4851126,1.560207,3.598503,-6.019684,15.01407,6.565797E-05
初号机（完全体）,4,0.008333334,6.05,-0.180305,-0.4487019,1.557051,3.598503,-7.150269,15.84554,6.565797E-05
初号机（完全体）,4,0.008333334,6.058334,-0.2521771,-0.4056603,1.553551,3.598503,-8.156342,16.58221,6.565797E-05
初号机（完全体）,4,0.008333334,6.066667,-0.3161348,-0.3617254,1.550071,3.598503,-9.051636,17.23504,6.565797E-05
初号机（完全体）,4,0.008333334,6.075,-0.3730496,-0.3218928,1.546926,3.598503,-9.848328,17.81373,6.565797E-05
初号机（完全体）,4,0.008333334,6.083333,-0.4236971,-0.2864466,1.544127,3.598503,-10.55731,18.32684,6.565797E-05
初号机（完全体）,4,0.008333334,6.091667,-0.4687674,-0.2520724,1.54182,3.598503,-11.1882,18.78192,6.565797E-05
初号机（完全体）,4,0.008333334,6.1,-0.5088746,-0.213281,1.540301,3.598503,-11.74963,19.18563,6.565797E-05
初号机（完全体）,4,0.008333334,6.108334,-0.5445653,-0.1660312,1.539776,3.598503,-12.24924,19.54387,6.565797E-05
初号机（完全体）,4,0.008333334,6.116667,-0.5763257,-0.1080358,1.540346,3.598503,-12.69382,19.86184,6.565797E-05
初号机（完全体）,4,0.008333334,6.125,-0.6040459,-0.03889989,1.541992,3.598503,-13.08185,20.1387,6.565797E-05
初号机（完全体）,4,0.008333334,6.133334,-0.6205579,0.03992555,1.544582,3.598503,-13.31299,20.30333,6.565797E-05
初号机（完全体）,4,0.008333334,6.141667,-0.6189811,0.1253699,1.547881,3.598503,-13.29092,20.28762,6.565797E-05
初号机（完全体）,4,0.008333334,6.15,-0.5953543,0.2131273,1.551578,3.598503,-12.96021,20.05196,6.565797E-05
初号机（完全体）,4,0.008333334,6.158334,-0.5483141,0.2981604,1.55532,3.598503,-12.30173,19.58144,6.565797E-05
初号机（完全体）,4,0.008333334,6.166667,-0.4788088,0.3752731,1.558743,3.598503,-11.32877,18.8831,6.565797E-05
初号机（完全体）,4,0.008333334,6.175,-0.3898434,0.4396929,1.561516,3.598503,-10.08344,17.98407,6.565797E-05
初号机（完全体）,4,0.008333334,6.183334,-0.2862544,0.4876049,1.563372,3.598503,-8.633362,16.93037,6.565797E-05
初号机（完全体）,4,0.008333334,6.191667,-0.174507,0.5165825,1.564136,3.598503,-7.069092,15.78597,6.565797E-05
初号机（完全体）,4,0.008333334,6.2,-0.06251581,0.5258711,1.563743,3.598503,-5.501404,14.6317,6.565797E-05
初号机（完全体）,4,0.008333334,6.208333,0.04068169,0.5164956,1.562247,3.598503,-4.056824,13.56207,6.565797E-05
初号机（完全体）,4,0.008333334,6.216667,0.1325153,0.4911826,1.559812,3.598503,-2.771332,12.60579,6.565797E-05
初号机（完全体）,4,0.008333334,6.225,0.2142363,0.4541035,1.5567,3.598503,-1.62738,11.7516,6.565797E-05
初号机（完全体）,4,0.008333334,6.233334,0.2869583,0.4104671,1.553239,3.598503,-0.6094055,10.98911,6.565797E-05
初号机（完全体）,4,0.008333334,6.241667,0.3516724,0.3660029,1.549793,3.598503,0.2964896,10.30884,6.565797E-05
初号机（完全体）,4,0.008333334,6.25,0.4092602,0.3256993,1.546678,3.598503,1.102617,9.702204,6.565797E-05
初号机（完全体）,4,0.008333334,6.258334,0.4605066,0.2870027,1.544091,3.598503,1.819977,9.161422,6.565797E-05
初号机（完全体）,4,0.008333334,6.266667,0.5061098,0.2443648,1.542321,3.598503,2.458342,8.67948,6.565797E-05
初号机（完全体）,4,0.008333334,6.275,0.5466912,0.1936921,1.541574,3.598503,3.026411,8.250085,6.565797E-05
初号机（完全体）,4,0.008333334,6.283334,0.582804,0.1326508,1.541946,3.598503,3.531926,7.867576,6.565797E-05
初号机（完全体）,4,0.008333334,6.291667,0.614397,0.06080431,1.543416,3.598503,3.974173,7.532644,6.565797E-05
初号机（完全体）,4,0.008333334,6.3,0.6343555,-0.02043321,1.545849,3.598503,4.253557,7.320923,6.565797E-05
初号机（完全体）,4,0.008333334,6.308334,0.6358457,-0.108024,1.549008,3.598503,4.274417,7.305111,6.565797E-05
初号机（完全体）,4,0.008333334,6.316667,0.6149482,-0.1976915,1.552581,3.598503,3.981889,7.526799,6.565797E-05
初号机（完全体）,4,0.008333334,6.325,0.5703367,-0.2844244,1.556212,3.598503,3.357404,7.999669,6.565797E-05
初号机（完全体）,4,0.008333334,6.333333,0.5029926,-0.3630497,1.559537,3.598503,2.414706,8.71244,6.565797E-05
初号机（完全体）,4,0.008333334,6.341667,0.4159506,-0.4288154,1.562223,3.598503,1.196271,9.631653,6.565797E-05
初号机（完全体）,4,0.008333334,6.35,0.3140731,-0.4779252,1.564001,3.598503,-0.2298279,10.70427,6.565797E-05
初号机（完全体）,4,0.008333334,6.358334,0.2038487,-0.5079688,1.564696,3.598503,-1.772797,11.86033,6.565797E-05
初号机（完全体）,4,0.008333334,6.366667,0.09321275,-0.5182059,1.564241,3.598503,-3.321503,13.01554,6.565797E-05
初号机（完全体）,4,0.008333334,6.375,-0.008778694,-0.5096745,1.56269,3.598503,-4.749207,14.0754,6.565797E-05
初号机（完全体）,4,0.008333334,6.383334,-0.09953902,-0.4851126,1.560207,3.598503,-6.019684,15.01407,6.565797E-05
初号机（完全体）,4,0.008333334,6.391667,-0.180305,-0.4487019,1.557051,3.598503,-7.150269,15.84554,6.565797E-05
初号机（完全体）,4,0.008333334,6.400001,-0.2521771,-0.4056603,1.553551,3.598503,-8.156342,16.58221,6.565797E-05
初号机（完全体）,4,0.008333334,6.408334,-0.3161348,-0.3617254,1.550071,3.598503,-9.051636,17.23504,6.565797E-05
初号机（完全体）,4,0.008333334,6.416667,-0.3730496,-0.3218928,1.546926,3.598503,-9.848328,17.81373,6.565797E-05
初号机（完全体）,4,0.008333334,6.425,-0.4236971,-0.2864466,1.544127,3.598503,-10.55731,18.32684,6.565797E-05
初号机（完全体）,4,0.008333334,6.433334,-0.4687674,-0.2520724,1.54182,3.598503,-11.1882,18.78192,6.565797E-05
初号机（完全体）,4,0.008333334,6.441667,-0.5088746,-0.213281,1.540301,3.598503,-11.74963,19.18563,6.565797E-05
初号机（完全体）,4,0.008333334,6.45,-0.5445653,-0.1660312,1.539776,3.598503,-12.24924,19.54387,6.565797E-05
初号机（完全体）,4,0.008333334,6.458333,-0.5763257,-0.1080358,1.540346,3.598503,-12.69382,19.86184,6.565797E-05
初号机（完全体）,4,0.008333334,6.466667,-0.6040459,-0.03889989,1.541992,3.598503,-13.08185,20.1387,6.565797E-05
初号机（完全体）,4,0.008333334,6.475,-0.6205579,0.03992555,1.544582,3.598503,-13.31299,20.30333,6.565797E-05
初号机（完全体）,4,0.008333334,6.483334,-0.6189811,0.1253699,1.547881,3.598503,-13.29092,20.28762,6.565797E-05
初号机（完全体）,4,0.008333334,6.491667,-0.5953543,0.2131273,1.551578,3.598503,-12.96021,20.05196,6.565797E-05
初号机（完全体）,4,0.008333334,6.5,-0.5483141,0.2981604,1.55532,3.598503,-12.30173,19.58144,6.565797E-05
初号机（完全体）,4,0.008333334,6.508334,-0.4788088,0.3752731,1.558743,3.598503,-11.32877,18.8831,6.565797E-05
初号机（完全体）,4,0.008333334,6.516667,-0.3898434,0.4396929,1.561516,3.598503,-10.08344,17.98407,6.565797E-05
初号机（完全体）,4,0.008333334,6.525001,-0.2862544,0.4876049,1.563372,3.598503,-8.633362,16.93037,6.565797E-05
初号机（完全体）,4,0.008333334,6.533334,-0.174507,0.5165825,1.564136,3.598503,-7.069092,15.78597,6.565797E-05
初号机（完全体）,4,0.008333334,6.541667,-0.06251581,0.5258711,1.563743,3.598503,-5.501404,14.6317,6.565797E-05
初号机（完全体）,4,0.008333334,6.55,0.04068169,0.5164956,1.562247,3.598503,-4.056824,13.56207,6.565797E-05
初号机（完全体）,4,0.008333334,6.558334,0.1325153,0.4911826,1.559812,3.598503,-2.771332,12.60579,6.565797E-05
初号机（完全体）,4,0.008333334,6.566667,0.2142363,0.4541035,1.5567,3.598503,-1.62738,11.7516,6.565797E-05
初号机（完全体）,4,0.008333334,6.575,0.2869583,0.4104671,1.553239,3.598503,-0.6094055,10.98911,6.565797E-05
初号机（完全体）,4,0.008333334,6.583333,0.3516724,0.3660029,1.549793,3.598503,0.2964896,10.30884,6.565797E-05
初号机（完全体）,4,0.008333334,6.591667,0.4092602,0.3256993,1.546678,3.598503,1.102617,9.702204,6.565797E-05
初号机（完全体）,4,0.008333334,6.6,0.4605066,0.2870027,1.544091,3.598503,1.819977,9.161422,6.565797E-05
初号机（完全体）,4,0.008333334,6.608334,0.5061098,0.2443648,1.542321,3.598503,2.458342,8.67948,6.565797E-05
初号机（完全体）,4,0.008333334,6.616667,0.5466912,0.1936921,1.541574,3.598503,3.026411,8.250085,6.565797E-05
初号机（完全体）,4,0.008333334,6.625,0.582804,0.1326508,1.541946,3.598503,3.531926,7.867576,6.565797E-05
初号机（完全体）,4,0.008333334,6.633334,0.614397,0.06080431,1.543416,3.598503,3.974173,7.532644,6.565797E-05
初号机（完全体）,4,0.008333334,6.641667,0.6343555,-0.02043321,1.545849,3.598503,4.253557,7.320923,6.565797E-05
初号机（完全体）,4,0.008333334,6.650001,0.6358457,-0.108024,1.549008,3.598503,4.274417,7.305111,6.565797E-05
初号机（完全体）,4,0.008333334,6.658334,0.6149482,-0.1976915,1.552581,3.598503,3.981889,7.526799,6.565797E-05
初号机（完全体）,4,0.008333334,6.666667,0.5703367,-0.2844244,1.556212,3.598503,3.357405,7.999669,6.565797E-05
初号机（完全体）,4,0.008333334,6.675,0.5029926,-0.3630497,1.559537,3.598503,2.414706,8.71244,6.565797E-05
初号机（完全体）,4,0.008333334,6.683334,0.4159506,-0.4288154,1.562223,3.598503,1.196271,9.631653,6.565797E-05
初号机（完全体）,4,0.008333334,6.691667,0.3140731,-0.4779252,1.564001,3.598503,-0.2298279,10.70427,6.565797E-05
初号机（完全体）,4,0.008333334,6.7,0.2038487,-0.5079688,1.564696,3.598503,-1.772797,11.86033,6.565797E-05
初号机（完全体）,4,0.008333334,6.708333,0.09321275,-0.5182059,1.564241,3.598503,-3.321503,13.01554,6.565797E-05
初号机（完全体）,4,0.008333334,6.716667,-0.008778694,-0.5096745,1.56269,3.598503,-4.749207,14.0754,6.565797E-05
初号机（完全体）,4,0.008333334,6.725,-0.09953902,-0.4851126,1.560207,3.598503,-6.019684,15.01407,6.565797E-05
初号机（完全体）,4,0.008333334,6.733334,-0.180305,-0.4487019,1.557051,3.598503,-7.150269,15.84554,6.565797E-05
初号机（完全体）,4,0.008333334,6.741667,-0.2521771,-0.4056603,1.553551,3.598503,-8.156342,16.58221,6.565797E-05
初号机（完全体）,4,0.008333334,6.75,-0.3161348,-0.3617254,1.550071,3.598503,-9.051636,17.23504,6.565797E-05
初号机（完全体）,4,0.008333334,6.758334,-0.3730496,-0.3218928,1.546926,3.598503,-9.848328,17.81373,6.565797E-05
初号机（完全体）,4,0.008333334,6.766667,-0.4236971,-0.2864466,1.544127,3.598503,-10.55731,18.32684,6.565797E-05
初号机（完全体）,4,0.008333334,6.775001,-0.4687674,-0.2520724,1.54182,3.598503,-11.1882,18.78192,6.565797E-05
初号机（完全体）,4,0.008333334,6.783334,-0.5088746,-0.213281,1.540301,3.598503,-11.74963,19.18563,6.565797E-05
初号机（完全体）,4,0.008333334,6.791667,-0.5445653,-0.1660312,1.539776,3.598503,-12.24924,19.54387,6.565797E-05
初号机（完全体）,4,0.008333334,6.8,-0.5763257,-0.1080358,1.540346,3.598503,-12.69382,19.86184,6.565797E-05
初号机（完全体）,4,0.008333334,6.808334,-0.6040459,-0.03889989,1.541992,3.598503,-13.08185,20.1387,6.565797E-05
初号机（完全体）,4,0.008333334,6.816667,-0.6205579,0.03992555,1.544582,3.598503,-13.31299,20.30333,6.565797E-05
初号机（完全体）,4,0.008333334,6.825,-0.6189811,0.1253699,1.547881,3.598503,-13.29092,20.28762,6.565797E-05
初号机（完全体）,4,0.008333334,6.833333,-0.5953543,0.2131273,1.551578,3.598503,-12.96021,20.05196,6.565797E-05
初号机（完全体）,4,0.008333334,6.841667,-0.5483141,0.2981604,1.55532,3.598503,-12.30173,19.58144,6.565797E-05
初号机（完全体）,4,0.008333334,6.85,-0.4788088,0.3752731,1.558743,3.598503,-11.32877,18.8831,6.565797E-05
初号机（完全体）,4,0.008333334,6.858334,-0.3898434,0.4396929,1.561516,3.598503,-10.08344,17.98407,6.565797E-05
初号机（完全体）,4,0.008333334,6.866667,-0.2862544,0.4876049,1.563372,3.598503,-8.633362,16.93037,6.565797E-05
初号机（完全体）,4,0.008333334,6.875,-0.174507,0.5165825,1.564136,3.598503,-7.069092,15.78597,6.565797E-05
初号机（完全体）,4,0.008333334,6.883334,-0.06251581,0.5258711,1.563743,3.598503,-5.501404,14.6317,6.565797E-05
初号机（完全体）,4,0.008333334,6.891667,0.04068169,0.5164956,1.562247,3.598503,-4.056824,13.56207,6.565797E-05
初号机（完全体）,4,0.008333334,6.900001,0.1325153,0.4911826,1.559812,3.598503,-2.771332,12.60579,6.565797E-05
初号机（完全体）,4,0.008333334,6.908334,0.2142363,0.4541035,1.5567,3.598503,-1.62738,11.7516,6.565797E-05
初号机（完全体）,4,0.008333334,6.916667,0.2869583,0.4104671,1.553239,3.598503,-0.6094055,10.98911,6.565797E-05
初号机（完全体）,4,0.008333334,6.925,0.3516724,0.3660029,1.549793,3.598503,0.2964892,10.30884,6.565797E-05
初号机（完全体）,4,0.008333334,6.933334,0.4092602,0.3256993,1.546678,3.598503,1.102617,9.702204,6.565797E-05
初号机（完全体）,4,0.008333334,6.941667,0.4605066,0.2870027,1.544091,3.598503,1.819977,9.161422,6.565797E-05
初号机（完全体）,4,0.008333334,6.95,0.5061098,0.2443648,1.542321,3.598503,2.458342,8.67948,6.565797E-05
初号机（完全体）,4,0.008333334,6.958333,0.5466912,0.1936921,1.541574,3.598503,3.026411,8.250085,6.565797E-05
初号机（完全体）,4,0.008333334,6.966667,0.582804,0.1326508,1.541946,3.598503,3.531926,7.867576,6.565797E-05
初号机（完全体）,4,0.008333334,6.975,0.614397,0.06080431,1.543416,3.598503,3.974173,7.532644,6.565797E-05
初号机（完全体）,4,0.008333334,6.983334,0.6343555,-0.02043321,1.545849,3.598503,4.253557,7.320923,6.565797E-05
初号机（完全体）,4,0.008333334,6.991667,0.6358457,-0.108024,1.549008,3.598503,4.274416,7.305111,6.565797E-05
初号机（完全体）,4,0.008333334,7,0.6149482,-0.1976915,1.552581,3.598503,3.981888,7.526799,6.565797E-05
初号机（完全体）,4,0.008333334,7.008334,0.5703367,-0.2844244,1.556212,3.598503,3.357404,7.999669,6.565797E-05
初号机（完全体）,4,0.008333334,7.016667,0.5029926,-0.3630497,1.559537,3.598503,2.414706,8.71244,6.565797E-05
初号机（完全体）,4,0.008333334,7.025001,0.4159506,-0.4288154,1.562223,3.598503,1.196271,9.631653,6.565797E-05
初号机（完全体）,4,0.008333334,7.033334,0.3140731,-0.4779252,1.564001,3.598503,-0.2298279,10.70427,6.565797E-05
初号机（完全体）,4,0.008333334,7.041667,0.2038487,-0.5079688,1.564696,3.598503,-1.772797,11.86033,6.565797E-05
初号机（完全体）,4,0.008333334,7.05,0.09321275,-0.5182059,1.564241,3.598503,-3.321503,13.01554,6.565797E-05
初号机（完全体）,4,0.008333334,7.058334,-0.008778694,-0.5096745,1.56269,3.598503,-4.749207,14.0754,6.565797E-05
初号机（完全体）,4,0.008333334,7.066667,-0.09953902,-0.4851126,1.560207,3.598503,-6.019684,15.01407,6.565797E-05
初号机（完全体）,4,0.008333334,7.075,-0.180305,-0.4487019,1.557051,3.598503,-7.150269,15.84554,6.565797E-05
初号机（完全体）,4,0.008333334,7.083333,-0.2521771,-0.4056603,1.553551,3.598503,-8.156342,16.58221,6.565797E-05
初号机（完全体）,4,0.008333334,7.091667,-0.3161348,-0.3617254,1.550071,3.598503,-9.051636,17.23504,6.565797E-05
初号机（完全体）,4,0.008333334,7.1,-0.3730496,-0.3218928,1.546926,3.598503,-9.848328,17.81373,6.565797E-05
初号机（完全体）,4,0.008333334,7.108334,-0.4236971,-0.2864466,1.544127,3.598503,-10.55731,18.32684,6.565797E-05
初号机（完全体）,4,0.008333334,7.116667,-0.4687674,-0.2520724,1.54182,3.598503,-11.1882,18.78192,6.565797E-05
初号机（完全体）,4,0.008333334,7.125,-0.5088746,-0.213281,1.540301,3.598503,-11.74963,19.18563,6.565797E-05
初号机（完全体）,4,0.008333334,7.133334,-0.5445653,-0.1660312,1.539776,3.598503,-12.24924,19.54387,6.565797E-05
初号机（完全体）,4,0.008333334,7.141667,-0.5763257,-0.1080358,1.540346,3.598503,-12.69382,19.86184,6.565797E-05
初号机（完全体）,4,0.008333334,7.150001,-0.6040459,-0.03889989,1.541992,3.598503,-13.08185,20.1387,6.565797E-05
初号机（完全体）,4,0.008333334,7.158334,-0.6205579,0.03992555,1.544582,3.598503,-13.31299,20.30333,6.565797E-05
初号机（完全体）,4,0.008333334,7.166667,-0.6189811,0.1253699,1.547881,3.598503,-13.29092,20.28762,6.565797E-05
初号机（完全体）,4,0.008333334,7.175,-0.5953543,0.2131273,1.551578,3.598503,-12.96021,20.05196,6.565797E-05
初号机（完全体）,4,0.008333334,7.183334,-0.5483141,0.2981604,1.55532,3.598503,-12.30173,19.58144,6.565797E-05
初号机（完全体）,4,0.008333334,7.191667,-0.4788088,0.3752731,1.558743,3.598503,-11.32877,18.8831,6.565797E-05
初号机（完全体）,4,0.008333334,7.2,-0.3898434,0.4396929,1.561516,3.598503,-10.08344,17.98407,6.565797E-05
初号机（完全体）,4,0.008333334,7.208333,-0.2862544,0.4876049,1.563372,3.598503,-8.633362,16.93037,6.565797E-05
初号机（完全体）,4,0.008333334,7.216667,-0.174507,0.5165825,1.564136,3.598503,-7.069092,15.78597,6.565797E-05
初号机（完全体）,4,0.008333334,7.225,-0.06251581,0.5258711,1.563743,3.598503,-5.501404,14.6317,6.565797E-05
初号机（完全体）,4,0.008333334,7.233334,0.04068169,0.5164956,1.562247,3.598503,-4.056824,13.56207,6.565797E-05
初号机（完全体）,4,0.008333334,7.241667,0.1325153,0.4911826,1.559812,3.598503,-2.771332,12.60579,6.565797E-05
初号机（完全体）,4,0.008333334,7.25,0.2142363,0.4541035,1.5567,3.598503,-1.62738,11.7516,6.565797E-05
初号机（完全体）,4,0.008333334,7.258334,0.2869583,0.4104671,1.553239,3.598503,-0.6094055,10.98911,6.565797E-05
初号机（完全体）,4,0.008333334,7.266667,0.3516724,0.3660029,1.549793,3.598503,0.2964896,10.30884,6.565797E-05
初号机（完全体）,4,0.008333334,7.275001,0.4092602,0.3256993,1.546678,3.598503,1.102617,9.702204,6.565797E-05
初号机（完全体）,4,0.008333334,7.283334,0.4605066,0.2870027,1.544091,3.598503,1.819977,9.161422,6.565797E-05
初号机（完全体）,4,0.008333334,7.291667,0.5061098,0.2443648,1.542321,3.598503,2.458342,8.67948,6.565797E-05
初号机（完全体）,4,0.008333334,7.3,0.5466912,0.1936921,1.541574,3.598503,3.02641,8.250085,6.565797E-05
初号机（完全体）,4,0.008333334,7.308334,0.582804,0.1326508,1.541946,3.598503,3.531926,7.867576,6.565797E-05
初号机（完全体）,4,0.008333334,7.316667,0.614397,0.06080431,1.543416,3.598503,3.974172,7.532644,6.565797E-05
初号机（完全体）,4,0.008333334,7.325,0.6343555,-0.02043321,1.545849,3.598503,4.253558,7.320923,6.565797E-05
初号机（完全体）,4,0.008333334,7.333333,0.6358457,-0.108024,1.549008,3.598503,4.274417,7.305111,6.565797E-05
初号机（完全体）,4,0.008333334,7.341667,0.6149482,-0.1976915,1.552581,3.598503,3.981889,7.526799,6.565797E-05
初号机（完全体）,4,0.008333334,7.35,0.5703367,-0.2844244,1.556212,3.598503,3.357404,7.999669,6.565797E-05
初号机（完全体）,4,0.008333334,7.358334,0.5029926,-0.3630497,1.559537,3.598503,2.414706,8.71244,6.565797E-05
初号机（完全体）,4,0.008333334,7.366667,0.4159506,-0.4288154,1.562223,3.598503,1.196271,9.631653,6.565797E-05
初号机（完全体）,4,0.008333334,7.375,0.3140731,-0.4779252,1.564001,3.598503,-0.2298279,10.70427,6.565797E-05
初号机（完全体）,4,0.008333334,7.383334,0.2038487,-0.5079688,1.564696,3.598503,-1.772797,11.86033,6.565797E-05
初号机（完全体）,4,0.008333334,7.391667,0.09321275,-0.5182059,1.564241,3.598503,-3.321503,13.01554,6.565797E-05
初号机（完全体）,4,0.008333334,7.400001,-0.008778694,-0.5096745,1.56269,3.598503,-4.749207,14.0754,6.565797E-05
初号机（完全体）,4,0.008333334,7.408334,-0.09953902,-0.4851126,1.560207,3.598503,-6.019684,15.01407,6.565797E-05
初号机（完全体）,4,0.008333334,7.416667,-0.180305,-0.4487019,1.557051,3.598503,-7.150269,15.84554,6.565797E-05
初号机（完全体）,4,0.008333334,7.425,-0.2521771,-0.4056603,1.553551,3.598503,-8.156342,16.58221,6.565797E-05
初号机（完全体）,4,0.008333334,7.433334,-0.3161348,-0.3617254,1.550071,3.598503,-9.051636,17.23504,6.565797E-05
初号机（完全体）,4,0.008333334,7.441667,-0.3730496,-0.3218928,1.546926,3.598503,-9.848328,17.81373,6.565797E-05
初号机（完全体）,4,0.008333334,7.45,-0.4236971,-0.2864466,1.544127,3.598503,-10.55731,18.32684,6.565797E-05
初号机（完全体）,4,0.008333334,7.458333,-0.4687674,-0.2520724,1.54182,3.598503,-11.1882,18.78192,6.565797E-05
初号机（完全体）,4,0.008333334,7.466667,-0.5088746,-0.213281,1.540301,3.598503,-11.74963,19.18563,6.565797E-05
初号机（完全体）,4,0.008333334,7.475,-0.5445653,-0.1660312,1.539776,3.598503,-12.24924,19.54387,6.565797E-05
初号机（完全体）,4,0.008333334,7.483334,-0.5763257,-0.1080358,1.540346,3.598503,-12.69382,19.86184,6.565797E-05
初号机（完全体）,4,0.008333334,7.491667,-0.6040459,-0.03889989,1.541992,3.598503,-13.08185,20.1387,6.565797E-05
初号机（完全体）,4,0.008333334,7.5,-0.6205579,0.03992555,1.544582,3.598503,-13.31299,20.30333,6.565797E-05
初号机（完全体）,4,0.008333334,7.508334,-0.6189811,0.1253699,1.547881,3.598503,-13.29092,20.28762,6.565797E-05
初号机（完全体）,4,0.008333334,7.516667,-0.5953543,0.2131273,1.551578,3.598503,-12.96021,20.05196,6.565797E-05
初号机（完全体）,4,0.008333334,7.525001,-0.5483141,0.2981604,1.55532,3.598503,-12.30173,19.58144,6.565797E-05
初号机（完全体）,4,0.008333334,7.533334,-0.4788088,0.3752731,1.558743,3.598503,-11.32877,18.8831,6.565797E-05
初号机（完全体）,4,0.008333334,7.541667,-0.3898434,0.4396929,1.561516,3.598503,-10.08344,17.98407,6.565797E-05
初号机（完全体）,4,0.008333334,7.55,-0.2862544,0.4876049,1.563372,3.598503,-8.633362,16.93037,6.565797E-05
初号机（完全体）,4,0.008333334,7.558334,-0.174507,0.5165825,1.564136,3.598503,-7.069092,15.78597,6.565797E-05
初号机（完全体）,4,0.008333334,7.566667,-0.06251581,0.5258711,1.563743,3.598503,-5.501404,14.6317,6.565797E-05
初号机（完全体）,4,0.008333334,7.575,0.04068169,0.5164956,1.562247,3.598503,-4.056824,13.56207,6.565797E-05
初号机（完全体）,4,0.008333334,7.583333,0.1325153,0.4911826,1.559812,3.598503,-2.771332,12.60579,6.565797E-05
初号机（完全体）,4,0.008333334,7.591667,0.2142363,0.4541035,1.5567,3.598503,-1.62738,11.7516,6.565797E-05
初号机（完全体）,4,0.008333334,7.6,0.2869583,0.4104671,1.553239,3.598503,-0.6094055,10.98911,6.565797E-05
初号机（完全体）,4,0.008333334,7.608334,0.3516724,0.3660029,1.549793,3.598503,0.2964896,10.30884,6.565797E-05
初号机（完全体）,4,0.008333334,7.616667,0.4092602,0.3256993,1.546678,3.598503,1.102617,9.702204,6.565797E-05
初号机（完全体）,4,0.008333334,7.625,0.4605066,0.2870027,1.544091,3.598503,1.819977,9.161422,6.565797E-05
初号机（完全体）,4,0.008333334,7.633334,0.5061098,0.2443648,1.542321,3.598503,2.458343,8.67948,6.565797E-05
初号机（完全体）,4,0.008333334,7.641667,0.5466912,0.1936921,1.541574,3.598503,3.026411,8.250085,6.565797E-05
初号机（完全体）,4,0.008333334,7.650001,0.582804,0.1326508,1.541946,3.598503,3.531926,7.867576,6.565797E-05
初号机（完全体）,4,0.008333334,7.658334,0.614397,0.06080431,1.543416,3.598503,3.974173,7.532644,6.565797E-05
初号机（完全体）,4,0.008333334,7.666667,0.6343555,-0.02043321,1.545849,3.598503,4.253558,7.320923,6.565797E-05
初号机（完全体）,4,0.008333334,7.675,0.6358457,-0.108024,1.549008,3.598503,4.274417,7.305111,6.565797E-05
初号机（完全体）,4,0.008333334,7.683334,0.6149482,-0.1976915,1.552581,3.598503,3.981889,7.526799,6.565797E-05
初号机（完全体）,4,0.008333334,7.691667,0.5703367,-0.2844244,1.556212,3.598503,3.357405,7.999669,6.565797E-05
初号机（完全体）,4,0.008333334,7.7,0.5029926,-0.3630497,1.559537,3.598503,2.414707,8.71244,6.565797E-05
初号机（完全体）,4,0.008333334,7.708334,0.4159506,-0.4288154,1.562223,3.598503,1.196271,9.631653,6.565797E-05
初号机（完全体）,4,0.008333334,7.716667,0.3140731,-0.4779252,1.564001,3.598503,-0.2298279,10.70427,6.565797E-05
初号机（完全体）,4,0.008333334,7.725,0.2038487,-0.5079688,1.564696,3.598503,-1.772797,11.86033,6.565797E-05
初号机（完全体）,4,0.008333334,7.733334,0.09321275,-0.5182059,1.564241,3.598503,-3.321503,13.01554,6.565797E-05
初号机（完全体）,4,0.008333334,7.741667,-0.008778694,-0.5096745,1.56269,3.598503,-4.749207,14.0754,6.565797E-05
初号机（完全体）,4,0.008333334,7.75,-0.09953902,-0.4851126,1.560207,3.598503,-6.019684,15.01407,6.565797E-05
初号机（完全体）,4,0.008333334,7.758334,-0.180305,-0.4487019,1.557051,3.598503,-7.150269,15.84554,6.565797E-05
初号机（完全体）,4,0.008333334,7.766667,-0.2521771,-0.4056603,1.553551,3.598503,-8.156342,16.58221,6.565797E-05
初号机（完全体）,4,0.008333334,7.775001,-0.3161348,-0.3617254,1.550071,3.598503,-9.051636,17.23504,6.565797E-05
初号机（完全体）,4,0.008333334,7.783334,-0.3730496,-0.3218928,1.546926,3.598503,-9.848328,17.81373,6.565797E-05
初号机（完全体）,4,0.008333334,7.791667,-0.4236971,-0.2864466,1.544127,3.598503,-10.55731,18.32684,6.565797E-05
初号机（完全体）,4,0.008333334,7.8,-0.4687674,-0.2520724,1.54182,3.598503,-11.1882,18.78192,6.565797E-05
初号机（完全体）,4,0.008333334,7.808334,-0.5088746,-0.213281,1.540301,3.598503,-11.74963,19.18563,6.565797E-05
初号机（完全体）,4,0.008333334,7.816667,-0.5445653,-0.1660312,1.539776,3.598503,-12.24924,19.54387,6.565797E-05
初号机（完全体）,4,0.008333334,7.825,-0.5763257,-0.1080358,1.540346,3.598503,-12.69382,19.86184,6.565797E-05
初号机（完全体）,4,0.008333334,7.833334,-0.6040459,-0.03889989,1.541992,3.598503,-13.08185,20.1387,6.565797E-05
初号机（完全体）,4,0.008333334,7.841667,-0.6205579,0.03992555,1.544582,3.598503,-13.31299,20.30333,6.565797E-05
初号机（完全体）,4,0.008333334,7.85,-0.6189811,0.1253699,1.547881,3.598503,-13.29092,20.28762,6.565797E-05
初号机（完全体）,4,0.008333334,7.858334,-0.5953543,0.2131273,1.551578,3.598503,-12.96021,20.05196,6.565797E-05
初号机（完全体）,4,0.008333334,7.866667,-0.5483141,0.2981604,1.55532,3.598503,-12.30173,19.58144,6.565797E-05
初号机（完全体）,4,0.008333334,7.875,-0.4788088,0.3752731,1.558743,3.598503,-11.32877,18.8831,6.565797E-05
初号机（完全体）,4,0.008333334,7.883334,-0.3898434,0.4396929,1.561516,3.598503,-10.08344,17.98407,6.565797E-05
初号机（完全体）,4,0.008333334,7.891667,-0.2862544,0.4876049,1.563372,3.598503,-8.633362,16.93037,6.565797E-05
初号机（完全体）,4,0.008333334,7.900001,-0.174507,0.5165825,1.564136,3.598503,-7.069092,15.78597,6.565797E-05
初号机（完全体）,4,0.008333334,7.908334,-0.06251581,0.5258711,1.563743,3.598503,-5.501404,14.6317,6.565797E-05
初号机（完全体）,4,0.008333334,7.916667,0.04068169,0.5164956,1.562247,3.598503,-4.056824,13.56207,6.565797E-05
初号机（完全体）,4,0.008333334,7.925,0.1325153,0.4911826,1.559812,3.598503,-2.771332,12.60579,6.565797E-05
初号机（完全体）,4,0.008333334,7.933334,0.2142363,0.4541035,1.5567,3.598503,-1.62738,11.7516,6.565797E-05
初号机（完全体）,4,0.008333334,7.941667,0.2869583,0.4104671,1.553239,3.598503,-0.6094055,10.98911,6.565797E-05
初号机（完全体）,4,0.008333334,7.95,0.3516724,0.3660029,1.549793,3.598503,0.2964888,10.30884,6.565797E-05
初号机（完全体）,4,0.008333334,7.958334,0.4092602,0.3256993,1.546678,3.598503,1.102617,9.702204,6.565797E-05
初号机（完全体）,4,0.008333334,7.966667,0.4605066,0.2870027,1.544091,3.598503,1.819977,9.161422,6.565797E-05
初号机（完全体）,4,0.008333334,7.975,0.5061098,0.2443648,1.542321,3.598503,2.458342,8.67948,6.565797E-05
初号机（完全体）,4,0.008333334,7.983334,0.5466912,0.1936921,1.541574,3.598503,3.026411,8.250085,6.565797E-05
初号机（完全体）,4,0.008333334,7.991667,0.582804,0.1326508,1.541946,3.598503,3.531926,7.867576,6.565797E-05
初号机（完全体）,4,0.008333334,8,0.614397,0.06080431,1.543416,3.598503,3.974173,7.532644,6.565797E-05
初号机（完全体）,4,0.008333334,8.008334,0.6343555,-0.02043321,1.545849,3.598503,4.253557,7.320923,6.565797E-05
初号机（完全体）,4,0.008333334,8.016667,0.6358457,-0.108024,1.549008,3.598503,4.274417,7.305111,6.565797E-05
初号机（完全体）,4,0.008333334,8.025001,0.6149482,-0.1976915,1.552581,3.598503,3.981889,7.526799,6.565797E-05
初号机（完全体）,4,0.008333334,8.033334,0.5703367,-0.2844244,1.556212,3.598503,3.357405,7.999669,6.565797E-05
初号机（完全体）,4,0.008333334,8.041667,0.5029926,-0.3630497,1.559537,3.598503,2.414707,8.71244,6.565797E-05
初号机（完全体）,4,0.008333334,8.05,0.4159506,-0.4288154,1.562223,3.598503,1.196271,9.631653,6.565797E-05
初号机（完全体）,4,0.008333334,8.058333,0.3140731,-0.4779252,1.564001,3.598503,-0.2298279,10.70427,6.565797E-05
初号机（完全体）,4,0.008333334,8.066668,0.2038487,-0.5079688,1.564696,3.598503,-1.772797,11.86033,6.565797E-05
初号机（完全体）,4,0.008333334,8.075001,0.09321275,-0.5182059,1.564241,3.598503,-3.321503,13.01554,6.565797E-05
初号机（完全体）,4,0.008333334,8.083334,-0.008778694,-0.5096745,1.56269,3.598503,-4.749207,14.0754,6.565797E-05
初号机（完全体）,4,0.008333334,8.091667,-0.09953902,-0.4851126,1.560207,3.598503,-6.019684,15.01407,6.565797E-05
初号机（完全体）,4,0.008333334,8.1,-0.180305,-0.4487019,1.557051,3.598503,-7.150269,15.84554,6.565797E-05
初号机（完全体）,4,0.008333334,8.108334,-0.2521771,-0.4056603,1.553551,3.598503,-8.156342,16.58221,6.565797E-05
初号机（完全体）,4,0.008333334,8.116667,-0.3161348,-0.3617254,1.550071,3.598503,-9.051636,17.23504,6.565797E-05
初号机（完全体）,4,0.008333334,8.125,-0.3730496,-0.3218928,1.546926,3.598503,-9.848328,17.81373,6.565797E-05
初号机（完全体）,4,0.008333334,8.133334,-0.4236971,-0.2864466,1.544127,3.598503,-10.55731,18.32684,6.565797E-05
初号机（完全体）,4,0.008333334,8.141667,-0.4687674,-0.2520724,1.54182,3.598503,-11.1882,18.78192,6.565797E-05
初号机（完全体）,4,0.008333334,8.150001,-0.5088746,-0.213281,1.540301,3.598503,-11.74963,19.18563,6.565797E-05
初号机（完全体）,4,0.008333334,8.158334,-0.5445653,-0.1660312,1.539776,3.598503,-12.24924,19.54387,6.565797E-05
初号机（完全体）,4,0.008333334,8.166667,-0.5763257,-0.1080358,1.540346,3.598503,-12.69382,19.86184,6.565797E-05
初号机（完全体）,4,0.008333334,8.175,-0.6040459,-0.03889989,1.541992,3.598503,-13.08185,20.1387,6.565797E-05
初号机（完全体）,4,0.008333334,8.183333,-0.6205579,0.03992555,1.544582,3.598503,-13.31299,20.30333,6.565797E-05
初号机（完全体）,4,0.008333334,8.191668,-0.6189811,0.1253699,1.547881,3.598503,-13.29092,20.28762,6.565797E-05
初号机（完全体）,4,0.008333334,8.200001,-0.5953543,0.2131273,1.551578,3.598503,-12.96021,20.05196,6.565797E-05
初号机（完全体）,4,0.008333334,8.208334,-0.5483141,0.2981604,1.55532,3.598503,-12.30173,19.58144,6.565797E-05
初号机（完全体）,4,0.008333334,8.216667,-0.4788088,0.3752731,1.558743,3.598503,-11.32877,18.8831,6.565797E-05
初号机（完全体）,4,0.008333334,8.225,-0.3898434,0.4396929,1.561516,3.598503,-10.08344,17.98407,6.565797E-05
初号机（完全体）,4,0.008333334,8.233334,-0.2862544,0.4876049,1.563372,3.598503,-8.633362,16.93037,6.565797E-05
初号机（完全体）,4,0.008333334,8.241667,-0.174507,0.5165825,1.564136,3.598503,-7.069092,15.78597,6.565797E-05
初号机（完全体）,4,0.008333334,8.25,-0.06251581,0.5258711,1.563743,3.598503,-5.501404,14.6317,6.565797E-05
初号机（完全体）,4,0.008333334,8.258334,0.04068169,0.5164956,1.562247,3.598503,-4.056824,13.56207,6.565797E-05
初号机（完全体）,4,0.008333334,8.266667,0.1325153,0.4911826,1.559812,3.598503,-2.771332,12.60579,6.565797E-05
初号机（完全体）,4,0.008333334,8.275001,0.2142363,0.4541035,1.5567,3.598503,-1.62738,11.7516,6.565797E-05
初号机（完全体）,4,0.008333334,8.283334,0.2869583,0.4104671,1.553239,3.598503,-0.6094055,10.98911,6.565797E-05
初号机（完全体）,4,0.008333334,8.291667,0.3516724,0.3660029,1.549793,3.598503,0.2964896,10.30884,6.565797E-05
初号机（完全体）,4,0.008333334,8.3,0.4092602,0.3256993,1.546678,3.598503,1.102617,9.702204,6.565797E-05
初号机（完全体）,4,0.008333334,8.308333,0.4605066,0.2870027,1.544091,3.598503,1.819977,9.161422,6.565797E-05
初号机（完全体）,4,0.008333334,8.316668,0.5061098,0.2443648,1.542321,3.598503,2.458342,8.67948,6.565797E-05
初号机（完全体）,4,0.008333334,8.325001,0.5466912,0.1936921,1.541574,3.598503,3.026411,8.250085,6.565797E-05
初号机（完全体）,4,0.008333334,8.333334,0.582804,0.1326508,1.541946,3.598503,3.531926,7.867576,6.565797E-05
初号机（完全体）,4,0.008333334,8.341667,0.614397,0.06080431,1.543416,3.598503,3.974173,7.532644,6.565797E-05
初号机（完全体）,4,0.008333334,8.35,0.6343555,-0.02043321,1.545849,3.598503,4.253557,7.320923,6.565797E-05
初号机（完全体）,4,0.008333334,8.358334,0.6358457,-0.108024,1.549008,3.598503,4.274417,7.305111,6.565797E-05
初号机（完全体）,4,0.008333334,8.366667,0.6149482,-0.1976915,1.552581,3.598503,3.981889,7.526799,6.565797E-05
初号机（完全体）,4,0.008333334,8.375,0.5703367,-0.2844244,1.556212,3.598503,3.357405,7.999669,6.565797E-05
初号机（完全体）,4,0.008333334,8.383334,0.5029926,-0.3630497,1.559537,3.598503,2.414707,8.71244,6.565797E-05
初号机（完全体）,4,0.008333334,8.391667,0.4159506,-0.4288154,1.562223,3.598503,1.196271,9.631653,6.565797E-05
初号机（完全体）,4,0.008333334,8.400001,0.3140731,-0.4779252,1.564001,3.598503,-0.2298279,10.70427,6.565797E-05
初号机（完全体）,4,0.008333334,8.408334,0.2038487,-0.5079688,1.564696,3.598503,-1.772797,11.86033,6.565797E-05
初号机（完全体）,4,0.008333334,8.416667,0.09321275,-0.5182059,1.564241,3.598503,-3.321503,13.01554,6.565797E-05
初号机（完全体）,4,0.008333334,8.425,-0.008778694,-0.5096745,1.56269,3.598503,-4.749207,14.0754,6.565797E-05
初号机（完全体）,4,0.008333334,8.433333,-0.09953902,-0.4851126,1.560207,3.598503,-6.019684,15.01407,6.565797E-05
初号机（完全体）,4,0.008333334,8.441668,-0.180305,-0.4487019,1.557051,3.598503,-7.150269,15.84554,6.565797E-05
初号机（完全体）,4,0.008333334,8.450001,-0.2521771,-0.4056603,1.553551,3.598503,-8.156342,16.58221,6.565797E-05
初号机（完全体）,4,0.008333334,8.458334,-0.3161348,-0.3617254,1.550071,3.598503,-9.051636,17.23504,6.565797E-05
初号机（完全体）,4,0.008333334,8.466667,-0.3730496,-0.3218928,1.546926,3.598503,-9.848328,17.81373,6.565797E-05
初号机（完全体）,4,0.008333334,8.475,-0.4236971,-0.2864466,1.544127,3.598503,-10.55731,18.32684,6.565797E-05
初号机（完全体）,4,0.008333334,8.483334,-0.4687674,-0.2520724,1.54182,3.598503,-11.1882,18.78192,6.565797E-05
初号机（完全体）,4,0.008333334,8.491667,-0.5088746,-0.213281,1.540301,3.598503,-11.74963,19.18563,6.565797E-05
初号机（完全体）,4,0.008333334,8.5,-0.5445653,-0.1660312,1.539776,3.598503,-12.24924,19.54387,6.565797E-05
初号机（完全体）,4,0.008333334,8.508334,-0.5763257,-0.1080358,1.540346,3.598503,-12.69382,19.86184,6.565797E-05
初号机（完全体）,4,0.008333334,8.516667,-0.6040459,-0.03889989,1.541992,3.598503,-13.08185,20.1387,6.565797E-05
初号机（完全体）,4,0.008333334,8.525001,-0.6205579,0.03992555,1.544582,3.598503,-13.31299,20.30333,6.565797E-05
初号机（完全体）,4,0.008333334,8.533334,-0.6189811,0.1253699,1.547881,3.598503,-13.29092,20.28762,6.565797E-05
初号机（完全体）,4,0.008333334,8.541667,-0.5953543,0.2131273,1.551578,3.598503,-12.96021,20.05196,6.565797E-05
初号机（完全体）,4,0.008333334,8.55,-0.5483141,0.2981604,1.55532,3.598503,-12.30173,19.58144,6.565797E-05
初号机（完全体）,4,0.008333334,8.558333,-0.4788088,0.3752731,1.558743,3.598503,-11.32877,18.8831,6.565797E-05
初号机（完全体）,4,0.008333334,8.566668,-0.3898434,0.4396929,1.561516,3.598503,-10.08344,17.98407,6.565797E-05
初号机（完全体）,4,0.008333334,8.575001,-0.2862544,0.4876049,1.563372,3.598503,-8.633362,16.93037,6.565797E-05
初号机（完全体）,4,0.008333334,8.583334,-0.174507,0.5165825,1.564136,3.598503,-7.069092,15.78597,6.565797E-05
初号机（完全体）,4,0.008333334,8.591667,-0.06251581,0.5258711,1.563743,3.598503,-5.501404,14.6317,6.565797E-05
初号机（完全体）,4,0.008333334,8.6,0.04068169,0.5164956,1.562247,3.598503,-4.056824,13.56207,6.565797E-05
初号机（完全体）,4,0.008333334,8.608334,0.1325153,0.4911826,1.559812,3.598503,-2.771332,12.60579,6.565797E-05
初号机（完全体）,4,0.008333334,8.616667,0.2142363,0.4541035,1.5567,3.598503,-1.62738,11.7516,6.565797E-05
初号机（完全体）,4,0.008333334,8.625,0.2869583,0.4104671,1.553239,3.598503,-0.6094055,10.98911,6.565797E-05
初号机（完全体）,4,0.008333334,8.633334,0.3516724,0.3660029,1.549793,3.598503,0.2964896,10.30884,6.565797E-05
初号机（完全体）,4,0.008333334,8.641667,0.4092602,0.3256993,1.546678,3.598503,1.102617,9.702204,6.565797E-05
初号机（完全体）,4,0.008333334,8.650001,0.4605066,0.2870027,1.544091,3.598503,1.819977,9.161422,6.565797E-05
初号机（完全体）,4,0.008333334,8.658334,0.5061098,0.2443648,1.542321,3.598503,2.458342,8.67948,6.565797E-05
初号机（完全体）,4,0.008333334,8.666667,0.5466912,0.1936921,1.541574,3.598503,3.026411,8.250085,6.565797E-05
初号机（完全体）,4,0.008333334,8.675,0.582804,0.1326508,1.541946,3.598503,3.531926,7.867576,6.565797E-05
初号机（完全体）,4,0.008333334,8.683333,0.614397,0.06080431,1.543416,3.598503,3.974173,7.532644,6.565797E-05
初号机（完全体）,4,0.008333334,8.691668,0.6343555,-0.02043321,1.545849,3.598503,4.253557,7.320923,6.565797E-05
初号机（完全体）,4,0.008333334,8.700001,0.6358457,-0.108024,1.549008,3.598503,4.274417,7.305111,6.565797E-05
初号机（完全体）,4,0.008333334,8.708334,0.6149482,-0.1976915,1.552581,3.598503,3.981889,7.526799,6.565797E-05
初号机（完全体）,4,0.008333334,8.716667,0.5703367,-0.2844244,1.556212,3.598503,3.357405,7.999669,6.565797E-05
初号机（完全体）,4,0.008333334,8.725,0.5029926,-0.3630497,1.559537,3.598503,2.414707,8.71244,6.565797E-05
初号机（完全体）,4,0.008333334,8.733334,0.4159506,-0.4288154,1.562223,3.598503,1.196271,9.631653,6.565797E-05
初号机（完全体）,4,0.008333334,8.741667,0.3140731,-0.4779252,1.564001,3.598503,-0.2298279,10.70427,6.565797E-05
初号机（完全体）,4,0.008333334,8.75,0.2038487,-0.5079688,1.564696,3.598503,-1.772797,11.86033,6.565797E-05
初号机（完全体）,4,0.008333334,8.758334,0.09321275,-0.5182059,1.564241,3.598503,-3.321503,13.01554,6.565797E-05
初号机（完全体）,4,0.008333334,8.766667,-0.008778694,-0.5096745,1.56269,3.598503,-4.749207,14.0754,6.565797E-05
初号机（完全体）,4,0.008333334,8.775001,-0.09953902,-0.4851126,1.560207,3.598503,-6.019684,15.01407,6.565797E-05
初号机（完全体）,4,0.008333334,8.783334,-0.180305,-0.4487019,1.557051,3.598503,-7.150269,15.84554,6.565797E-05
初号机（完全体）,4,0.008333334,8.791667,-0.2521771,-0.4056603,1.553551,3.598503,-8.156342,16.58221,6.565797E-05
初号机（完全体）,4,0.008333334,8.8,-0.3161348,-0.3617254,1.550071,3.598503,-9.051636,17.23504,6.565797E-05
初号机（完全体）,4,0.008333334,8.808333,-0.3730496,-0.3218928,1.546926,3.598503,-9.848328,17.81373,6.565797E-05
初号机（完全体）,4,0.008333334,8.816668,-0.4236971,-0.2864466,1.544127,3.598503,-10.55731,18.32684,6.565797E-05
初号机（完全体）,4,0.008333334,8.825001,-0.4687674,-0.2520724,1.54182,3.598503,-11.1882,18.78192,6.565797E-05
初号机（完全体）,4,0.008333334,8.833334,-0.5088746,-0.213281,1.540301,3.598503,-11.74963,19.18563,6.565797E-05
初号机（完全体）,4,0.008333334,8.841667,-0.5445653,-0.1660312,1.539776,3.598503,-12.24924,19.54387,6.565797E-05
初号机（完全体）,4,0.008333334,8.85,-0.5763257,-0.1080358,1.540346,3.598503,-12.69385,19.86184,6.565797E-05
初号机（完全体）,4,0.008333334,8.858334,-0.6040459,-0.03889989,1.541992,3.598503,-13.08185,20.1387,6.565797E-05
初号机（完全体）,4,0.008333334,8.866667,-0.6205579,0.03992555,1.544582,3.598503,-13.31299,20.30333,6.565797E-05
初号机（完全体）,4,0.008333334,8.875,-0.6189811,0.1253699,1.547881,3.598503,-13.29092,20.28762,6.565797E-05
初号机（完全体）,4,0.008333334,8.883334,-0.5953546,0.2131273,1.551578,3.598503,-12.96021,20.05196,6.565797E-05
初号机（完全体）,4,0.008333334,8.891667,-0.5483144,0.2981604,1.55532,3.598503,-12.30173,19.58144,6.565797E-05
初号机（完全体）,4,0.008333334,8.900001,-0.478809,0.3752731,1.558743,3.598503,-11.32877,18.88311,6.565797E-05
初号机（完全体）,4,0.008333334,8.908334,-0.3898439,0.4396929,1.561516,3.598503,-10.08344,17.98407,6.565797E-05
初号机（完全体）,4,0.008333334,8.916667,-0.2862552,0.4876049,1.563372,3.598503,-8.633362,16.93037,6.565797E-05
初号机（完全体）,4,0.008333334,8.925,-0.1745077,0.5165825,1.564136,3.598503,-7.069092,15.78598,6.565797E-05
初号机（完全体）,4,0.008333334,8.933333,-0.06251664,0.5258711,1.563743,3.598503,-5.501434,14.63171,6.565797E-05
初号机（完全体）,4,0.008333334,8.941668,0.04068068,0.5164956,1.562247,3.598503,-4.056854,13.56208,6.565797E-05
初号机（完全体）,4,0.008333334,8.950001,0.1325141,0.4911826,1.559812,3.598503,-2.771332,12.60581,6.565797E-05
初号机（完全体）,4,0.008333334,8.958334,0.214235,0.4541035,1.5567,3.598503,-1.62738,11.75161,6.565797E-05
初号机（完全体）,4,0.008333334,8.966667,0.2869569,0.4104671,1.553239,3.598503,-0.6094055,10.98912,6.565797E-05
初号机（完全体）,4,0.008333334,8.975,0.3516709,0.3660029,1.549793,3.598503,0.2964679,10.30886,6.565797E-05
初号机（完全体）,4,0.008333334,8.983334,0.4092586,0.3256993,1.546678,3.598503,1.102596,9.702219,6.565797E-05
初号机（完全体）,4,0.008333334,8.991667,0.4605049,0.2870027,1.544091,3.598503,1.819953,9.161439,6.565797E-05
初号机（完全体）,4,0.008333334,9,0.506108,0.2443648,1.542321,3.598503,2.458318,8.679499,6.565797E-05
初号机（完全体）,4,0.008333334,9.008334,0.5466895,0.1936921,1.541574,3.598503,3.026386,8.250102,6.565797E-05
初号机（完全体）,4,0.008333334,9.016667,0.5828021,0.1326508,1.541946,3.598503,3.5319,7.867592,6.565797E-05
初号机（完全体）,4,0.008333334,9.025001,0.6143951,0.06080431,1.543416,3.598503,3.974146,7.532665,6.565797E-05
初号机（完全体）,4,0.008333334,9.033334,0.6343536,-0.02043321,1.545849,3.598386,4.253454,7.32089,6.565797E-05
初号机（完全体）,4,0.008333334,9.041667,0.6358437,-0.108024,1.549008,3.598291,4.274251,7.305034,6.565797E-05
初号机（完全体）,4,0.008333334,9.05,0.6149463,-0.1976915,1.552581,3.598216,3.981676,7.526688,6.565797E-05
初号机（完全体）,4,0.008333334,9.058333,0.5703348,-0.2844244,1.556212,3.598156,3.357155,7.99953,6.565797E-05
初号机（完全体）,4,0.008333334,9.066668,0.5029907,-0.3630497,1.559537,3.598109,2.414424,8.712285,6.565797E-05
初号机（完全体）,4,0.008333334,9.075001,0.4159486,-0.4288154,1.562223,3.598075,1.195965,9.631478,6.565797E-05
初号机（完全体）,4,0.008333334,9.083334,0.3140713,-0.4779252,1.564001,3.598049,-0.2301636,10.70408,6.565797E-05
初号机（完全体）,4,0.008333334,9.091667,0.2038468,-0.5079688,1.564696,3.598031,-1.773102,11.86014,6.565797E-05
初号机（完全体）,4,0.008333334,9.1,0.09321111,-0.5182059,1.564241,3.59802,-3.321838,13.01534,6.565797E-05
初号机（完全体）,4,0.008333334,9.108334,-0.008780153,-0.5096745,1.56269,3.598014,-4.749542,14.0752,6.565797E-05
初号机（完全体）,4,0.008333334,9.116667,-0.09954032,-0.4851126,1.560207,3.598013,-6.02002,15.01387,6.565797E-05
初号机（完全体）,4,0.008333334,9.125,-0.1803061,-0.4487019,1.557051,3.598015,-7.150604,15.84533,6.565797E-05
初号机（完全体）,4,0.008333334,9.133334,-0.2521782,-0.4056603,1.553551,3.598019,-8.156677,16.582,6.565797E-05
初号机（完全体）,4,0.008333334,9.141667,-0.3161358,-0.3617254,1.550071,3.598026,-9.051941,17.23484,6.565797E-05
初号机（完全体）,4,0.008333334,9.150001,-0.3730505,-0.3218928,1.546926,3.598034,-9.848663,17.81354,6.565797E-05
初号机（完全体）,4,0.008333334,9.158334,-0.4236979,-0.2864466,1.544127,3.598043,-10.55762,18.32665,6.565797E-05
初号机（完全体）,4,0.008333334,9.166667,-0.468768,-0.2520724,1.54182,3.598053,-11.18851,18.78172,6.565797E-05
初号机（完全体）,4,0.008333334,9.175,-0.5088751,-0.213281,1.540301,3.598064,-11.74994,19.18545,6.565797E-05
初号机（完全体）,4,0.008333334,9.183333,-0.5445657,-0.1660312,1.539776,3.598076,-12.24954,19.54369,6.565797E-05
初号机（完全体）,4,0.008333334,9.191668,-0.5763261,-0.1080358,1.540346,3.598088,-12.69412,19.86166,6.565797E-05
初号机（完全体）,4,0.008333334,9.200001,-0.6040462,-0.03889989,1.541992,3.598099,-13.08212,20.13853,6.565797E-05
初号机（完全体）,4,0.008333334,9.208334,-0.6205582,0.03992555,1.544582,3.598111,-13.31326,20.30317,6.565797E-05
初号机（完全体）,4,0.008333334,9.216667,-0.6189822,0.1253699,1.547881,3.598123,-13.2912,20.28747,6.565797E-05
初号机（完全体）,4,0.008333334,9.225,-0.5953566,0.2131273,1.551578,3.598133,-12.96048,20.05182,6.565797E-05
初号机（完全体）,4,0.008333334,9.233334,-0.5483178,0.2981604,1.55532,3.598143,-12.302,19.58132,6.565797E-05
初号机（完全体）,4,0.008333334,9.241667,-0.4788142,0.3752731,1.558743,3.598153,-11.32907,18.88301,6.565797E-05
初号机（完全体）,4,0.008333334,9.250001,-0.3898509,0.4396929,1.561516,3.598163,-10.08374,17.984,6.565797E-05
初号机（完全体）,4,0.008333334,9.258334,-0.2862644,0.4876049,1.563372,3.598172,-8.633728,16.93032,6.565797E-05
初号机（完全体）,4,0.008333334,9.266667,-0.1745196,0.5165825,1.564136,3.598181,-7.069489,15.78596,6.565797E-05
初号机（完全体）,4,0.008333334,9.275001,-0.06253095,0.5258711,1.563743,3.59819,-5.501831,14.63172,6.565797E-05
初号机（完全体）,4,0.008333334,9.283334,0.04066428,0.5164956,1.562247,3.598197,-4.057281,13.56211,6.565797E-05
初号机（完全体）,4,0.008333334,9.291667,0.1324958,0.4911826,1.559812,3.598204,-2.77179,12.60586,6.565797E-05
初号机（完全体）,4,0.008333334,9.3,0.2142151,0.4541035,1.5567,3.598212,-1.627869,11.75169,6.565797E-05
初号机（完全体）,4,0.008333334,9.308333,0.2869355,0.4104671,1.553239,3.598218,-0.6098938,10.98921,6.565797E-05
初号机（完全体）,4,0.008333334,9.316668,0.3516481,0.3660029,1.549793,3.598224,0.2959678,10.30897,6.565797E-05
初号机（完全体）,4,0.008333334,9.325001,0.4092347,0.3256993,1.546678,3.59823,1.102083,9.702346,6.565797E-05
初号机（完全体）,4,0.008333334,9.333334,0.4604799,0.2870027,1.544091,3.598236,1.81943,9.161578,6.565797E-05
初号机（完全体）,4,0.008333334,9.341667,0.5060822,0.2443648,1.542321,3.59824,2.457785,8.679652,6.565797E-05
初号机（完全体）,4,0.008333334,9.35,0.5466627,0.1936921,1.541574,3.598245,3.025843,8.250267,6.565797E-05
初号机（完全体）,4,0.008333334,9.358334,0.5827746,0.1326508,1.541946,3.598248,3.53135,7.867767,6.565797E-05
初号机（完全体）,4,0.008333334,9.366667,0.614367,0.06080431,1.543416,3.598253,3.97359,7.532848,6.565797E-05
初号机（完全体）,4,0.008333334,9.375001,0.6343254,-0.02043321,1.545849,3.598257,4.252976,7.321129,6.565797E-05
初号机（完全体）,4,0.008333334,9.383334,0.6358163,-0.108024,1.549008,3.59826,4.273848,7.305313,6.565797E-05
初号机（完全体）,4,0.008333334,9.391667,0.6149204,-0.1976915,1.552581,3.598263,3.981345,7.526984,6.565797E-05
初号机（完全体）,4,0.008333334,9.400001,0.5703118,-0.2844244,1.556212,3.598266,3.356903,7.999823,6.565797E-05
初号机（完全体）,4,0.008333334,9.408334,0.5029712,-0.3630497,1.559537,3.598268,2.414254,8.712563,6.565797E-05
初号机（完全体）,4,0.008333334,9.416667,0.4159339,-0.4288154,1.562223,3.59827,1.195886,9.631721,6.565797E-05
初号机（完全体）,4,0.008333334,9.425,0.3140619,-0.4779252,1.564001,3.598272,-0.2301331,10.70428,6.565797E-05
初号机（完全体）,4,0.008333334,9.433333,0.2038432,-0.5079688,1.564696,3.598274,-1.77301,11.86029,6.565797E-05
初号机（完全体）,4,0.008333334,9.441668,0.09321315,-0.5182059,1.564241,3.598277,-3.321625,13.01544,6.565797E-05
初号机（完全体）,4,0.008333334,9.450001,-0.008773085,-0.5096745,1.56269,3.598279,-4.749268,14.07524,6.565797E-05
初号机（完全体）,4,0.008333334,9.458334,-0.09952877,-0.4851126,1.560207,3.598281,-6.019684,15.01387,6.565797E-05
初号机（完全体）,4,0.008333334,9.466667,-0.1802906,-0.4487019,1.557051,3.598283,-7.150208,15.84529,6.565797E-05
初号机（完全体）,4,0.008333334,9.475,-0.2521591,-0.4056603,1.553551,3.598285,-8.156219,16.58192,6.565797E-05
初号机（完全体）,4,0.008333334,9.483334,-0.3161136,-0.3617254,1.550071,3.598286,-9.051483,17.23473,6.565797E-05
初号机（完全体）,4,0.008333334,9.491667,-0.3730255,-0.3218928,1.546926,3.598287,-9.848145,17.81339,6.565797E-05
初号机（完全体）,4,0.008333334,9.500001,-0.4236704,-0.2864466,1.544127,3.598289,-10.55707,18.32648,6.565797E-05
初号机（完全体）,4,0.008333334,9.508334,-0.4687383,-0.2520724,1.54182,3.598289,-11.18796,18.78153,6.565797E-05
初号机（完全体）,4,0.008333334,9.516667,-0.5088434,-0.213281,1.540301,3.59829,-11.74933,19.18523,6.565797E-05
初号机（完全体）,4,0.008333334,9.525001,-0.5445322,-0.1660312,1.539776,3.598291,-12.24893,19.54345,6.565797E-05
初号机（完全体）,4,0.008333334,9.533334,-0.5762911,-0.1080358,1.540346,3.598292,-12.69348,19.8614,6.565797E-05
初号机（完全体）,4,0.008333334,9.541667,-0.6040097,-0.03889989,1.541992,3.598293,-13.08148,20.13825,6.565797E-05
初号机（完全体）,4,0.008333334,9.55,-0.620521,0.03992555,1.544582,3.598293,-13.31262,20.30287,6.565797E-05
初号机（完全体）,4,0.008333334,9.558333,-0.6189443,0.1253699,1.547881,3.598294,-13.29056,20.28717,6.565797E-05
初号机（完全体）,4,0.008333334,9.566668,-0.5953192,0.2131273,1.551578,3.598294,-12.95984,20.05152,6.565797E-05
初号机（完全体）,4,0.008333334,9.575001,-0.5482819,0.2981604,1.55532,3.598294,-12.30139,19.58103,6.565797E-05
初号机（完全体）,4,0.008333334,9.583334,-0.4787806,0.3752731,1.558743,3.598295,-11.32852,18.88273,6.565797E-05
初号机（完全体）,4,0.008333334,9.591667,-0.3898205,0.4396929,1.561516,3.598295,-10.08322,17.98374,6.565797E-05
初号机（完全体）,4,0.008333334,9.6,-0.2862374,0.4876049,1.563372,3.598295,-8.63327,16.93011,6.565797E-05
初号机（完全体）,4,0.008333334,9.608334,-0.1744967,0.5165825,1.564136,3.598295,-7.069092,15.78577,6.565797E-05
初号机（完全体）,4,0.008333334,9.616667,-0.06251208,0.5258711,1.563743,3.598296,-5.501495,14.63157,6.565797E-05
初号机（完全体）,4,0.008333334,9.625001,0.0406795,0.5164956,1.562247,3.598296,-4.057007,13.562,6.565797E-05
初号机（完全体）,4,0.008333334,9.633334,0.1325078,0.4911826,1.559812,3.598296,-2.771576,12.60578,6.565797E-05
初号机（完全体）,4,0.008333334,9.641667,0.2142241,0.4541035,1.5567,3.598296,-1.627686,11.75163,6.565797E-05
初号机（完全体）,4,0.008333334,9.650001,0.286942,0.4104671,1.553239,3.598297,-0.6097717,10.98918,6.565797E-05
初号机（完全体）,4,0.008333334,9.658334,0.3516523,0.3660029,1.549793,3.598297,0.2960747,10.30896,6.565797E-05
初号机（完全体）,4,0.008333334,9.666667,0.4092368,0.3256993,1.546678,3.598297,1.102157,9.702353,6.565797E-05
初号机（完全体）,4,0.008333334,9.675,0.4604803,0.2870027,1.544091,3.598297,1.819475,9.161602,6.565797E-05
初号机（完全体）,4,0.008333334,9.683333,0.5060809,0.2443648,1.542321,3.598297,2.457803,8.679693,6.565797E-05
初号机（完全体）,4,0.008333334,9.691668,0.54666,0.1936921,1.541574,3.598297,3.02584,8.25032,6.565797E-05
初号机（完全体）,4,0.008333334,9.700001,0.5827706,0.1326508,1.541946,3.598297,3.531325,7.867833,6.565797E-05
初号机（完全体）,4,0.008333334,9.708334,0.6143619,0.06080431,1.543416,3.598297,3.973546,7.532922,6.565797E-05
初号机（完全体）,4,0.008333334,9.716667,0.6343193,-0.02043321,1.545849,3.598297,4.252917,7.321213,6.565797E-05
初号机（完全体）,4,0.008333334,9.725,0.6358093,-0.108024,1.549008,3.598297,4.273773,7.305402,6.565797E-05
初号机（完全体）,4,0.008333334,9.733334,0.6149131,-0.1976915,1.552581,3.598297,3.981263,7.527075,6.565797E-05
初号机（完全体）,4,0.008333334,9.741667,0.5703042,-0.2844244,1.556212,3.598297,3.356817,7.999918,6.565797E-05
初号机（完全体）,4,0.008333334,9.750001,0.502964,-0.3630497,1.559537,3.598297,2.414172,8.71265,6.565797E-05
初号机（完全体）,4,0.008333334,9.758334,0.4159269,-0.4288154,1.562223,3.598297,1.195805,9.631805,6.565797E-05
初号机（完全体）,4,0.008333334,9.766667,0.3140551,-0.4779252,1.564001,3.598297,-0.2302246,10.70436,6.565797E-05
初号机（完全体）,4,0.008333334,9.775001,0.2038372,-0.5079688,1.564696,3.598297,-1.773071,11.86036,6.565797E-05
初号机（完全体）,4,0.008333334,9.783334,0.09320779,-0.5182059,1.564241,3.598297,-3.321686,13.0155,6.565797E-05
初号机（完全体）,4,0.008333334,9.791667,-0.008777852,-0.5096745,1.56269,3.598297,-4.749329,14.0753,6.565797E-05
初号机（完全体）,4,0.008333334,9.8,-0.09953302,-0.4851126,1.560207,3.598297,-6.019714,15.01392,6.565797E-05
初号机（完全体）,4,0.008333334,9.808333,-0.1802944,-0.4487019,1.557051,3.598297,-7.150238,15.84534,6.565797E-05
初号机（完全体）,4,0.008333334,9.816668,-0.2521625,-0.4056603,1.553551,3.598297,-8.156281,16.58196,6.565797E-05
初号机（完全体）,4,0.008333334,9.825001,-0.3161165,-0.3617254,1.550071,3.598297,-9.051514,17.23476,6.565797E-05
初号机（完全体）,4,0.008333334,9.833334,-0.3730281,-0.3218928,1.546926,3.598297,-9.848175,17.81342,6.565797E-05
初号机（完全体）,4,0.008333334,9.841667,-0.4236727,-0.2864466,1.544127,3.598297,-10.5571,18.3265,6.565797E-05
初号机（完全体）,4,0.008333334,9.85,-0.4687404,-0.2520724,1.54182,3.598297,-11.18796,18.78155,6.565797E-05
初号机（完全体）,4,0.008333334,9.858334,-0.5088453,-0.213281,1.540301,3.598297,-11.74936,19.18525,6.565797E-05
初号机（完全体）,4,0.008333334,9.866667,-0.544534,-0.1660312,1.539776,3.598297,-12.24893,19.54347,6.565797E-05
初号机（完全体）,4,0.008333334,9.875001,-0.5762926,-0.1080358,1.540346,3.598297,-12.69351,19.86142,6.565797E-05
初号机（完全体）,4,0.008333334,9.883334,-0.6040112,-0.03889989,1.541992,3.598297,-13.08151,20.13827,6.565797E-05
初号机（完全体）,4,0.008333334,9.891667,-0.6205223,0.03992555,1.544582,3.598297,-13.31262,20.30289,6.565797E-05
初号机（完全体）,4,0.008333334,9.900001,-0.6189455,0.1253699,1.547881,3.598297,-13.29056,20.28718,6.565797E-05
初号机（完全体）,4,0.008333334,9.908334,-0.5953203,0.2131273,1.551578,3.598297,-12.95987,20.05153,6.565797E-05
初号机（完全体）,4,0.008333334,9.916667,-0.5482829,0.2981604,1.55532,3.598297,-12.30142,19.58104,6.565797E-05
初号机（完全体）,4,0.008333334,9.925,-0.4787815,0.3752731,1.558743,3.598297,-11.32852,18.88274,6.565797E-05
初号机（完全体）,4,0.008333334,9.933333,-0.3898213,0.4396929,1.561516,3.598297,-10.08325,17.98375,6.565797E-05
初号机（完全体）,4,0.008333334,9.941668,-0.2862381,0.4876049,1.563372,3.598297,-8.63327,16.93011,6.565797E-05
初号机（完全体）,4,0.008333334,9.950001,-0.1744973,0.5165825,1.564136,3.598297,-7.069092,15.78578,6.565797E-05
初号机（完全体）,4,0.008333334,9.958334,-0.06251262,0.5258711,1.563743,3.598297,-5.501495,14.63157,6.565797E-05
初号机（完全体）,4,0.008333334,9.966667,0.04067902,0.5164956,1.562247,3.598297,-4.057007,13.562,6.565797E-05
初号机（完全体）,4,0.008333334,9.975,0.1325074,0.4911826,1.559812,3.598297,-2.771576,12.60578,6.565797E-05
初号机（完全体）,4,0.008333334,9.983334,0.2142238,0.4541035,1.5567,3.598297,-1.627686,11.75163,6.565797E-05
初号机（完全体）,4,0.008333334,9.991667,0.2869417,0.4104671,1.553239,3.598297,-0.6097717,10.98918,6.565797E-05
