model,speed,dt,time,stride,support,pelvisY,lean,leftArm,rightArm,footError
初号机（完全体）,1.2,0.02,0,0,0,1.661509,0,-0.05456543,12.36129,6.132692E-06
初号机（完全体）,1.2,0.02,0.02,0,0,1.661509,0.09317023,-0.18396,12.40346,1.379928E-05
初号机（完全体）,1.2,0.02,0.04,0,0,1.661509,0.1919549,-0.4445801,12.44816,3.091173E-05
初号机（完全体）,1.2,0.02,0.06,0,0,1.661509,0.2902317,-0.7319641,12.49262,3.091173E-05
初号机（完全体）,1.2,0.02,0.08,6.23397E-05,0.01348719,1.652538,0.3845118,-0.9101257,12.53462,3.153459E-05
初号机（完全体）,1.2,0.02,0.09999999,0.001439273,0.04682584,1.651851,0.4730232,-0.8381042,12.56028,3.153459E-05
初号机（完全体）,1.2,0.02,0.12,0.006628828,0.1016589,1.64783,0.5550844,-0.7287598,12.54323,3.445356E-05
初号机（完全体）,1.2,0.02,0.14,0.01824305,0.1734513,1.638007,0.6306798,-0.5454407,12.45618,3.445356E-05
初号机（完全体）,1.2,0.02,0.16,0.03815264,0.2518656,1.622943,0.7001775,-0.2522583,12.27969,6.114595E-05
初号机（完全体）,1.2,0.02,0.18,0.06684049,0.3228934,1.606232,0.7641441,0.1699439,12.00875,6.12603E-05
初号机（完全体）,1.2,0.02,0.2,0.1029131,0.3722511,1.5906,0.8232273,0.7051589,11.65799,0.00228885
初号机（完全体）,1.2,0.02,0.22,0.1427313,0.3892389,1.575488,0.8780832,1.296811,11.26555,0.01059032
初号机（完全体）,1.2,0.02,0.24,0.1815052,0.3701177,1.559566,0.9293348,1.87289,10.88187,0.01513919
初号机（完全体）,1.2,0.02,0.26,0.2189911,0.3201309,1.542317,0.9775485,2.429027,10.50984,0.01513919
初号机（完全体）,1.2,0.02,0.28,0.2473224,0.2525065,1.537922,1.023226,2.855352,10.23258,0.01513919
初号机（完全体）,1.2,0.02,0.3,0.2687347,0.1908403,1.533913,1.066803,3.183447,10.02699,0.01513919
初号机（完全体）,1.2,0.02,0.32,0.2849177,0.144234,1.530884,1.108649,3.437207,9.875593,0.01513919
初号机（完全体）,1.2,0.02,0.34,0.2971486,0.0963845,1.529415,1.149076,3.634717,9.765142,0.01513919
初号机（完全体）,1.2,0.02,0.36,0.3063926,0.02495567,1.530597,1.188347,3.789656,9.685624,0.01513919
初号机（完全体）,1.2,0.02,0.38,0.313379,-0.07964139,1.53478,1.226675,3.912379,9.629464,0.01513919
初号机（完全体）,1.2,0.02,0.4,0.3160543,-0.2141878,1.541549,1.264239,3.974248,9.618416,0.01513919
初号机（完全体）,1.2,0.02,0.42,0.3071509,-0.3647754,1.549843,1.301181,3.873614,9.72918,0.01513919
初号机（完全体）,1.2,0.02,0.44,0.2837959,-0.5107808,1.558204,1.33762,3.570333,9.99196,0.01513919
初号机（完全体）,1.2,0.02,0.46,0.2469025,-0.6299599,1.565097,1.373651,3.077249,10.3968,0.01513919
初号机（完全体）,1.2,0.02,0.48,0.2002454,-0.7036749,1.569244,1.409349,2.447258,10.90351,0.01513919
初号机（完全体）,1.2,0.02,0.5,0.1497619,-0.7212225,1.569897,1.444777,1.763523,11.44932,0.01513919
初号机（完全体）,1.2,0.02,0.52,0.1030242,-0.6824052,1.567005,1.479983,1.132084,11.95473,0.01513919
初号机（完全体）,1.2,0.02,0.54,0.06681632,-0.5978433,1.56123,1.515007,0.6479422,12.34911,0.01529158
初号机（完全体）,1.2,0.02,0.56,0.03945098,-0.4869831,1.553814,1.549879,0.2874975,12.65055,0.01529158
初号机（完全体）,1.2,0.02,0.58,0.01876871,-0.3742304,1.546326,1.584626,0.02053307,12.88192,0.01529158
初号机（完全体）,1.2,0.02,0.6,0.003137375,-0.2828373,1.540265,1.594122,-0.1921387,13.04907,0.01529158
初号机（完全体）,1.2,0.02,0.62,-0.00867653,-0.2137638,1.535685,1.56938,-0.3735962,13.16091,0.01529158
初号机（完全体）,1.2,0.02,0.64,-0.01760529,-0.1469487,1.533172,1.526421,-0.5265198,13.23447,0.01529158
初号机（完全体）,1.2,0.02,0.66,-0.0243535,-0.05611564,1.533895,1.475517,-0.6540833,13.28174,0.01529158
初号机（完全体）,1.2,0.02,0.68,-0.02945368,0.06894199,1.538108,1.423033,-0.759613,13.31113,0.01529158
初号机（完全体）,1.2,0.02,0.7,-0.025279,0.2224397,1.545126,1.372718,-0.7338562,13.24502,0.01529158
初号机（完全体）,1.2,0.02,0.72,-5.280783E-05,0.3858912,1.553514,1.326598,-0.410675,12.96154,0.01529158
初号机（完全体）,1.2,0.02,0.74,0.0491828,0.533972,1.561449,1.28559,0.2519549,12.42945,0.01529158
初号机（完全体）,1.2,0.02,0.76,0.1186946,0.6416683,1.567171,1.249922,1.201929,11.68636,0.01529158
初号机（完全体）,1.2,0.02,0.78,0.1996924,0.691085,1.569418,1.219411,2.316057,10.82287,0.01529158
初号机（完全体）,1.2,0.02,0.8,0.2795637,0.6763498,1.56773,1.193652,3.417502,9.970822,0.01529158
初号机（完全体）,1.2,0.02,0.82,0.3439696,0.6054885,1.562572,1.172132,4.305191,9.281734,0.01529158
初号机（完全体）,1.2,0.02,0.84,0.3926466,0.4988592,1.555225,1.154307,4.975077,8.759293,0.01529158
初号机（完全体）,1.2,0.02,0.86,0.4294358,0.3845489,1.54748,1.13965,5.480597,8.363402,0.01529158
初号机（完全体）,1.2,0.02,0.88,0.4572406,0.2906358,1.541137,1.127671,5.862072,8.063508,0.01529158
初号机（完全体）,1.2,0.02,0.9,0.4782549,0.2050473,1.537293,1.117934,6.149942,7.83639,0.01529158
初号机（完全体）,1.2,0.02,0.92,0.4941373,0.1000256,1.53701,1.110054,6.367171,7.664418,0.01529158
初号机（完全体）,1.2,0.02,0.94,0.5061408,-0.03575553,1.540462,1.103704,6.531093,7.534218,0.01529158
初号机（完全体）,1.2,0.02,0.96,0.5024853,-0.1973579,1.546905,1.098603,6.4766,7.570641,0.01529158
初号机（完全体）,1.2,0.02,0.98,0.4647367,-0.3669348,1.554858,1.094519,5.945468,7.968883,0.01529158
初号机（完全体）,1.2,0.02,1,0.3883831,-0.5196451,1.562465,1.09126,4.874408,8.775484,0.01529158
初号机（完全体）,1.2,0.02,1.02,0.2794755,-0.6308402,1.567939,1.088665,3.348027,9.923815,0.01529158
初号机（完全体）,1.2,0.02,1.04,0.1520489,-0.6829013,1.569998,1.086602,1.562728,11.26259,0.01529158
初号机（完全体）,1.2,0.02,1.06,0.02617169,-0.6701646,1.568169,1.084968,-0.200592,12.57891,0.01529158
初号机（完全体）,1.2,0.02,1.08,-0.07536902,-0.6008139,1.562904,1.083674,-1.622986,13.63557,0.01529158
初号机（完全体）,1.2,0.02,1.1,-0.1521118,-0.4953262,1.555475,1.082653,-2.698059,14.43079,0.01529158
初号机（完全体）,1.2,0.02,1.12,-0.2101128,-0.3818787,1.547669,1.081844,-3.51059,15.02974,0.01529158
初号机（完全体）,1.2,0.02,1.14,-0.253949,-0.2886177,1.54128,1.081208,-4.124695,15.48116,0.01529158
初号机（完全体）,1.2,0.02,1.16,-0.2870797,-0.2181326,1.536452,1.080709,-4.588867,15.82161,0.01529158
初号机（完全体）,1.2,0.02,1.18,-0.3121193,-0.1502505,1.533752,1.080317,-4.939667,16.07847,0.01529158
初号机（完全体）,1.2,0.02,1.2,-0.3310438,-0.05861112,1.534334,1.08001,-5.204803,16.27235,0.01529158
初号机（完全体）,1.2,0.02,1.22,-0.3453467,0.06705594,1.53844,1.079769,-5.405212,16.41874,0.01529158
初号机（完全体）,1.2,0.02,1.24,-0.3451167,0.2210143,1.545377,1.079581,-5.4021,16.4163,0.01529158
初号机（完全体）,1.2,0.02,1.26,-0.3145964,0.3848139,1.553703,1.079435,-4.974915,16.10349,0.01529158
初号机（完全体）,1.2,0.02,1.28,-0.2500476,0.5331578,1.561592,1.07932,-4.07132,15.44017,0.01529158
初号机（完全体）,1.2,0.02,1.3,-0.1568514,0.641053,1.567279,1.079231,-2.766632,14.4783,0.01529158
初号机（完全体）,1.2,0.02,1.32,-0.04728188,0.6906199,1.569499,1.079161,-1.232727,13.34158,0.01529158
初号机（完全体）,1.2,0.02,1.34,0.06117797,0.6759983,1.567792,1.079107,0.2856733,12.21066,0.01529158
初号机（完全体）,1.2,0.02,1.36,0.1487057,0.6052228,1.562619,1.079065,1.511024,11.29423,0.01529158
初号机（完全体）,1.2,0.02,1.38,0.2148577,0.4986584,1.55526,1.079032,2.437124,10.59956,0.01529158
初号机（完全体）,1.2,0.02,1.4,0.2648543,0.3843971,1.547506,1.079007,3.137054,10.07343,0.01529158
初号机（完全体）,1.2,0.02,1.42,0.3026409,0.2905211,1.541157,1.078987,3.66605,9.675212,0.01529158
初号机（完全体）,1.2,0.02,1.44,0.3311994,0.2049606,1.537308,1.078972,4.065857,9.373921,0.01529158
初号机（完全体）,1.2,0.02,1.46,0.3527835,0.09996012,1.537021,1.07896,4.368023,9.146032,0.01529158
初号机（完全体）,1.2,0.02,1.48,0.3690964,-0.03580505,1.540471,1.07895,4.596395,8.973699,0.01529158
初号机（完全体）,1.2,0.02,1.5,0.3703855,-0.1973954,1.546912,1.078943,4.614438,8.960072,0.01529158
初号机（完全体）,1.2,0.02,1.52,0.3410134,-0.3669631,1.554863,1.078937,4.203228,9.270308,0.01529158
初号机（完全体）,1.2,0.02,1.54,0.2773324,-0.5196665,1.562469,1.078933,3.311698,9.941953,0.01529158
初号机（完全体）,1.2,0.02,1.56,0.1847921,-0.6308565,1.567942,1.07893,2.016142,10.91543,0.01529158
初号机（完全体）,1.2,0.02,1.58,0.07571837,-0.6829135,1.57,1.078927,0.48912,12.05857,0.01529158
初号机（完全体）,1.2,0.02,1.6,-0.03236677,-0.6701739,1.56817,1.078925,-1.024048,13.18628,0.01529158
初号机（完全体）,1.2,0.02,1.62,-0.1196112,-0.6008209,1.562905,1.078923,-2.245483,14.09251,0.01529158
初号机（完全体）,1.2,0.02,1.64,-0.1855491,-0.4953315,1.555476,1.078922,-3.16861,14.77484,0.01529158
初号机（完全体）,1.2,0.02,1.66,-0.235384,-0.3818827,1.54767,1.078921,-3.866272,15.28897,0.01529158
初号机（完全体）,1.2,0.02,1.68,-0.2730483,-0.2886207,1.541281,1.07892,-4.393585,15.67661,0.01529158
初号机（完全体）,1.2,0.02,1.7,-0.3015144,-0.2181349,1.536452,1.07892,-4.792114,15.96903,0.01529158
初号机（完全体）,1.2,0.02,1.72,-0.3230286,-0.1502523,1.533752,1.07892,-5.093292,16.18972,0.01529158
初号机（完全体）,1.2,0.02,1.74,-0.3392887,-0.05861244,1.534334,1.078919,-5.320953,16.35633,0.01529158
初号机（完全体）,1.2,0.02,1.76,-0.3515778,0.06705495,1.53844,1.078919,-5.492981,16.48214,0.01529158
初号机（完全体）,1.2,0.02,1.78,-0.3498259,0.2210135,1.545377,1.078919,-5.468445,16.46421,0.01529158
初号机（完全体）,1.2,0.02,1.8,-0.3181554,0.3848133,1.553703,1.078919,-5.025085,16.13975,0.01529158
初号机（完全体）,1.2,0.02,1.82,-0.2527374,0.5331573,1.561592,1.078919,-4.109222,15.46767,0.01529158
初号机（完全体）,1.2,0.02,1.84,-0.1588844,0.6410526,1.567279,1.078919,-2.795288,14.49919,0.01529158
初号机（完全体）,1.2,0.02,1.86,-0.04881851,0.6906196,1.569499,1.078919,-1.254395,13.35746,0.01529158
初号机（完全体）,1.2,0.02,1.88,0.06001643,0.675998,1.567792,1.078919,0.2692893,12.22272,0.01529158
初号机（完全体）,1.2,0.02,1.9,0.1478276,0.6052226,1.562619,1.078919,1.498636,11.30337,0.01529158
初号机（完全体）,1.2,0.02,1.92,0.2141938,0.4986583,1.55526,1.078919,2.427756,10.60648,0.01529158
初号机（完全体）,1.2,0.02,1.94,0.2643523,0.3843971,1.547506,1.078919,3.12997,10.07868,0.01529158
初号机（完全体）,1.2,0.02,1.96,0.3022613,0.2905211,1.541157,1.078925,3.660696,9.679184,0.01529158
初号机（完全体）,1.2,0.02,1.98,0.3309123,0.2049606,1.537308,1.07893,4.06181,9.376931,0.01529158
初号机（完全体）,1.2,0.02,2,0.3525663,0.09996009,1.537021,1.078932,4.364964,9.148313,0.01529158
初号机（完全体）,1.2,0.02,2.02,0.368932,-0.03580507,1.540471,1.078933,4.594083,8.975426,0.01529158
初号机（完全体）,1.2,0.02,2.04,0.370261,-0.1973954,1.546912,1.078932,4.612689,8.961383,0.01529158
初号机（完全体）,1.2,0.02,2.06,0.3409192,-0.3669631,1.554863,1.078932,4.201905,9.271299,0.01529158
初号机（完全体）,1.2,0.02,2.08,0.277261,-0.5196665,1.562469,1.078931,3.310697,9.942706,0.01529158
初号机（完全体）,1.2,0.02,2.1,0.184738,-0.6308565,1.567942,1.07893,2.015386,10.916,0.01529158
初号机（完全体）,1.2,0.02,2.12,0.07567739,-0.6829135,1.57,1.078929,0.4885479,12.059,0.01529158
初号机（完全体）,1.2,0.02,2.14,-0.03239781,-0.6701739,1.56817,1.078928,-1.024506,13.18661,0.01529158
初号机（完全体）,1.2,0.02,2.16,-0.1196347,-0.6008209,1.562905,1.078928,-2.245789,14.09276,0.01529158
初号机（完全体）,1.2,0.02,2.18,-0.185567,-0.4953315,1.555476,1.078927,-3.168854,14.77503,0.01529158
初号机（完全体）,1.2,0.02,2.2,-0.2353975,-0.3818827,1.54767,1.078926,-3.866455,15.28911,0.01529158
初号机（完全体）,1.2,0.02,2.22,-0.2730586,-0.2886207,1.541281,1.078926,-4.393707,15.67672,0.01529158
初号机（完全体）,1.2,0.02,2.24,-0.3015223,-0.2181349,1.536452,1.078925,-4.792206,15.96912,0.01529158
初号机（完全体）,1.2,0.02,2.26,-0.3230346,-0.1502523,1.533752,1.078925,-5.093384,16.18979,0.01529158
初号机（完全体）,1.2,0.02,2.28,-0.3392933,-0.05861244,1.534334,1.078925,-5.320984,16.35638,0.01529158
初号机（完全体）,1.2,0.02,2.3,-0.3515814,0.06705495,1.53844,1.078924,-5.493042,16.48218,0.01529158
初号机（完全体）,1.2,0.02,2.32,-0.3498286,0.2210135,1.545377,1.078924,-5.468506,16.46424,0.01529158
初号机（完全体）,1.2,0.02,2.34,-0.3181575,0.3848133,1.553703,1.078924,-5.025085,16.13978,0.01529158
初号机（完全体）,1.2,0.02,2.36,-0.2527387,0.5331573,1.561592,1.078924,-4.109253,15.46769,0.01529158
初号机（完全体）,1.2,0.02,2.38,-0.158885,0.6410526,1.567279,1.078924,-2.795319,14.4992,0.01529158
初号机（完全体）,1.2,0.02,2.4,-0.04881856,0.6906196,1.569499,1.078924,-1.254395,13.35746,0.01529158
初号机（完全体）,1.2,0.02,2.42,0.0600169,0.675998,1.567792,1.078924,0.2692994,12.22271,0.01529158
初号机（完全体）,1.2,0.02,2.44,0.1478284,0.6052226,1.562619,1.078924,1.498651,11.30337,0.01529158
初号机（完全体）,1.2,0.02,2.46,0.214195,0.4986583,1.55526,1.078924,2.427776,10.60647,0.01529158
初号机（完全体）,1.2,0.02,2.48,0.2643537,0.3843971,1.547506,1.078924,3.129992,10.07867,0.01529158
初号机（完全体）,1.2,0.02,2.5,0.3022628,0.2905211,1.541157,1.078924,3.660716,9.67917,0.01529158
初号机（完全体）,1.2,0.02,2.52,0.330914,0.2049606,1.537308,1.078924,4.06183,9.376912,0.01529158
初号机（完全体）,1.2,0.02,2.54,0.352568,0.09996009,1.537021,1.078924,4.364983,9.148292,0.01529158
初号机（完全体）,1.2,0.02,2.56,0.3689338,-0.03580507,1.540471,1.078924,4.594102,8.975405,0.01529158
初号机（完全体）,1.2,0.02,2.58,0.370263,-0.1973954,1.546912,1.078924,4.61271,8.96136,0.01529158
初号机（完全体）,1.2,0.02,2.6,0.3409209,-0.3669631,1.554863,1.078924,4.201924,9.271279,0.01529158
初号机（完全体）,1.2,0.02,2.62,0.2772624,-0.5196665,1.562469,1.078924,3.310713,9.942688,0.01529158
初号机（完全体）,1.2,0.02,2.64,0.1847391,-0.6308565,1.567942,1.078924,2.015396,10.91599,0.01529158
初号机（完全体）,1.2,0.02,2.66,0.07567786,-0.6829135,1.57,1.078924,0.4885511,12.05899,0.01529158
初号机（完全体）,1.2,0.02,2.68,-0.03239782,-0.6701739,1.56817,1.078924,-1.024506,13.18661,0.01529158
初号机（完全体）,1.2,0.02,2.7,-0.1196352,-0.6008209,1.562905,1.078924,-2.245819,14.09276,0.01529158
初号机（完全体）,1.2,0.02,2.72,-0.1855678,-0.4953315,1.555476,1.078924,-3.168854,14.77503,0.01529158
初号机（完全体）,1.2,0.02,2.74,-0.2353986,-0.3818827,1.54767,1.078924,-3.866486,15.28912,0.01529158
初号机（完全体）,1.2,0.02,2.76,-0.2730598,-0.2886207,1.541281,1.078924,-4.393738,15.67673,0.01529158
初号机（完全体）,1.2,0.02,2.78,-0.3015236,-0.2181349,1.536452,1.078924,-4.792236,15.96913,0.01529158
初号机（完全体）,1.2,0.02,2.8,-0.3230361,-0.1502523,1.533752,1.078924,-5.093414,16.1898,0.01529158
初号机（完全体）,1.2,0.02,2.82,-0.3392949,-0.05861244,1.534334,1.078924,-5.321014,16.35639,0.01529158
初号机（完全体）,1.2,0.02,2.84,-0.351583,0.06705495,1.53844,1.078924,-5.493042,16.48219,0.01529158
初号机（完全体）,1.2,0.02,2.86,-0.3498303,0.2210135,1.545377,1.078924,-5.468506,16.46425,0.01529158
初号机（完全体）,1.2,0.02,2.88,-0.318159,0.3848133,1.553703,1.078924,-5.025116,16.1398,0.01529158
初号机（完全体）,1.2,0.02,2.9,-0.2527401,0.5331573,1.561592,1.078924,-4.109253,15.4677,0.01529158
初号机（完全体）,1.2,0.02,2.92,-0.1588864,0.6410526,1.567279,1.078924,-2.795319,14.49921,0.01529158
初号机（完全体）,1.2,0.02,2.94,-0.04881962,0.6906196,1.569499,1.078924,-1.254395,13.35747,0.01529158
初号机（完全体）,1.2,0.02,2.96,0.06001602,0.675998,1.567792,1.078924,0.2692872,12.22272,0.01529158
初号机（完全体）,1.2,0.02,2.98,0.1478278,0.6052226,1.562619,1.078924,1.498642,11.30337,0.01529158
初号机（完全体）,1.2,0.02,3,0.2141945,0.4986583,1.55526,1.078924,2.427768,10.60648,0.01529158
初号机（完全体）,1.2,0.02,3.02,0.2643533,0.3843971,1.547506,1.078924,3.129988,10.07867,0.01529158
初号机（完全体）,1.2,0.02,3.04,0.3022626,0.2905211,1.541157,1.078924,3.660712,9.679173,0.01529158
初号机（完全体）,1.2,0.02,3.06,0.3309138,0.2049606,1.537308,1.078924,4.061827,9.376911,0.01529158
初号机（完全体）,1.2,0.02,3.08,0.3525679,0.09996009,1.537021,1.078924,4.364982,9.148293,0.01529158
初号机（完全体）,1.2,0.02,3.1,0.3689337,-0.03580507,1.540471,1.078924,4.594101,8.975406,0.01529158
初号机（完全体）,1.2,0.02,3.12,0.3702629,-0.1973954,1.546912,1.078924,4.61271,8.961361,0.01529158
初号机（完全体）,1.2,0.02,3.14,0.3409208,-0.3669631,1.554863,1.078924,4.201923,9.271279,0.01529158
初号机（完全体）,1.2,0.02,3.16,0.2772624,-0.5196665,1.562469,1.078924,3.310712,9.942688,0.01529158
初号机（完全体）,1.2,0.02,3.18,0.184739,-0.6308565,1.567942,1.078924,2.015396,10.91599,0.01529158
初号机（完全体）,1.2,0.02,3.2,0.07567785,-0.6829135,1.57,1.078924,0.4885511,12.05899,0.01529158
初号机（完全体）,1.2,0.02,3.22,-0.03239783,-0.6701739,1.56817,1.078924,-1.024506,13.18661,0.01529158
初号机（完全体）,1.2,0.02,3.24,-0.1196352,-0.6008209,1.562905,1.078924,-2.245819,14.09276,0.01529158
初号机（完全体）,1.2,0.02,3.26,-0.1855678,-0.4953315,1.555476,1.078924,-3.168854,14.77503,0.01529158
初号机（完全体）,1.2,0.02,3.28,-0.2353986,-0.3818827,1.54767,1.078924,-3.866486,15.28912,0.01529158
初号机（完全体）,1.2,0.02,3.3,-0.2730598,-0.2886207,1.541281,1.078924,-4.393738,15.67673,0.01529158
初号机（完全体）,1.2,0.02,3.32,-0.3015236,-0.2181349,1.536452,1.078924,-4.792236,15.96913,0.01529158
初号机（完全体）,1.2,0.02,3.34,-0.3230361,-0.1502523,1.533752,1.078924,-5.093414,16.1898,0.01529158
初号机（完全体）,1.2,0.02,3.36,-0.3392949,-0.05861244,1.534334,1.078924,-5.321014,16.35639,0.01529158
初号机（完全体）,1.2,0.02,3.38,-0.351583,0.06705495,1.53844,1.078924,-5.493042,16.48219,0.01529158
初号机（完全体）,1.2,0.02,3.4,-0.3498302,0.2210135,1.545377,1.078924,-5.468506,16.46425,0.01529158
初号机（完全体）,1.2,0.02,3.42,-0.318159,0.3848133,1.553703,1.078924,-5.025116,16.1398,0.01529158
初号机（完全体）,1.2,0.02,3.44,-0.2527401,0.5331573,1.561592,1.078924,-4.109253,15.4677,0.01529158
初号机（完全体）,1.2,0.02,3.46,-0.1588863,0.6410526,1.567279,1.078924,-2.795319,14.49921,0.01529158
初号机（完全体）,1.2,0.02,3.48,-0.04881957,0.6906196,1.569499,1.078924,-1.254395,13.35747,0.01529158
初号机（完全体）,1.2,0.02,3.5,0.06001621,0.675998,1.567792,1.078924,0.2692897,12.22272,0.01529158
初号机（完全体）,1.2,0.02,3.52,0.147828,0.6052226,1.562619,1.078924,1.498645,11.30337,0.01529158
初号机（完全体）,1.2,0.02,3.54,0.2141947,0.4986583,1.55526,1.078924,2.427772,10.60647,0.01529158
初号机（完全体）,1.2,0.02,3.56,0.2643536,0.3843971,1.547506,1.078924,3.129992,10.07867,0.01529158
初号机（完全体）,1.2,0.02,3.58,0.3022628,0.2905211,1.541157,1.078924,3.660716,9.67917,0.01529158
初号机（完全体）,1.2,0.02,3.6,0.3309141,0.2049606,1.537308,1.078924,4.061831,9.376911,0.01529158
初号机（完全体）,1.2,0.02,3.62,0.3525681,0.09996009,1.537021,1.078924,4.364985,9.14829,0.01529158
初号机（完全体）,1.2,0.02,3.64,0.368934,-0.03580507,1.540471,1.07891,4.594095,8.975395,0.01529158
初号机（完全体）,1.2,0.02,3.66,0.3702631,-0.1973954,1.546912,1.078902,4.612698,8.961346,0.01529158
初号机（完全体）,1.2,0.02,3.68,0.3409211,-0.3669631,1.554863,1.078899,4.201911,9.271266,0.01529158
初号机（完全体）,1.2,0.02,3.7,0.2772626,-0.5196665,1.562469,1.078898,3.310698,9.942673,0.01529158
初号机（完全体）,1.2,0.02,3.72,0.1847393,-0.6308565,1.567942,1.078898,2.015382,10.91598,0.01529158
初号机（完全体）,1.2,0.02,3.74,0.07567816,-0.6829135,1.57,1.078899,0.4885388,12.05898,0.01529158
初号机（完全体）,1.2,0.02,3.76,-0.03239759,-0.6701739,1.56817,1.0789,-1.024506,13.18659,0.01529158
初号机（完全体）,1.2,0.02,3.78,-0.1196349,-0.6008209,1.562905,1.078902,-2.245819,14.09275,0.01529158
初号机（完全体）,1.2,0.02,3.8,-0.1855675,-0.4953315,1.555476,1.078903,-3.168884,14.77502,0.01529158
初号机（完全体）,1.2,0.02,3.82,-0.2353983,-0.3818827,1.54767,1.078905,-3.866486,15.28911,0.01529158
初号机（完全体）,1.2,0.02,3.84,-0.2730596,-0.2886207,1.541281,1.078906,-4.393738,15.67672,0.01529158
初号机（完全体）,1.2,0.02,3.86,-0.3015234,-0.2181349,1.536452,1.078907,-4.792236,15.96912,0.01529158
初号机（完全体）,1.2,0.02,3.88,-0.3230358,-0.1502523,1.533752,1.078908,-5.093414,16.18979,0.01529158
初号机（完全体）,1.2,0.02,3.9,-0.3392946,-0.05861244,1.534334,1.078909,-5.321014,16.35638,0.01529158
初号机（完全体）,1.2,0.02,3.92,-0.3515827,0.06705495,1.53844,1.07891,-5.493073,16.48218,0.01529158
初号机（完全体）,1.2,0.02,3.94,-0.34983,0.2210135,1.545377,1.078911,-5.468506,16.46425,0.01529158
初号机（完全体）,1.2,0.02,3.96,-0.318159,0.3848133,1.553703,1.078912,-5.025116,16.13979,0.01529158
初号机（完全体）,1.2,0.02,3.98,-0.2527405,0.5331573,1.561592,1.078912,-4.109283,15.4677,0.01529158
初号机（完全体）,1.2,0.02,4,-0.1588872,0.6410526,1.567279,1.078912,-2.795349,14.49922,0.01529158
初号机（完全体）,1.2,0.02,4.02,-0.04882104,0.6906196,1.569499,1.078913,-1.254425,13.35748,0.01529158
初号机（完全体）,1.2,0.02,4.04,0.06001415,0.675998,1.567792,1.078913,0.2692538,12.22274,0.01529158
初号机（完全体）,1.2,0.02,4.06,0.1478255,0.6052226,1.562619,1.078913,1.498603,11.30339,0.01529158
初号机（完全体）,1.2,0.02,4.08,0.2141919,0.4986583,1.55526,1.078913,2.427725,10.6065,0.01529158
初号机（完全体）,1.2,0.02,4.1,0.2643505,0.3843971,1.547506,1.078913,3.129941,10.0787,0.01529158
初号机（完全体）,1.2,0.02,4.12,0.3022596,0.2905211,1.541157,1.078913,3.660664,9.6792,0.01529158
初号机（完全体）,1.2,0.02,4.14,0.3309106,0.2049606,1.537308,1.078913,4.061776,9.376942,0.01529158
初号机（完全体）,1.2,0.02,4.16,0.3525646,0.09996009,1.537021,1.078913,4.364929,9.148321,0.01529158
初号机（完全体）,1.2,0.02,4.18,0.3689304,-0.03580507,1.540471,1.078913,4.594048,8.975433,0.01529158
初号机（完全体）,1.2,0.02,4.2,0.3702595,-0.1973954,1.546912,1.078913,4.612654,8.961391,0.01529158
初号机（完全体）,1.2,0.02,4.22,0.3409177,-0.3669631,1.554863,1.078913,4.201873,9.271306,0.01529158
初号机（完全体）,1.2,0.02,4.24,0.2772599,-0.5196665,1.562469,1.078913,3.31067,9.942712,0.01529158
初号机（完全体）,1.2,0.02,4.26,0.1847374,-0.6308565,1.567942,1.078913,2.015365,10.916,0.01529158
初号机（完全体）,1.2,0.02,4.28,0.07567731,-0.6829135,1.57,1.078913,0.4885364,12.05899,0.01529158
初号机（完全体）,1.2,0.02,4.3,-0.03239736,-0.6701739,1.56817,1.078913,-1.024506,13.18659,0.01529158
初号机（完全体）,1.2,0.02,4.32,-0.1196339,-0.6008209,1.562905,1.078913,-2.245789,14.09274,0.01529158
初号机（完全体）,1.2,0.02,4.34,-0.1855659,-0.4953315,1.555476,1.078913,-3.168854,14.77501,0.01529158
初号机（完全体）,1.2,0.02,4.36,-0.2353962,-0.3818827,1.54767,1.078913,-3.866455,15.28909,0.01529158
初号机（完全体）,1.2,0.02,4.38,-0.2730571,-0.2886207,1.541281,1.078913,-4.393707,15.6767,0.01529158
初号机（完全体）,1.2,0.02,4.4,-0.3015206,-0.2181349,1.536452,1.078913,-4.792206,15.9691,0.01529158
初号机（完全体）,1.2,0.02,4.42,-0.3230329,-0.1502523,1.533752,1.078913,-5.093353,16.18976,0.01529158
初号机（完全体）,1.2,0.02,4.44,-0.3392915,-0.05861244,1.534334,1.078913,-5.320984,16.35635,0.01529158
初号机（完全体）,1.2,0.02,4.46,-0.3515795,0.06705495,1.53844,1.078913,-5.493011,16.48215,0.01529158
初号机（完全体）,1.2,0.02,4.48,-0.3498268,0.2210135,1.545377,1.078913,-5.468475,16.46422,0.01529158
初号机（完全体）,1.2,0.02,4.5,-0.3181559,0.3848133,1.553703,1.078913,-5.025085,16.13975,0.01529158
初号机（完全体）,1.2,0.02,4.52,-0.2527377,0.5331573,1.561592,1.078913,-4.109222,15.46767,0.01529158
初号机（完全体）,1.2,0.02,4.54,-0.1588848,0.6410526,1.567279,1.078913,-2.795319,14.49919,0.01529158
初号机（完全体）,1.2,0.02,4.56,-0.04881909,0.6906196,1.569499,1.078913,-1.254395,13.35746,0.01529158
初号机（完全体）,1.2,0.02,4.58,0.06001548,0.675998,1.567792,1.078913,0.2692726,12.22272,0.01529158
初号机（完全体）,1.2,0.02,4.6,0.1478263,0.6052226,1.562619,1.078913,1.498615,11.30338,0.01529158
初号机（完全体）,1.2,0.02,4.62,0.2141924,0.4986583,1.55526,1.078913,2.427732,10.60649,0.01529158
初号机（完全体）,1.2,0.02,4.64,0.2643507,0.3843971,1.547506,1.078913,3.129944,10.0787,0.01529158
初号机（完全体）,1.2,0.02,4.66,0.3022596,0.2905211,1.541157,1.078913,3.660665,9.679199,0.01529158
初号机（完全体）,1.2,0.02,4.68,0.3309105,0.2049606,1.537308,1.078913,4.061774,9.376943,0.01529158
初号机（完全体）,1.2,0.02,4.7,0.3525644,0.09996009,1.537021,1.078913,4.364925,9.148325,0.01529158
初号机（完全体）,1.2,0.02,4.72,0.36893,-0.03580507,1.540471,1.078913,4.594042,8.975436,0.01529158
初号机（完全体）,1.2,0.02,4.74,0.3702592,-0.1973954,1.546912,1.078913,4.612651,8.961391,0.01529158
初号机（完全体）,1.2,0.02,4.76,0.3409174,-0.3669631,1.554863,1.078913,4.201869,9.271308,0.01529158
初号机（完全体）,1.2,0.02,4.78,0.2772596,-0.5196665,1.562469,1.078913,3.310667,9.942713,0.01529158
初号机（完全体）,1.2,0.02,4.8,0.1847372,-0.6308565,1.567942,1.078913,2.015363,10.91601,0.01529158
初号机（完全体）,1.2,0.02,4.82,0.07567702,-0.6829135,1.57,1.078913,0.4885324,12.05899,0.01529158
初号机（完全体）,1.2,0.02,4.84,-0.03239758,-0.6701739,1.56817,1.078913,-1.024506,13.1866,0.01529158
初号机（完全体）,1.2,0.02,4.86,-0.1196341,-0.6008209,1.562905,1.078913,-2.245789,14.09274,0.01529158
初号机（完全体）,1.2,0.02,4.88,-0.185566,-0.4953315,1.555476,1.078913,-3.168854,14.77501,0.01529158
初号机（完全体）,1.2,0.02,4.9,-0.2353963,-0.3818827,1.54767,1.078913,-3.866455,15.28909,0.01529158
初号机（完全体）,1.2,0.02,4.92,-0.2730572,-0.2886207,1.541281,1.078913,-4.393707,15.6767,0.01529158
初号机（完全体）,1.2,0.02,4.94,-0.3015207,-0.2181349,1.536452,1.078913,-4.792206,15.9691,0.01529158
初号机（完全体）,1.2,0.02,4.96,-0.3230329,-0.1502523,1.533752,1.078913,-5.093353,16.18976,0.01529158
初号机（完全体）,1.2,0.02,4.98,-0.3392915,-0.05861244,1.534334,1.078913,-5.320984,16.35635,0.01529158
初号机（完全体）,1.2,0.02,5,-0.3515795,0.06705495,1.53844,1.078913,-5.493011,16.48215,0.01529158
初号机（完全体）,1.2,0.02,5.02,-0.3498268,0.2210135,1.545377,1.078913,-5.468475,16.46422,0.01529158
初号机（完全体）,1.2,0.02,5.04,-0.3181559,0.3848133,1.553703,1.078913,-5.025085,16.13975,0.01529158
初号机（完全体）,1.2,0.02,5.06,-0.2527377,0.5331573,1.561592,1.078913,-4.109222,15.46767,0.01529158
初号机（完全体）,1.2,0.02,5.08,-0.1588848,0.6410526,1.567279,1.078913,-2.795319,14.49919,0.01529158
初号机（完全体）,1.2,0.02,5.1,-0.04881909,0.6906196,1.569499,1.078913,-1.254395,13.35746,0.01529158
初号机（完全体）,1.2,0.02,5.12,0.06001548,0.675998,1.567792,1.078913,0.2692724,12.22272,0.01529158
初号机（完全体）,1.2,0.02,5.14,0.1478263,0.6052226,1.562619,1.078913,1.498615,11.30338,0.01529158
初号机（完全体）,1.2,0.02,5.16,0.2141924,0.4986583,1.55526,1.078913,2.427732,10.60649,0.01529158
初号机（完全体）,1.2,0.02,5.18,0.2643507,0.3843971,1.547506,1.078913,3.129944,10.0787,0.01529158
初号机（完全体）,1.2,0.02,5.2,0.3022596,0.2905211,1.541157,1.078913,3.660665,9.679199,0.01529158
初号机（完全体）,1.2,0.02,5.22,0.3309105,0.2049606,1.537308,1.078913,4.061774,9.376943,0.01529158
初号机（完全体）,1.2,0.02,5.24,0.3525644,0.09996009,1.537021,1.078913,4.364925,9.148325,0.01529158
初号机（完全体）,1.2,0.02,5.26,0.36893,-0.03580507,1.540471,1.078913,4.594042,8.975436,0.01529158
初号机（完全体）,1.2,0.02,5.28,0.3702592,-0.1973954,1.546912,1.078913,4.612651,8.961391,0.01529158
初号机（完全体）,1.2,0.02,5.3,0.3409174,-0.3669631,1.554863,1.078913,4.201869,9.271308,0.01529158
初号机（完全体）,1.2,0.02,5.32,0.2772596,-0.5196665,1.562469,1.078913,3.310667,9.942713,0.01529158
初号机（完全体）,1.2,0.02,5.34,0.1847372,-0.6308565,1.567942,1.078913,2.015363,10.91601,0.01529158
初号机（完全体）,1.2,0.02,5.36,0.07567702,-0.6829135,1.57,1.078913,0.4885325,12.05899,0.01529158
初号机（完全体）,1.2,0.02,5.38,-0.03239758,-0.6701739,1.56817,1.078913,-1.024506,13.1866,0.01529158
初号机（完全体）,1.2,0.02,5.4,-0.1196341,-0.6008209,1.562905,1.078913,-2.245789,14.09274,0.01529158
初号机（完全体）,1.2,0.02,5.42,-0.185566,-0.4953315,1.555476,1.078913,-3.168854,14.77501,0.01529158
初号机（完全体）,1.2,0.02,5.44,-0.2353963,-0.3818827,1.54767,1.078913,-3.866455,15.28909,0.01529158
初号机（完全体）,1.2,0.02,5.46,-0.2730572,-0.2886207,1.541281,1.078913,-4.393707,15.6767,0.01529158
初号机（完全体）,1.2,0.02,5.48,-0.3015207,-0.2181349,1.536452,1.078913,-4.792206,15.9691,0.01529158
初号机（完全体）,1.2,0.02,5.5,-0.3230329,-0.1502523,1.533752,1.078913,-5.093353,16.18976,0.01529158
初号机（完全体）,1.2,0.02,5.52,-0.3392915,-0.05861244,1.534334,1.078913,-5.320984,16.35635,0.01529158
初号机（完全体）,1.2,0.02,5.54,-0.3515795,0.06705495,1.53844,1.078913,-5.493011,16.48215,0.01529158
初号机（完全体）,1.2,0.02,5.56,-0.3498268,0.2210135,1.545377,1.078913,-5.468475,16.46422,0.01529158
初号机（完全体）,1.2,0.02,5.58,-0.3181559,0.3848133,1.553703,1.078913,-5.025085,16.13975,0.01529158
初号机（完全体）,1.2,0.02,5.6,-0.2527377,0.5331573,1.561592,1.078913,-4.109222,15.46767,0.01529158
初号机（完全体）,1.2,0.02,5.62,-0.1588848,0.6410526,1.567279,1.078913,-2.795319,14.49919,0.01529158
初号机（完全体）,1.2,0.02,5.64,-0.04881909,0.6906196,1.569499,1.078913,-1.254395,13.35746,0.01529158
初号机（完全体）,1.2,0.02,5.66,0.06001548,0.675998,1.567792,1.078913,0.2692724,12.22272,0.01529158
初号机（完全体）,1.2,0.02,5.68,0.1478263,0.6052226,1.562619,1.078913,1.498615,11.30338,0.01529158
初号机（完全体）,1.2,0.02,5.7,0.2141924,0.4986583,1.55526,1.078913,2.427732,10.60649,0.01529158
初号机（完全体）,1.2,0.02,5.72,0.2643507,0.3843971,1.547506,1.078913,3.129944,10.0787,0.01529158
初号机（完全体）,1.2,0.02,5.74,0.3022596,0.2905211,1.541157,1.078913,3.660665,9.679199,0.01529158
初号机（完全体）,1.2,0.02,5.76,0.3309105,0.2049606,1.537308,1.078913,4.061774,9.376943,0.01529158
初号机（完全体）,1.2,0.02,5.78,0.3525644,0.09996009,1.537021,1.078913,4.364925,9.148325,0.01529158
初号机（完全体）,1.2,0.02,5.8,0.36893,-0.03580507,1.540471,1.078913,4.594042,8.975436,0.01529158
初号机（完全体）,1.2,0.02,5.82,0.3702592,-0.1973954,1.546912,1.078913,4.612651,8.961391,0.01529158
初号机（完全体）,1.2,0.02,5.84,0.3409174,-0.3669631,1.554863,1.078913,4.201869,9.271308,0.01529158
初号机（完全体）,1.2,0.02,5.86,0.2772596,-0.5196665,1.562469,1.078913,3.310667,9.942713,0.01529158
初号机（完全体）,1.2,0.02,5.88,0.1847372,-0.6308565,1.567942,1.078913,2.015363,10.91601,0.01529158
初号机（完全体）,1.2,0.02,5.9,0.07567702,-0.6829135,1.57,1.078913,0.4885324,12.05899,0.01529158
初号机（完全体）,1.2,0.02,5.92,-0.03239758,-0.6701739,1.56817,1.078913,-1.024506,13.1866,0.01529158
初号机（完全体）,1.2,0.02,5.94,-0.1196341,-0.6008209,1.562905,1.078913,-2.245789,14.09274,0.01529158
初号机（完全体）,1.2,0.02,5.96,-0.185566,-0.4953315,1.555476,1.078913,-3.168854,14.77501,0.01529158
初号机（完全体）,1.2,0.02,5.98,-0.2353963,-0.3818827,1.54767,1.078913,-3.866455,15.28909,0.01529158
初号机（完全体）,1.2,0.02,6,-0.2730572,-0.2886207,1.541281,1.078913,-4.393707,15.6767,0.01529158
初号机（完全体）,1.2,0.02,6.02,-0.3015207,-0.2181349,1.536452,1.078913,-4.792206,15.9691,0.01529158
初号机（完全体）,1.2,0.02,6.04,-0.3230329,-0.1502523,1.533752,1.078913,-5.093353,16.18976,0.01529158
初号机（完全体）,1.2,0.02,6.06,-0.3392915,-0.05861244,1.534334,1.078913,-5.320984,16.35635,0.01529158
初号机（完全体）,1.2,0.02,6.08,-0.3515795,0.06705495,1.53844,1.078913,-5.493011,16.48215,0.01529158
初号机（完全体）,1.2,0.02,6.1,-0.3498268,0.2210135,1.545377,1.078913,-5.468475,16.46422,0.01529158
初号机（完全体）,1.2,0.02,6.12,-0.3181559,0.3848133,1.553703,1.078913,-5.025085,16.13975,0.01529158
初号机（完全体）,1.2,0.02,6.14,-0.2527377,0.5331573,1.561592,1.078913,-4.109222,15.46767,0.01529158
初号机（完全体）,1.2,0.02,6.16,-0.1588848,0.6410526,1.567279,1.078913,-2.795319,14.49919,0.01529158
初号机（完全体）,1.2,0.02,6.18,-0.04881909,0.6906196,1.569499,1.078913,-1.254395,13.35746,0.01529158
初号机（完全体）,1.2,0.02,6.2,0.06001548,0.675998,1.567792,1.078913,0.2692724,12.22272,0.01529158
初号机（完全体）,1.2,0.02,6.22,0.1478263,0.6052226,1.562619,1.078913,1.498615,11.30338,0.01529158
初号机（完全体）,1.2,0.02,6.24,0.2141924,0.4986583,1.55526,1.078913,2.427732,10.60649,0.01529158
初号机（完全体）,1.2,0.02,6.26,0.2643507,0.3843971,1.547506,1.078913,3.129944,10.0787,0.01529158
初号机（完全体）,1.2,0.02,6.28,0.3022596,0.2905211,1.541157,1.078913,3.660665,9.679199,0.01529158
初号机（完全体）,1.2,0.02,6.3,0.3309105,0.2049606,1.537308,1.078913,4.061774,9.376943,0.01529158
初号机（完全体）,1.2,0.02,6.32,0.3525644,0.09996009,1.537021,1.078913,4.364925,9.148325,0.01529158
初号机（完全体）,1.2,0.02,6.34,0.36893,-0.03580507,1.540471,1.078913,4.594042,8.975436,0.01529158
初号机（完全体）,1.2,0.02,6.36,0.3702592,-0.1973954,1.546912,1.078913,4.612651,8.961391,0.01529158
初号机（完全体）,1.2,0.02,6.38,0.3409174,-0.3669631,1.554863,1.078913,4.201869,9.271308,0.01529158
初号机（完全体）,1.2,0.02,6.4,0.2772596,-0.5196665,1.562469,1.078913,3.310667,9.942713,0.01529158
初号机（完全体）,1.2,0.02,6.42,0.1847372,-0.6308565,1.567942,1.078913,2.015363,10.91601,0.01529158
初号机（完全体）,1.2,0.02,6.44,0.07567702,-0.6829135,1.57,1.078913,0.4885325,12.05899,0.01529158
初号机（完全体）,1.2,0.02,6.46,-0.03239758,-0.6701739,1.56817,1.078913,-1.024506,13.1866,0.01529158
初号机（完全体）,1.2,0.02,6.48,-0.1196341,-0.6008209,1.562905,1.078913,-2.245789,14.09274,0.01529158
初号机（完全体）,1.2,0.02,6.5,-0.185566,-0.4953315,1.555476,1.078913,-3.168854,14.77501,0.01529158
初号机（完全体）,1.2,0.02,6.52,-0.2353963,-0.3818827,1.54767,1.078913,-3.866455,15.28909,0.01529158
初号机（完全体）,1.2,0.02,6.54,-0.2730572,-0.2886207,1.541281,1.078913,-4.393707,15.6767,0.01529158
初号机（完全体）,1.2,0.02,6.56,-0.3015207,-0.2181349,1.536452,1.078913,-4.792206,15.9691,0.01529158
初号机（完全体）,1.2,0.02,6.58,-0.3230329,-0.1502523,1.533752,1.078913,-5.093353,16.18976,0.01529158
初号机（完全体）,1.2,0.02,6.6,-0.3392915,-0.05861244,1.534334,1.078913,-5.320984,16.35635,0.01529158
初号机（完全体）,1.2,0.02,6.62,-0.3515795,0.06705495,1.53844,1.078913,-5.493011,16.48215,0.01529158
初号机（完全体）,1.2,0.02,6.64,-0.3498267,0.2210135,1.545377,1.078913,-5.468475,16.46421,0.01529158
初号机（完全体）,1.2,0.02,6.66,-0.3181557,0.3848133,1.553703,1.078913,-5.025085,16.13975,0.01529158
初号机（完全体）,1.2,0.02,6.68,-0.2527375,0.5331573,1.561592,1.078913,-4.109222,15.46767,0.01529158
初号机（完全体）,1.2,0.02,6.7,-0.1588845,0.6410526,1.567279,1.078913,-2.795288,14.49919,0.01529158
初号机（完全体）,1.2,0.02,6.72,-0.04881885,0.6906196,1.569499,1.078913,-1.254395,13.35746,0.01529158
初号机（完全体）,1.2,0.02,6.74,0.06001595,0.675998,1.567792,1.078913,0.2692792,12.22272,0.01529158
初号机（完全体）,1.2,0.02,6.76,0.1478268,0.6052226,1.562619,1.078913,1.498622,11.30338,0.01529158
初号机（完全体）,1.2,0.02,6.78,0.2141929,0.4986583,1.55526,1.078913,2.427739,10.60649,0.01529158
初号机（完全体）,1.2,0.02,6.8,0.2643512,0.3843971,1.547506,1.078913,3.129951,10.07869,0.01529158
初号机（完全体）,1.2,0.02,6.82,0.3022601,0.2905211,1.541157,1.078913,3.660671,9.679194,0.01529158
初号机（完全体）,1.2,0.02,6.84,0.330911,0.2049606,1.537308,1.078913,4.061781,9.376937,0.01529158
初号机（完全体）,1.2,0.02,6.86,0.3525649,0.09996009,1.537021,1.078913,4.364933,9.148319,0.01529158
初号机（完全体）,1.2,0.02,6.88,0.3689306,-0.03580507,1.540471,1.078913,4.59405,8.975431,0.01529158
初号机（完全体）,1.2,0.02,6.9,0.3702596,-0.1973954,1.546912,1.078913,4.612657,8.96139,0.01529158
初号机（完全体）,1.2,0.02,6.92,0.3409179,-0.3669631,1.554863,1.078913,4.201875,9.271303,0.01529158
初号机（完全体）,1.2,0.02,6.94,0.2772598,-0.5196665,1.562469,1.078913,3.31067,9.942712,0.01529158
初号机（完全体）,1.2,0.02,6.96,0.1847373,-0.6308565,1.567942,1.078913,2.015365,10.916,0.01529158
初号机（完全体）,1.2,0.02,6.98,0.07567715,-0.6829135,1.57,1.078941,0.4885522,12.059,0.01529158
初号机（完全体）,1.2,0.02,7,-0.03239777,-0.6701739,1.56817,1.078956,-1.024475,13.18662,0.01529158
初号机（完全体）,1.2,0.02,7.02,-0.1196344,-0.6008209,1.562905,1.078964,-2.245758,14.09277,0.01529158
初号机（完全体）,1.2,0.02,7.04,-0.1855663,-0.4953315,1.555476,1.078966,-3.168823,14.77504,0.01529158
初号机（完全体）,1.2,0.02,7.06,-0.2353967,-0.3818827,1.54767,1.078966,-3.866425,15.28912,0.01529158
初号机（完全体）,1.2,0.02,7.08,-0.2730576,-0.2886207,1.541281,1.078964,-4.393677,15.67673,0.01529158
初号机（完全体）,1.2,0.02,7.1,-0.3015212,-0.2181349,1.536452,1.078961,-4.792175,15.96912,0.01529158
初号机（完全体）,1.2,0.02,7.12,-0.3230334,-0.1502523,1.533752,1.078958,-5.093353,16.18979,0.01529158
初号机（完全体）,1.2,0.02,7.14,-0.339292,-0.05861244,1.534334,1.078955,-5.320953,16.35638,0.01529158
初号机（完全体）,1.2,0.02,7.16,-0.3515801,0.06705495,1.53844,1.078952,-5.492981,16.48217,0.01529158
初号机（完全体）,1.2,0.02,7.18,-0.3498273,0.2210135,1.545377,1.078949,-5.468445,16.46424,0.01529158
初号机（完全体）,1.2,0.02,7.2,-0.3181562,0.3848133,1.553703,1.078946,-5.025055,16.13978,0.01529158
初号机（完全体）,1.2,0.02,7.22,-0.2527376,0.5331573,1.561592,1.078944,-4.109222,15.46769,0.01529158
初号机（完全体）,1.2,0.02,7.24,-0.1588843,0.6410526,1.567279,1.078942,-2.795288,14.4992,0.01529158
初号机（完全体）,1.2,0.02,7.26,-0.04881801,0.6906196,1.569499,1.078941,-1.254364,13.35746,0.01529158
初号机（完全体）,1.2,0.02,7.28,0.06001703,0.675998,1.567792,1.07894,0.2693116,12.22272,0.01529158
初号机（完全体）,1.2,0.02,7.3,0.1478284,0.6052226,1.562619,1.078939,1.498661,11.30337,0.01529158
初号机（完全体）,1.2,0.02,7.32,0.2141948,0.4986583,1.55526,1.078938,2.427782,10.60648,0.01529158
初号机（完全体）,1.2,0.02,7.34,0.2643534,0.3843971,1.547506,1.078937,3.129998,10.07868,0.01529158
初号机（完全体）,1.2,0.02,7.36,0.3022625,0.2905211,1.541157,1.078936,3.66072,9.67918,0.01529158
初号机（完全体）,1.2,0.02,7.38,0.3309136,0.2049606,1.537308,1.078936,4.061831,9.376922,0.01529158
初号机（完全体）,1.2,0.02,7.4,0.3525676,0.09996009,1.537021,1.078936,4.364985,9.148301,0.01529158
初号机（完全体）,1.2,0.02,7.42,0.3689333,-0.03580507,1.540471,1.078935,4.594103,8.975413,0.01529158
初号机（完全体）,1.2,0.02,7.44,0.3702624,-0.1973954,1.546912,1.078935,4.61271,8.961369,0.01529158
初号机（完全体）,1.2,0.02,7.46,0.3409203,-0.3669631,1.554863,1.078935,4.201923,9.27129,0.01529158
初号机（完全体）,1.2,0.02,7.48,0.2772613,-0.5196665,1.562469,1.078935,3.310705,9.942703,0.01529158
初号机（完全体）,1.2,0.02,7.5,0.1847376,-0.6308565,1.567942,1.078935,2.015383,10.91601,0.01529158
初号机（完全体）,1.2,0.02,7.52,0.07567589,-0.6829135,1.57,1.078935,0.4885306,12.05902,0.01529158
初号机（完全体）,1.2,0.02,7.54,-0.03240018,-0.6701739,1.56817,1.078935,-1.024536,13.18664,0.01529158
初号机（完全体）,1.2,0.02,7.56,-0.1196379,-0.6008209,1.562905,1.078935,-2.24585,14.0928,0.01529158
初号机（完全体）,1.2,0.02,7.58,-0.1855708,-0.4953315,1.555476,1.078935,-3.168884,14.77507,0.01529158
初号机（完全体）,1.2,0.02,7.6,-0.2354018,-0.3818827,1.54767,1.078935,-3.866516,15.28916,0.01529158
初号机（完全体）,1.2,0.02,7.62,-0.2730632,-0.2886207,1.541281,1.078935,-4.393768,15.67677,0.01529158
初号机（完全体）,1.2,0.02,7.64,-0.3015271,-0.2181349,1.536452,1.078935,-4.792267,15.96917,0.01529158
初号机（完全体）,1.2,0.02,7.66,-0.3230397,-0.1502523,1.533752,1.078935,-5.093445,16.18984,0.01529158
初号机（完全体）,1.2,0.02,7.68,-0.3392985,-0.05861244,1.534334,1.078935,-5.321075,16.35644,0.01529158
初号机（完全体）,1.2,0.02,7.7,-0.3515867,0.06705495,1.53844,1.078935,-5.493103,16.48223,0.01529158
初号机（完全体）,1.2,0.02,7.72,-0.3498341,0.2210135,1.545377,1.078935,-5.468567,16.4643,0.01529158
初号机（完全体）,1.2,0.02,7.74,-0.3181625,0.3848133,1.553703,1.078935,-5.025177,16.13984,0.01529158
初号机（完全体）,1.2,0.02,7.76,-0.252743,0.5331573,1.561592,1.078935,-4.109283,15.46774,0.01529158
初号机（完全体）,1.2,0.02,7.78,-0.1588881,0.6410526,1.567279,1.078935,-2.795349,14.49924,0.01529158
初号机（完全体）,1.2,0.02,7.8,-0.04882025,0.6906196,1.569499,1.078935,-1.254395,13.35748,0.01529158
初号机（完全体）,1.2,0.02,7.82,0.06001649,0.675998,1.567792,1.078935,0.2693006,12.22272,0.01529158
初号机（完全体）,1.2,0.02,7.84,0.1478291,0.6052226,1.562619,1.078935,1.498668,11.30336,0.01529158
初号机（完全体）,1.2,0.02,7.86,0.2141965,0.4986583,1.55526,1.078935,2.427804,10.60646,0.01529158
初号机（完全体）,1.2,0.02,7.88,0.2643559,0.3843971,1.547506,1.078935,3.130031,10.07865,0.01529158
初号机（完全体）,1.2,0.02,7.9,0.3022656,0.2905211,1.541157,1.078935,3.660761,9.679147,0.01529158
初号机（完全体）,1.2,0.02,7.92,0.330917,0.2049606,1.537308,1.078935,4.061879,9.376886,0.01529158
初号机（完全体）,1.2,0.02,7.94,0.3525714,0.09996009,1.537021,1.078935,4.365037,9.148261,0.01529158
初号机（完全体）,1.2,0.02,7.96,0.3689374,-0.03580507,1.540471,1.078935,4.59416,8.97537,0.01529158
初号机（完全体）,1.2,0.02,7.98,0.3702666,-0.1973954,1.546912,1.078935,4.61277,8.961326,0.01529158
初号机（完全体）,1.2,0.02,8,0.3409244,-0.3669631,1.554863,1.078935,4.20198,9.271249,0.01529158
初号机（完全体）,1.2,0.02,8.02,0.2772653,-0.5196665,1.562469,1.078935,3.31076,9.942665,0.01529158
初号机（完全体）,1.2,0.02,8.04,0.1847409,-0.6308565,1.567942,1.078935,2.015429,10.91598,0.01529158
初号机（完全体）,1.2,0.02,8.059999,0.07567868,-0.6829135,1.57,1.078935,0.4885695,12.05899,0.01529158
初号机（完全体）,1.2,0.02,8.08,-0.03239807,-0.6701739,1.56817,1.078935,-1.024506,13.18661,0.01529158
初号机（完全体）,1.2,0.02,8.099999,-0.1196363,-0.6008209,1.562905,1.078935,-2.245819,14.09278,0.01529158
初号机（完全体）,1.2,0.02,8.12,-0.1855696,-0.4953315,1.555476,1.078935,-3.168884,14.77505,0.01529158
初号机（完全体）,1.2,0.02,8.139999,-0.2354009,-0.3818827,1.54767,1.078935,-3.866516,15.28915,0.01529158
初号机（完全体）,1.2,0.02,8.16,-0.2730625,-0.2886207,1.541281,1.078935,-4.393768,15.67676,0.01529158
初号机（完全体）,1.2,0.02,8.179999,-0.3015266,-0.2181349,1.536452,1.078935,-4.792267,15.96916,0.01529158
初号机（完全体）,1.2,0.02,8.2,-0.3230393,-0.1502523,1.533752,1.078935,-5.093445,16.18984,0.01529158
初号机（完全体）,1.2,0.02,8.22,-0.3392982,-0.05861244,1.534334,1.078935,-5.321075,16.35643,0.01529158
初号机（完全体）,1.2,0.02,8.24,-0.3515865,0.06705495,1.53844,1.078935,-5.493103,16.48223,0.01529158
初号机（完全体）,1.2,0.02,8.26,-0.3498339,0.2210135,1.545377,1.078935,-5.468567,16.4643,0.01529158
初号机（完全体）,1.2,0.02,8.28,-0.3181623,0.3848133,1.553703,1.078935,-5.025146,16.13984,0.01529158
初号机（完全体）,1.2,0.02,8.3,-0.2527429,0.5331573,1.561592,1.078935,-4.109283,15.46774,0.01529158
初号机（完全体）,1.2,0.02,8.32,-0.158888,0.6410526,1.567279,1.078935,-2.795349,14.49923,0.01529158
初号机（完全体）,1.2,0.02,8.34,-0.0488202,0.6906196,1.569499,1.078935,-1.254395,13.35748,0.01529158
初号机（完全体）,1.2,0.02,8.36,0.06001654,0.675998,1.567792,1.078935,0.2693013,12.22272,0.01529158
初号机（完全体）,1.2,0.02,8.38,0.1478292,0.6052226,1.562619,1.078935,1.498669,11.30336,0.01529158
初号机（完全体）,1.2,0.02,8.4,0.2141965,0.4986583,1.55526,1.078935,2.427804,10.60646,0.01529158
初号机（完全体）,1.2,0.02,8.42,0.2643559,0.3843971,1.547506,1.078935,3.130031,10.07865,0.01529158
初号机（完全体）,1.2,0.02,8.44,0.3022656,0.2905211,1.541157,1.078935,3.660761,9.679147,0.01529158
初号机（完全体）,1.2,0.02,8.46,0.330917,0.2049606,1.537308,1.078935,4.061879,9.376886,0.01529158
初号机（完全体）,1.2,0.02,8.48,0.3525714,0.09996009,1.537021,1.078935,4.365037,9.148261,0.01529158
初号机（完全体）,1.2,0.02,8.5,0.3689374,-0.03580507,1.540471,1.078935,4.594159,8.97537,0.01529158
初号机（完全体）,1.2,0.02,8.52,0.3702666,-0.1973954,1.546912,1.078935,4.61277,8.961326,0.01529158
初号机（完全体）,1.2,0.02,8.54,0.3409244,-0.3669631,1.554863,1.078935,4.20198,9.271249,0.01529158
初号机（完全体）,1.2,0.02,8.559999,0.2772653,-0.5196665,1.562469,1.078935,3.31076,9.942665,0.01529158
初号机（完全体）,1.2,0.02,8.58,0.1847409,-0.6308565,1.567942,1.078935,2.015429,10.91598,0.01529158
初号机（完全体）,1.2,0.02,8.599999,0.07567868,-0.6829135,1.57,1.078935,0.4885695,12.05899,0.01529158
初号机（完全体）,1.2,0.02,8.62,-0.03239807,-0.6701739,1.56817,1.078935,-1.024506,13.18661,0.01529158
初号机（完全体）,1.2,0.02,8.639999,-0.1196363,-0.6008209,1.562905,1.078935,-2.245819,14.09278,0.01529158
初号机（完全体）,1.2,0.02,8.66,-0.1855696,-0.4953315,1.555476,1.078935,-3.168884,14.77505,0.01529158
初号机（完全体）,1.2,0.02,8.679999,-0.2354009,-0.3818827,1.54767,1.078935,-3.866516,15.28915,0.01529158
初号机（完全体）,1.2,0.02,8.7,-0.2730625,-0.2886207,1.541281,1.078935,-4.393768,15.67676,0.01529158
初号机（完全体）,1.2,0.02,8.72,-0.3015266,-0.2181349,1.536452,1.078935,-4.792267,15.96916,0.01529158
初号机（完全体）,1.2,0.02,8.74,-0.3230393,-0.1502523,1.533752,1.078935,-5.093445,16.18984,0.01529158
初号机（完全体）,1.2,0.02,8.76,-0.3392982,-0.05861244,1.534334,1.078935,-5.321075,16.35643,0.01529158
初号机（完全体）,1.2,0.02,8.78,-0.3515865,0.06705495,1.53844,1.078935,-5.493103,16.48223,0.01529158
初号机（完全体）,1.2,0.02,8.8,-0.3498339,0.2210135,1.545377,1.078935,-5.468567,16.4643,0.01529158
初号机（完全体）,1.2,0.02,8.82,-0.3181623,0.3848133,1.553703,1.078935,-5.025146,16.13984,0.01529158
初号机（完全体）,1.2,0.02,8.84,-0.2527429,0.5331573,1.561592,1.078935,-4.109283,15.46774,0.01529158
初号机（完全体）,1.2,0.02,8.86,-0.158888,0.6410526,1.567279,1.078935,-2.795349,14.49923,0.01529158
初号机（完全体）,1.2,0.02,8.88,-0.0488202,0.6906196,1.569499,1.078935,-1.254395,13.35748,0.01529158
初号机（完全体）,1.2,0.02,8.9,0.06001654,0.675998,1.567792,1.078935,0.2693011,12.22272,0.01529158
初号机（完全体）,1.2,0.02,8.92,0.1478292,0.6052226,1.562619,1.078935,1.498669,11.30336,0.01529158
初号机（完全体）,1.2,0.02,8.94,0.2141965,0.4986583,1.55526,1.078935,2.427805,10.60646,0.01529158
初号机（完全体）,1.2,0.02,8.96,0.2643559,0.3843971,1.547506,1.078935,3.130031,10.07865,0.01529158
初号机（完全体）,1.2,0.02,8.98,0.3022656,0.2905211,1.541157,1.078935,3.660761,9.679147,0.01529158
初号机（完全体）,1.2,0.02,9,0.330917,0.2049606,1.537308,1.078935,4.061879,9.376886,0.01529158
初号机（完全体）,1.2,0.02,9.02,0.3525714,0.09996009,1.537021,1.078935,4.365036,9.148261,0.01529158
初号机（完全体）,1.2,0.02,9.04,0.3689374,-0.03580507,1.540471,1.078935,4.59416,8.97537,0.01529158
初号机（完全体）,1.2,0.02,9.059999,0.3702666,-0.1973954,1.546912,1.078935,4.612769,8.961326,0.01529158
初号机（完全体）,1.2,0.02,9.08,0.3409244,-0.3669631,1.554863,1.078935,4.20198,9.271249,0.01529158
初号机（完全体）,1.2,0.02,9.099999,0.2772653,-0.5196665,1.562469,1.078935,3.31076,9.942665,0.01529158
初号机（完全体）,1.2,0.02,9.12,0.1847409,-0.6308565,1.567942,1.078935,2.015429,10.91598,0.01529158
初号机（完全体）,1.2,0.02,9.139999,0.07567868,-0.6829135,1.57,1.078935,0.4885696,12.05899,0.01529158
初号机（完全体）,1.2,0.02,9.16,-0.03239807,-0.6701739,1.56817,1.078935,-1.024506,13.18661,0.01529158
初号机（完全体）,1.2,0.02,9.179999,-0.1196363,-0.6008209,1.562905,1.078935,-2.245819,14.09278,0.01529158
初号机（完全体）,1.2,0.02,9.2,-0.1855696,-0.4953315,1.555476,1.078935,-3.168884,14.77505,0.01529158
初号机（完全体）,1.2,0.02,9.22,-0.2354009,-0.3818827,1.54767,1.078935,-3.866516,15.28915,0.01529158
初号机（完全体）,1.2,0.02,9.24,-0.2730625,-0.2886207,1.541281,1.078935,-4.393768,15.67676,0.01529158
初号机（完全体）,1.2,0.02,9.26,-0.3015266,-0.2181349,1.536452,1.078935,-4.792267,15.96916,0.01529158
初号机（完全体）,1.2,0.02,9.28,-0.3230393,-0.1502523,1.533752,1.078935,-5.093445,16.18984,0.01529158
初号机（完全体）,1.2,0.02,9.3,-0.3392982,-0.05861244,1.534334,1.078935,-5.321075,16.35643,0.01529158
初号机（完全体）,1.2,0.02,9.32,-0.3515865,0.06705495,1.53844,1.078935,-5.493103,16.48223,0.01529158
初号机（完全体）,1.2,0.02,9.34,-0.3498339,0.2210135,1.545377,1.078935,-5.468567,16.4643,0.01529158
初号机（完全体）,1.2,0.02,9.36,-0.3181623,0.3848133,1.553703,1.078935,-5.025146,16.13984,0.01529158
初号机（完全体）,1.2,0.02,9.38,-0.2527429,0.5331573,1.561592,1.078935,-4.109283,15.46774,0.01529158
初号机（完全体）,1.2,0.02,9.4,-0.158888,0.6410526,1.567279,1.078935,-2.795349,14.49923,0.01529158
初号机（完全体）,1.2,0.02,9.42,-0.0488202,0.6906196,1.569499,1.078935,-1.254395,13.35748,0.01529158
初号机（完全体）,1.2,0.02,9.44,0.06001654,0.675998,1.567792,1.078935,0.2693013,12.22272,0.01529158
初号机（完全体）,1.2,0.02,9.46,0.1478292,0.6052226,1.562619,1.078935,1.498669,11.30336,0.01529158
初号机（完全体）,1.2,0.02,9.48,0.2141965,0.4986583,1.55526,1.078935,2.427804,10.60646,0.01529158
初号机（完全体）,1.2,0.02,9.5,0.2643559,0.3843971,1.547506,1.078935,3.130031,10.07865,0.01529158
初号机（完全体）,1.2,0.02,9.52,0.3022656,0.2905211,1.541157,1.078935,3.660761,9.679147,0.01529158
初号机（完全体）,1.2,0.02,9.54,0.330917,0.2049606,1.537308,1.078935,4.061879,9.376886,0.01529158
初号机（完全体）,1.2,0.02,9.559999,0.3525714,0.09996009,1.537021,1.078935,4.365037,9.148261,0.01529158
初号机（完全体）,1.2,0.02,9.58,0.3689374,-0.03580507,1.540471,1.078935,4.594159,8.97537,0.01529158
初号机（完全体）,1.2,0.02,9.599999,0.3702666,-0.1973954,1.546912,1.078935,4.61277,8.961326,0.01529158
初号机（完全体）,1.2,0.02,9.62,0.3409244,-0.3669631,1.554863,1.078935,4.20198,9.271249,0.01529158
初号机（完全体）,1.2,0.02,9.639999,0.2772653,-0.5196665,1.562469,1.078935,3.31076,9.942665,0.01529158
初号机（完全体）,1.2,0.02,9.66,0.1847409,-0.6308565,1.567942,1.078935,2.015429,10.91598,0.01529158
初号机（完全体）,1.2,0.02,9.679999,0.07567868,-0.6829135,1.57,1.078935,0.4885695,12.05899,0.01529158
初号机（完全体）,1.2,0.02,9.7,-0.03239807,-0.6701739,1.56817,1.078935,-1.024506,13.18661,0.01529158
初号机（完全体）,1.2,0.02,9.719999,-0.1196363,-0.6008209,1.562905,1.078935,-2.245819,14.09278,0.01529158
初号机（完全体）,1.2,0.02,9.74,-0.1855696,-0.4953315,1.555476,1.078935,-3.168884,14.77505,0.01529158
初号机（完全体）,1.2,0.02,9.76,-0.2354009,-0.3818827,1.54767,1.078935,-3.866516,15.28915,0.01529158
初号机（完全体）,1.2,0.02,9.78,-0.2730625,-0.2886207,1.541281,1.078935,-4.393768,15.67676,0.01529158
初号机（完全体）,1.2,0.02,9.8,-0.3015266,-0.2181349,1.536452,1.078935,-4.792267,15.96916,0.01529158
初号机（完全体）,1.2,0.02,9.82,-0.3230393,-0.1502523,1.533752,1.078935,-5.093445,16.18984,0.01529158
初号机（完全体）,1.2,0.02,9.84,-0.3392982,-0.05861244,1.534334,1.078935,-5.321075,16.35643,0.01529158
初号机（完全体）,1.2,0.02,9.86,-0.3515865,0.06705495,1.53844,1.078935,-5.493103,16.48223,0.01529158
初号机（完全体）,1.2,0.02,9.88,-0.3498339,0.2210135,1.545377,1.078935,-5.468567,16.4643,0.01529158
初号机（完全体）,1.2,0.02,9.9,-0.3181623,0.3848133,1.553703,1.078935,-5.025146,16.13984,0.01529158
初号机（完全体）,1.2,0.02,9.92,-0.2527429,0.5331573,1.561592,1.078935,-4.109283,15.46774,0.01529158
初号机（完全体）,1.2,0.02,9.94,-0.158888,0.6410526,1.567279,1.078935,-2.795349,14.49923,0.01529158
初号机（完全体）,1.2,0.02,9.96,-0.0488202,0.6906196,1.569499,1.078935,-1.254395,13.35748,0.01529158
初号机（完全体）,1.2,0.02,9.98,0.06001654,0.675998,1.567792,1.078935,0.2693014,12.22272,0.01529158
初号机（完全体）,4,0.02,0,-1.009863E-22,-1.348531E-23,1.661509,-2.405613E-21,-1.272217,12.36129,6.132692E-06
初号机（完全体）,4,0.02,0.02,-7.632383E-23,-1.019198E-23,1.661509,0.09317023,-1.21167,12.40346,1.226339E-05
初号机（完全体）,4,0.02,0.04,-5.768431E-23,-7.702932E-24,1.661509,0.1919549,-1.147461,12.44816,1.371542E-05
初号机（完全体）,4,0.02,0.06,-4.359686E-23,-5.821751E-24,1.661509,0.2902317,-1.083588,12.49262,1.371542E-05
初号机（完全体）,4,0.02,0.08,6.23397E-05,0.01348719,1.648386,0.3845118,-1.021423,12.53462,9.189788E-05
初号机（完全体）,4,0.02,0.09999999,0.001439273,0.04682584,1.647877,0.4730232,-0.9446106,12.56028,9.189788E-05
初号机（完全体）,4,0.02,0.12,0.006628828,0.1016589,1.644477,0.5550844,-0.818634,12.54323,9.189788E-05
初号机（完全体）,4,0.02,0.14,0.01824305,0.1734513,1.635715,0.6306798,-0.6068726,12.45618,9.189788E-05
初号机（完全体）,4,0.02,0.16,0.03815264,0.2518656,1.621797,0.7001775,-0.2829895,12.27969,9.189788E-05
初号机（完全体）,4,0.02,0.18,0.06684049,0.3228934,1.605869,0.7641441,0.1602238,12.00875,9.189788E-05
初号机（完全体）,4,0.02,0.2,0.1029131,0.3722511,1.590543,0.8232273,0.70364,11.65799,0.002319358
初号机（完全体）,4,0.02,0.22,0.1427313,0.3892389,1.575485,0.8780832,1.296746,11.26555,0.01059031
初号机（完全体）,4,0.02,0.24,0.1815052,0.3701177,1.559566,0.9293348,1.87289,10.88187,0.01513919
初号机（完全体）,4,0.02,0.26,0.2189911,0.3201309,1.542317,0.9775485,2.429028,10.50984,0.01513919
初号机（完全体）,4,0.02,0.28,0.2473224,0.2525065,1.537922,1.023226,2.855352,10.23258,0.01513919
初号机（完全体）,4,0.02,0.3,0.2687347,0.1908403,1.533913,1.066803,3.183447,10.02699,0.01513919
初号机（完全体）,4,0.02,0.32,0.2849177,0.144234,1.530884,1.108649,3.437207,9.875593,0.01513919
初号机（完全体）,4,0.02,0.34,0.2971486,0.0963845,1.529415,1.149076,3.634717,9.765142,0.01513919
初号机（完全体）,4,0.02,0.36,0.3063926,0.02495567,1.530597,1.188347,3.789656,9.685624,0.01513919
初号机（完全体）,4,0.02,0.38,0.313379,-0.07964139,1.53478,1.226675,3.912379,9.629464,0.01513919
初号机（完全体）,4,0.02,0.4,0.3160543,-0.2141878,1.541549,1.264239,3.974248,9.618416,0.01513919
初号机（完全体）,4,0.02,0.42,0.3071509,-0.3647754,1.549843,1.301181,3.873614,9.72918,0.01513919
初号机（完全体）,4,0.02,0.44,0.2837959,-0.5107808,1.558204,1.33762,3.570333,9.99196,0.01513919
初号机（完全体）,4,0.02,0.46,0.2469025,-0.6299599,1.565097,1.373651,3.077249,10.3968,0.01513919
初号机（完全体）,4,0.02,0.48,0.2002454,-0.7036749,1.569244,1.409349,2.447258,10.90351,0.01513919
初号机（完全体）,4,0.02,0.5,0.1497619,-0.7212225,1.569897,1.444777,1.763523,11.44932,0.01513919
初号机（完全体）,4,0.02,0.52,0.1030242,-0.6824052,1.567005,1.479983,1.132084,11.95473,0.01513919
初号机（完全体）,4,0.02,0.54,0.06681632,-0.5978433,1.56123,1.515007,0.6479423,12.34911,0.01529158
初号机（完全体）,4,0.02,0.56,0.03945098,-0.4869831,1.553814,1.549879,0.2874976,12.65055,0.01529158
初号机（完全体）,4,0.02,0.58,0.01876871,-0.3742304,1.546326,1.584626,0.02053318,12.88192,0.01529158
初号机（完全体）,4,0.02,0.6,0.003137375,-0.2828373,1.540265,1.619266,-0.1757813,13.06042,0.01529158
初号机（完全体）,4,0.02,0.62,-0.00867653,-0.2137638,1.535685,1.653814,-0.3187256,13.199,0.01529158
初号机（完全体）,4,0.02,0.64,-0.01760529,-0.1468701,1.533177,1.688283,-0.4213257,13.30745,0.01529158
初号机（完全体）,4,0.02,0.66,-0.0243535,-0.05577978,1.533917,1.722684,-0.4934387,13.39314,0.01529158
初号机（完全体）,4,0.02,0.68,-0.02945368,0.06969015,1.538157,1.757023,-0.542511,13.46164,0.01529158
初号机（完全体）,4,0.02,0.7,-0.02500097,0.2236122,1.545202,1.791306,-0.4578857,13.4308,0.01529158
初号机（完全体）,4,0.02,0.72,0.0009062672,0.387289,1.553605,1.825535,-0.07293701,13.17671,0.01529158
初号机（完全体）,4,0.02,0.74,0.05118936,0.5351987,1.561528,1.859719,0.6532275,12.66817,0.01529158
初号机（完全体）,4,0.02,0.76,0.1219639,0.6422284,1.567208,1.89386,1.666255,11.94422,0.01529158
初号机（完全体）,4,0.02,0.78,0.2042016,0.6905432,1.569382,1.927959,2.839738,11.09792,0.01529158
初号机（完全体）,4,0.02,0.8,0.2849869,0.6745013,1.56761,1.962016,3.99286,10.26433,0.01529158
初号机（完全体）,4,0.02,0.82,0.3498447,0.6024836,1.562377,1.996036,4.922975,9.596484,0.01529158
初号机（完全体）,4,0.02,0.84,0.3988632,0.495234,1.554989,2.030015,5.631315,9.094624,0.01529158
初号机（完全体）,4,0.02,0.86,0.4359106,0.3811385,1.547258,2.063959,6.172037,8.718631,0.01529158
初号机（完全体）,4,0.02,0.88,0.4639104,0.2880583,1.540969,2.097868,6.586072,8.437991,0.01529158
初号机（完全体）,4,0.02,0.9,0.4850722,0.2011415,1.537294,2.13174,6.904351,8.229536,0.01529158
初号机（完全体）,4,0.02,0.92,0.5010659,0.09024246,1.537454,2.165576,7.150256,8.075696,0.01529158
初号机（完全体）,4,0.02,0.94,0.5127267,-0.05515402,1.541578,2.199379,7.335478,7.967688,0.01529158
初号机（完全体）,4,0.02,0.96,0.4963103,-0.226284,1.548676,2.233145,7.127596,8.157069,0.01529158
初号机（完全体）,4,0.02,0.98,0.4301401,-0.3999046,1.556919,2.266881,6.223151,8.872596,0.01529158
初号机（完全体）,4,0.02,1,0.3123826,-0.5464321,1.564143,2.300578,4.596461,10.13037,0.01529158
初号机（完全体）,4,0.02,1.02,0.1562013,-0.6393534,1.568445,2.334244,2.431822,11.78562,0.01529158
初号机（完全体）,4,0.02,1.04,-0.01390569,-0.6634667,1.568699,2.367873,0.07220146,13.57516,0.01529158
初号机（完全体）,4,0.02,1.06,-0.1648739,-0.6197971,1.564868,2.401469,-2.019501,15.15293,0.01529158
初号机（完全体）,4,0.02,1.08,-0.2790564,-0.5259153,1.558015,2.435028,-3.596222,16.3413,0.0154444
初号机（完全体）,4,0.02,1.1,-0.3653538,-0.4116216,1.550019,2.468561,-4.782593,17.23763,0.0154444
初号机（完全体）,4,0.02,1.12,-0.4305759,-0.3110969,1.543056,2.502059,-5.67392,17.91532,0.0154444
初号机（完全体）,4,0.02,1.14,-0.4798697,-0.235122,1.537794,2.535519,-6.342285,18.42905,0.0154444
初号机（完全体）,4,0.02,1.16,-0.5171251,-0.1591758,1.535021,2.568945,-6.842133,18.81965,0.0154444
初号机（完全体）,4,0.02,1.18,-0.5452822,-0.05182125,1.536173,2.60234,-7.2146,19.11768,0.0154444
初号机（完全体）,4,0.02,1.2,-0.5639791,0.09554314,1.541348,2.635705,-7.454681,19.32008,0.0154444
初号机（完全体）,4,0.02,1.22,-0.537416,0.2693229,1.549315,2.669032,-7.061127,19.06763,0.0154444
初号机（完全体）,4,0.02,1.24,-0.4430809,0.4403083,1.557914,2.702328,-5.718811,18.13,0.0154444
初号机（完全体）,4,0.02,1.26,-0.2845578,0.5743936,1.564728,2.735593,-3.477875,16.53094,0.0154444
初号机（完全体）,4,0.02,1.28,-0.08515408,0.6443281,1.567837,2.76882,-0.6646423,14.49401,0.0154444
初号机（完全体）,4,0.02,1.3,0.1169171,0.6390457,1.566407,2.802014,2.185895,12.40833,0.0154444
初号机（完全体）,4,0.02,1.32,0.2783954,0.5678234,1.560957,2.835177,4.46813,10.7316,0.0154444
初号机（完全体）,4,0.02,1.34,0.400438,0.4580719,1.553203,2.868303,6.198245,9.461501,0.0154444
初号机（完全体）,4,0.02,1.36,0.4926759,0.3474768,1.545546,2.901402,7.511078,8.502053,0.0154444
初号机（完全体）,4,0.02,1.38,0.5623878,0.2626173,1.539675,2.934467,8.50853,7.778986,0.0154444
初号机（完全体）,4,0.02,1.4,0.6150749,0.178085,1.536565,2.967493,9.267609,7.235361,0.0154444
初号机（完全体）,4,0.02,1.42,0.6548949,0.05982015,1.537748,3.00049,9.846534,6.827759,0.0154444
初号机（完全体）,4,0.02,1.44,0.6783125,-0.09975264,1.543205,3.033453,10.1958,6.594136,0.0154444
初号机（完全体）,4,0.02,1.46,0.6377828,-0.2829097,1.551395,3.066384,9.649796,7.039807,0.0154444
初号机（完全体）,4,0.02,1.48,0.5115182,-0.4553576,1.559796,3.099283,7.903492,8.393407,0.0154444
初号机（完全体）,4,0.02,1.5,0.3106003,-0.5798121,1.565764,3.132153,5.112027,10.52833,0.0154444
初号机（完全体）,4,0.02,1.52,0.07095259,-0.6300586,1.567426,3.164978,1.778322,13.05172,0.0154444
初号机（完全体）,4,0.02,1.54,-0.1527262,-0.6009218,1.56432,3.197779,-1.331848,15.38332,0.0154444
初号机（完全体）,4,0.02,1.56,-0.3225592,-0.5109112,1.557553,3.23054,-3.688171,17.13803,0.0154747
初号机（完全体）,4,0.02,1.58,-0.4509162,-0.39673,1.549439,3.263279,-5.463898,18.45515,0.0154747
初号机（完全体）,4,0.02,1.6,-0.5479264,-0.2998421,1.542618,3.295981,-6.800751,19.44612,0.0154747
初号机（完全体）,4,0.02,1.62,-0.621245,-0.2266158,1.537463,3.328647,-7.806,20.19362,0.0154747
初号机（完全体）,4,0.02,1.64,-0.6766581,-0.1489465,1.535018,3.36128,-8.560547,20.75901,0.0154747
初号机（完全体）,4,0.02,1.66,-0.7185384,-0.03143151,1.536993,3.393882,-9.125671,21.18794,0.0154747
初号机（完全体）,4,0.02,1.68,-0.7371225,0.1311794,1.543282,3.426453,-9.364685,21.38549,0.0154747
初号机（完全体）,4,0.02,1.7,-0.6734157,0.3158691,1.552052,3.458995,-8.45163,20.76885,0.0154747
初号机（完全体）,4,0.02,1.72,-0.508,0.4826463,1.560447,3.491492,-6.114716,19.13022,0.0154747
初号机（完全体）,4,0.02,1.74,-0.2616739,0.5913427,1.565665,3.523964,-2.645081,16.64629,0.0154747
初号机（完全体）,4,0.02,1.76,0.01436793,0.6179448,1.565997,3.556411,1.240573,13.81639,0.0154747
初号机（完全体）,4,0.02,1.78,0.2484559,0.5646163,1.561475,3.588815,4.538841,11.38867,0.0154747
初号机（完全体）,4,0.02,1.8,0.4253758,0.4598456,1.553868,3.621196,7.036747,9.542608,0.0154747
初号机（完全体）,4,0.02,1.82,0.5590889,0.3487373,1.546043,3.653537,8.929738,8.144061,0.0154747
初号机（完全体）,4,0.02,1.84,0.6601472,0.26357,1.540051,3.685842,10.36554,7.087357,0.0154747
初号机（完全体）,4,0.02,1.86,0.7365254,0.1720917,1.537285,3.718127,11.45581,6.290713,0.0154747
初号机（完全体）,4,0.02,1.88,0.7942507,0.03366125,1.539698,3.750374,12.28492,5.691432,0.0154747
初号机（完全体）,4,0.02,1.9,0.8047931,-0.151669,1.546768,3.782587,12.45345,5.594063,0.0154747
初号机（完全体）,4,0.02,1.92,0.7003843,-0.3480227,1.55577,3.814766,11.01266,6.719362,0.0154747
初号机（完全体）,4,0.02,1.94,0.4774528,-0.5032929,1.56302,3.846913,7.912536,9.09613,0.0154747
初号机（完全体）,4,0.02,1.96,0.1839776,-0.575048,1.565536,3.879028,3.82479,12.1953,0.0154747
初号机（完全体）,4,0.02,1.98,-0.09310152,-0.5514647,1.562379,3.911112,-0.03344727,15.0874,0.0154747
初号机（完全体）,4,0.02,2,-0.3025648,-0.4581598,1.555087,3.943165,-2.945068,17.24895,0.0154747
初号机（完全体）,4,0.02,2.02,-0.4608738,-0.3480103,1.547,3.975187,-5.140564,18.86687,0.0154747
初号机（完全体）,4,0.02,2.04,-0.5805211,-0.2630205,1.540774,4.007166,-6.79483,20.08067,0.0154747
初号机（完全体）,4,0.02,2.06,-0.6709486,-0.1987866,1.53607,4.039119,-8.040039,20.99365,0.0154747
初号机（完全体）,4,0.02,2.08,-0.7392923,-0.1169364,1.534678,4.071057,-8.976074,21.68227,0.0154747
初号机（完全体）,4,0.02,2.1,-0.790942,0.02666849,1.53894,4.073902,-9.697327,22.19078,0.0154747
初号机（完全体）,4,0.02,2.12,-0.7629449,0.2207982,1.547725,4.047548,-9.322479,21.90487,0.0154747
初号机（完全体）,4,0.02,2.14,-0.5911079,0.4102753,1.557143,4.005967,-6.943817,20.18578,0.0154747
初号机（完全体）,4,0.02,2.16,-0.2994616,0.530075,1.562741,3.958078,-2.891937,17.22392,0.0154747
初号机（完全体）,4,0.02,2.18,0.01788808,0.5438187,1.561979,3.90937,1.519276,13.93857,0.0154747
初号机（完全体）,4,0.02,2.2,0.2577358,0.4659039,1.555664,3.86305,4.84701,11.41596,0.0154747
初号机（完全体）,4,0.02,2.22,0.4390088,0.3553782,1.547534,3.820813,7.357358,9.490039,0.0154747
初号机（完全体）,4,0.02,2.24,0.576012,0.268589,1.541178,3.7834,9.25107,8.024424,0.0154747
初号机（完全体）,4,0.02,2.26,0.6795567,0.1683335,1.538628,3.750949,10.67959,6.911221,0.0154747
初号机（完全体）,4,0.02,2.28,0.7578142,0.008254944,1.54218,3.72325,11.75718,6.066658,0.0154747
初号机（完全体）,4,0.02,2.3,0.7545858,-0.1988191,1.55046,3.699904,11.69681,6.090237,0.0154747
初号机（完全体）,4,0.02,2.32,0.5989081,-0.3943191,1.559254,3.680427,9.504682,7.734514,0.0154747
初号机（完全体）,4,0.02,2.34,0.3229959,-0.5118397,1.563934,3.664315,5.631467,10.64046,0.0154747
初号机（完全体）,4,0.02,2.36,0.02654817,-0.5183582,1.562122,3.651078,1.472628,13.73254,0.0154747
初号机（完全体）,4,0.02,2.38,-0.2000429,-0.4356407,1.555055,3.64027,-1.706635,16.06673,0.0154747
初号机（完全体）,4,0.02,2.4,-0.3712967,-0.3298954,1.546905,3.631491,-4.109894,17.81045,0.0154747
初号机（完全体）,4,0.02,2.42,-0.5007275,-0.2493296,1.540702,3.624391,-5.926514,19.115,0.0154747
初号机（完全体）,4,0.02,2.44,-0.5985492,-0.1884393,1.536015,3.618671,-7.299744,20.09258,0.0154747
初号机（完全体）,4,0.02,2.46,-0.6724813,-0.1077576,1.534725,3.61408,-8.337769,20.82626,0.0154747
初号机（完全体）,4,0.02,2.48,-0.7281796,0.03752733,1.539231,3.610406,-9.119904,21.37591,0.0154747
初号机（完全体）,4,0.02,2.5,-0.6990812,0.2334206,1.548231,3.607475,-8.714447,21.08701,0.0154747
初号机（完全体）,4,0.02,2.52,-0.5273753,0.4204703,1.557569,3.60514,-6.312103,19.37434,0.0154747
初号机（完全体）,4,0.02,2.54,-0.2429884,0.5316044,1.562661,3.603287,-2.331909,16.49032,0.0154747
初号机（完全体）,4,0.02,2.56,0.05784266,0.533296,1.561159,3.601818,1.878729,13.38516,0.0154747
初号机（完全体）,4,0.02,2.58,0.287688,0.4469304,1.554328,3.600656,5.095784,10.98242,0.0154747
初号机（完全体）,4,0.02,2.6,0.4614014,0.3384281,1.546355,3.599739,7.527154,9.152535,0.0154747
初号机（完全体）,4,0.02,2.62,0.5926912,0.2557784,1.540287,3.599016,9.364727,7.76302,0.0154747
初号机（完全体）,4,0.02,2.64,0.6919178,0.1586514,1.537954,3.598448,10.75352,6.709722,0.0154747
初号机（完全体）,4,0.02,2.66,0.7667336,0.0009374016,1.541671,3.598,11.80064,5.914017,0.0154747
初号机（完全体）,4,0.02,2.68,0.7521656,-0.2043496,1.550076,3.597649,11.59646,6.068847,0.0154747
初号机（完全体）,4,0.02,2.7,0.5916136,-0.3984989,1.558963,3.597374,9.348574,7.773687,0.0154747
初号机（完全体）,4,0.02,2.72,0.3158343,-0.5149988,1.563714,3.597157,5.487554,10.68514,0.0154747
初号机（完全体）,4,0.02,2.74,0.0216075,-0.5207458,1.561956,3.596988,1.368301,13.7595,0.0154747
初号机（完全体）,4,0.02,2.76,-0.2032437,-0.4374452,1.55493,3.596856,-1.779663,16.08026,0.0154747
初号机（完全体）,4,0.02,2.78,-0.3731827,-0.3312593,1.54681,3.596753,-4.158875,17.81431,0.0154747
初号机（完全体）,4,0.02,2.8,-0.5016197,-0.2503603,1.540631,3.596673,-5.957031,19.1119,0.0154747
初号机（完全体）,4,0.02,2.82,-0.5986903,-0.1892183,1.535961,3.59661,-7.31604,20.08444,0.0154747
初号机（完全体）,4,0.02,2.84,-0.6720548,-0.1083463,1.534684,3.596561,-8.34317,20.8145,0.0154747
初号机（完全体）,4,0.02,2.86,-0.7273242,0.03708235,1.5392,3.596524,-9.116974,21.36152,0.0154747
初号机（完全体）,4,0.02,2.88,-0.6979835,0.2330843,1.548208,3.596494,-8.706207,21.07143,0.0154747
初号机（完全体）,4,0.02,2.9,-0.5262665,0.4202161,1.557551,3.596471,-6.302216,19.35944,0.0154747
初号机（完全体）,4,0.02,2.92,-0.2420488,0.5314123,1.562647,3.596454,-2.323212,16.47768,0.0154747
初号机（完全体）,4,0.02,2.94,0.05855565,0.5331508,1.561149,3.596439,1.885214,13.37533,0.0154747
初号机（完全体）,4,0.02,2.96,0.2882269,0.4468207,1.55432,3.596429,5.10058,10.97484,0.0154747
初号机（完全体）,4,0.02,2.98,0.4618087,0.3383451,1.546349,3.596421,7.5307,9.146715,0.0154747
初号机（完全体）,4,0.02,3,0.592999,0.2557157,1.540283,3.596413,9.367344,7.758563,0.0154747
初号机（完全体）,4,0.02,3.02,0.6921505,0.158604,1.537951,3.596436,10.75547,6.706325,0.0154747
初号机（完全体）,4,0.02,3.04,0.7669094,0.0009015995,1.541668,3.59642,11.80207,5.911418,0.0154747
初号机（完全体）,4,0.02,3.06,0.7522984,-0.2043766,1.550074,3.59641,11.59752,6.066865,0.0154747
初号机（完全体）,4,0.02,3.08,0.5917138,-0.3985194,1.558961,3.596402,9.349346,7.772182,0.0154747
初号机（完全体）,4,0.02,3.1,0.3159099,-0.5150142,1.563713,3.596398,5.488119,10.684,0.0154747
初号机（完全体）,4,0.02,3.12,0.02166447,-0.5207574,1.561955,3.596395,1.368713,13.75864,0.0154747
初号机（完全体）,4,0.02,3.14,-0.2032007,-0.437454,1.554929,3.596393,-1.779388,16.07962,0.0154747
初号机（完全体）,4,0.02,3.16,-0.3731501,-0.3312659,1.546809,3.596392,-4.158661,17.81383,0.0154747
初号机（完全体）,4,0.02,3.18,-0.5015951,-0.2503654,1.54063,3.596391,-5.956879,19.11152,0.0154747
初号机（完全体）,4,0.02,3.2,-0.5986718,-0.1892221,1.535961,3.59639,-7.315918,20.08417,0.0154747
初号机（完全体）,4,0.02,3.22,-0.6720408,-0.1083492,1.534684,3.59639,-8.343079,20.81429,0.0154747
初号机（完全体）,4,0.02,3.24,-0.7273136,0.03708017,1.5392,3.596391,-9.116913,21.36136,0.0154747
初号机（完全体）,4,0.02,3.26,-0.6979755,0.2330827,1.548208,3.596391,-8.706177,21.07131,0.0154747
初号机（完全体）,4,0.02,3.28,-0.5262603,0.4202149,1.557551,3.596391,-6.302185,19.35934,0.0154747
初号机（完全体）,4,0.02,3.3,-0.2420437,0.5314114,1.562647,3.596391,-2.323181,16.4776,0.0154747
初号机（完全体）,4,0.02,3.32,0.05855981,0.5331501,1.561149,3.596391,1.885242,13.37526,0.0154747
初号机（完全体）,4,0.02,3.34,0.2882303,0.4468202,1.55432,3.596391,5.100604,10.97479,0.0154747
初号机（完全体）,4,0.02,3.36,0.4618116,0.3383448,1.546349,3.596391,7.530722,9.14667,0.0154747
初号机（完全体）,4,0.02,3.38,0.5930014,0.2557155,1.540283,3.596391,9.367365,7.758525,0.0154747
初号机（完全体）,4,0.02,3.4,0.6921526,0.1586038,1.537951,3.596391,10.75547,6.706279,0.0154747
初号机（完全体）,4,0.02,3.42,0.7669113,0.0009014531,1.541668,3.596391,11.80208,5.911386,0.0154747
初号机（完全体）,4,0.02,3.44,0.7523001,-0.2043768,1.550074,3.596391,11.59753,6.066836,0.0154747
初号机（完全体）,4,0.02,3.46,0.5917154,-0.3985195,1.558961,3.596391,9.349361,7.772158,0.0154747
初号机（完全体）,4,0.02,3.48,0.3159111,-0.5150143,1.563713,3.596391,5.488132,10.68399,0.0154747
初号机（完全体）,4,0.02,3.5,0.02166538,-0.5207574,1.561955,3.596391,1.368723,13.75863,0.0154747
初号机（完全体）,4,0.02,3.52,-0.2032,-0.437454,1.554929,3.596391,-1.779358,16.07961,0.0154747
初号机（完全体）,4,0.02,3.54,-0.3731496,-0.3312659,1.546809,3.596391,-4.15863,17.81382,0.0154747
初号机（完全体）,4,0.02,3.56,-0.5015947,-0.2503654,1.54063,3.596391,-5.956848,19.11152,0.0154747
初号机（完全体）,4,0.02,3.58,-0.5986715,-0.1892221,1.535961,3.596391,-7.315918,20.08416,0.0154747
初号机（完全体）,4,0.02,3.6,-0.6720405,-0.1083492,1.534684,3.596391,-8.343079,20.81429,0.0154747
初号机（完全体）,4,0.02,3.62,-0.7273135,0.03708016,1.5392,3.596391,-9.116913,21.36136,0.0154747
初号机（完全体）,4,0.02,3.64,-0.6979753,0.2330826,1.548208,3.596391,-8.706177,21.07131,0.0154747
初号机（完全体）,4,0.02,3.66,-0.5262601,0.4202149,1.557551,3.596391,-6.302185,19.35934,0.0154747
初号机（完全体）,4,0.02,3.68,-0.2420439,0.5314113,1.562647,3.596391,-2.323181,16.4776,0.0154747
初号机（完全体）,4,0.02,3.7,0.05855937,0.5331501,1.561149,3.596391,1.885235,13.37527,0.0154747
初号机（完全体）,4,0.02,3.72,0.2882297,0.4468202,1.55432,3.596391,5.100595,10.97479,0.0154747
初号机（完全体）,4,0.02,3.74,0.4618108,0.3383447,1.546349,3.596391,7.530711,9.146678,0.0154747
初号机（完全体）,4,0.02,3.76,0.5930006,0.2557154,1.540283,3.596391,9.367352,7.758534,0.0154747
初号机（完全体）,4,0.02,3.78,0.6921517,0.1586038,1.537951,3.596391,10.75546,6.706292,0.0154747
初号机（完全体）,4,0.02,3.8,0.7669103,0.0009014306,1.541668,3.596391,11.80207,5.911397,0.0154747
初号机（完全体）,4,0.02,3.82,0.7522991,-0.2043768,1.550074,3.596391,11.59751,6.066847,0.0154747
初号机（完全体）,4,0.02,3.84,0.5917143,-0.3985195,1.558961,3.596391,9.349346,7.772169,0.0154747
初号机（完全体）,4,0.02,3.86,0.3159103,-0.5150144,1.563713,3.596391,5.488121,10.684,0.0154747
初号机（完全体）,4,0.02,3.88,0.02166477,-0.5207575,1.561955,3.596391,1.368715,13.75863,0.0154747
初号机（完全体）,4,0.02,3.9,-0.2032005,-0.4374541,1.554929,3.596391,-1.779388,16.07961,0.0154747
初号机（完全体）,4,0.02,3.92,-0.3731499,-0.331266,1.546809,3.596391,-4.158661,17.81383,0.0154747
初号机（完全体）,4,0.02,3.94,-0.501595,-0.2503654,1.54063,3.596391,-5.956879,19.11153,0.0154747
初号机（完全体）,4,0.02,3.96,-0.5986717,-0.1892221,1.535961,3.596391,-7.315918,20.08417,0.0154747
初号机（完全体）,4,0.02,3.98,-0.6720406,-0.1083493,1.534684,3.596391,-8.343079,20.81429,0.0154747
初号机（完全体）,4,0.02,4,-0.7273136,0.03708014,1.5392,3.596391,-9.116913,21.36136,0.0154747
初号机（完全体）,4,0.02,4.02,-0.6979755,0.2330826,1.548208,3.596391,-8.706177,21.07131,0.0154747
初号机（完全体）,4,0.02,4.04,-0.5262603,0.4202149,1.557551,3.596391,-6.302185,19.35934,0.0154747
初号机（完全体）,4,0.02,4.06,-0.242044,0.5314113,1.562647,3.596391,-2.323181,16.4776,0.0154747
初号机（完全体）,4,0.02,4.08,0.0585593,0.5331501,1.561149,3.596391,1.885235,13.37527,0.0154747
初号机（完全体）,4,0.02,4.1,0.2882296,0.4468202,1.55432,3.596391,5.100594,10.97479,0.0154747
初号机（完全体）,4,0.02,4.12,0.4618108,0.3383447,1.546349,3.596391,7.530711,9.146678,0.0154747
初号机（完全体）,4,0.02,4.14,0.5930005,0.2557154,1.540283,3.596391,9.367351,7.758535,0.0154747
初号机（完全体）,4,0.02,4.16,0.6921517,0.1586038,1.537951,3.596391,10.75546,6.706292,0.0154747
初号机（完全体）,4,0.02,4.18,0.7669103,0.0009014306,1.541668,3.596391,11.80207,5.911397,0.0154747
初号机（完全体）,4,0.02,4.2,0.7522991,-0.2043768,1.550074,3.596391,11.59752,6.066847,0.0154747
初号机（完全体）,4,0.02,4.22,0.5917143,-0.3985195,1.558961,3.596391,9.349346,7.772169,0.0154747
初号机（完全体）,4,0.02,4.24,0.3159103,-0.5150144,1.563713,3.596391,5.48812,10.684,0.0154747
初号机（完全体）,4,0.02,4.26,0.02166477,-0.5207575,1.561955,3.596391,1.368715,13.75863,0.0154747
初号机（完全体）,4,0.02,4.28,-0.2032005,-0.4374541,1.554929,3.596391,-1.779388,16.07961,0.0154747
初号机（完全体）,4,0.02,4.3,-0.3731499,-0.331266,1.546809,3.596391,-4.158661,17.81383,0.0154747
初号机（完全体）,4,0.02,4.32,-0.501595,-0.2503654,1.54063,3.596391,-5.956879,19.11153,0.0154747
初号机（完全体）,4,0.02,4.34,-0.5986717,-0.1892221,1.535961,3.596391,-7.315918,20.08417,0.0154747
初号机（完全体）,4,0.02,4.36,-0.6720406,-0.1083493,1.534684,3.596391,-8.343079,20.81429,0.0154747
初号机（完全体）,4,0.02,4.38,-0.7273136,0.03708014,1.5392,3.596391,-9.116913,21.36136,0.0154747
初号机（完全体）,4,0.02,4.4,-0.6979755,0.2330826,1.548208,3.596391,-8.706177,21.07131,0.0154747
初号机（完全体）,4,0.02,4.42,-0.5262603,0.4202149,1.557551,3.596391,-6.302185,19.35934,0.0154747
初号机（完全体）,4,0.02,4.44,-0.242044,0.5314113,1.562647,3.596391,-2.323181,16.4776,0.0154747
初号机（完全体）,4,0.02,4.46,0.0585593,0.5331501,1.561149,3.596391,1.885235,13.37527,0.0154747
初号机（完全体）,4,0.02,4.48,0.2882296,0.4468202,1.55432,3.596391,5.100594,10.97479,0.0154747
初号机（完全体）,4,0.02,4.5,0.4618108,0.3383447,1.546349,3.596391,7.530711,9.146678,0.0154747
初号机（完全体）,4,0.02,4.52,0.5930005,0.2557154,1.540283,3.596391,9.367351,7.758535,0.0154747
初号机（完全体）,4,0.02,4.54,0.6921517,0.1586038,1.537951,3.596391,10.75546,6.706292,0.0154747
初号机（完全体）,4,0.02,4.56,0.7669103,0.0009014306,1.541668,3.596391,11.80207,5.911397,0.0154747
初号机（完全体）,4,0.02,4.58,0.7522991,-0.2043768,1.550074,3.596391,11.59751,6.066847,0.0154747
初号机（完全体）,4,0.02,4.6,0.5917143,-0.3985195,1.558961,3.596391,9.349346,7.772169,0.0154747
初号机（完全体）,4,0.02,4.62,0.3159103,-0.5150144,1.563713,3.596391,5.48812,10.684,0.0154747
初号机（完全体）,4,0.02,4.64,0.02166477,-0.5207575,1.561955,3.596391,1.368715,13.75863,0.0154747
初号机（完全体）,4,0.02,4.66,-0.2032005,-0.4374541,1.554929,3.596391,-1.779388,16.07961,0.0154747
初号机（完全体）,4,0.02,4.68,-0.3731499,-0.331266,1.546809,3.596391,-4.158661,17.81383,0.0154747
初号机（完全体）,4,0.02,4.7,-0.501595,-0.2503654,1.54063,3.596391,-5.956879,19.11153,0.0154747
初号机（完全体）,4,0.02,4.72,-0.5986717,-0.1892221,1.535961,3.596391,-7.315918,20.08417,0.0154747
初号机（完全体）,4,0.02,4.74,-0.6720406,-0.1083493,1.534684,3.596391,-8.343079,20.81429,0.0154747
初号机（完全体）,4,0.02,4.76,-0.7273136,0.03708014,1.5392,3.596391,-9.116913,21.36136,0.0154747
初号机（完全体）,4,0.02,4.78,-0.6979755,0.2330826,1.548208,3.596391,-8.706177,21.07131,0.0154747
初号机（完全体）,4,0.02,4.8,-0.5262603,0.4202149,1.557551,3.596391,-6.302185,19.35934,0.0154747
初号机（完全体）,4,0.02,4.82,-0.242044,0.5314113,1.562647,3.596391,-2.323181,16.4776,0.0154747
初号机（完全体）,4,0.02,4.84,0.0585593,0.5331501,1.561149,3.596391,1.885234,13.37527,0.0154747
初号机（完全体）,4,0.02,4.86,0.2882296,0.4468202,1.55432,3.596391,5.100594,10.97479,0.0154747
初号机（完全体）,4,0.02,4.88,0.4618108,0.3383447,1.546349,3.596391,7.530711,9.146678,0.0154747
初号机（完全体）,4,0.02,4.9,0.5930005,0.2557154,1.540283,3.596391,9.367351,7.758535,0.0154747
初号机（完全体）,4,0.02,4.92,0.6921517,0.1586038,1.537951,3.596391,10.75546,6.706292,0.0154747
初号机（完全体）,4,0.02,4.94,0.7669103,0.0009014306,1.541668,3.596391,11.80207,5.911397,0.0154747
初号机（完全体）,4,0.02,4.96,0.7522991,-0.2043768,1.550074,3.596391,11.59751,6.066847,0.0154747
初号机（完全体）,4,0.02,4.98,0.5917143,-0.3985195,1.558961,3.596391,9.349346,7.772169,0.0154747
初号机（完全体）,4,0.02,5,0.3159103,-0.5150144,1.563713,3.596391,5.48812,10.684,0.0154747
初号机（完全体）,4,0.02,5.02,0.02166477,-0.5207575,1.561955,3.596447,1.368751,13.75866,0.0154747
初号机（完全体）,4,0.02,5.04,-0.2032005,-0.4374541,1.554929,3.596422,-1.779358,16.07962,0.0154747
初号机（完全体）,4,0.02,5.06,-0.3731499,-0.331266,1.546809,3.596406,-4.15863,17.81383,0.0154747
初号机（完全体）,4,0.02,5.08,-0.501595,-0.2503654,1.54063,3.596396,-5.956848,19.11152,0.0154747
初号机（完全体）,4,0.02,5.1,-0.5986717,-0.1892221,1.535961,3.59639,-7.315918,20.08416,0.0154747
初号机（完全体）,4,0.02,5.12,-0.6720406,-0.1083493,1.534684,3.596387,-8.343079,20.81429,0.0154747
初号机（完全体）,4,0.02,5.14,-0.7273136,0.03708014,1.5392,3.596385,-9.116913,21.36136,0.0154747
初号机（完全体）,4,0.02,5.16,-0.6979752,0.2330826,1.548208,3.596385,-8.706177,21.0713,0.0154747
初号机（完全体）,4,0.02,5.18,-0.52626,0.4202149,1.557551,3.596385,-6.302185,19.35933,0.0154747
初号机（完全体）,4,0.02,5.2,-0.2420438,0.5314113,1.562647,3.596385,-2.323181,16.4776,0.0154747
初号机（完全体）,4,0.02,5.22,0.05855944,0.5331501,1.561149,3.596386,1.885233,13.37526,0.0154747
初号机（完全体）,4,0.02,5.24,0.2882298,0.4468202,1.55432,3.596386,5.100592,10.97479,0.0154747
初号机（完全体）,4,0.02,5.26,0.4618109,0.3383447,1.546349,3.596387,7.530709,9.146677,0.0154747
初号机（完全体）,4,0.02,5.28,0.5930006,0.2557154,1.540283,3.596388,9.36735,7.758534,0.0154747
初号机（完全体）,4,0.02,5.3,0.6921517,0.1586038,1.537951,3.596389,10.75545,6.70629,0.0154747
初号机（完全体）,4,0.02,5.32,0.7669103,0.0009014306,1.541668,3.59639,11.80207,5.911395,0.0154747
初号机（完全体）,4,0.02,5.34,0.7522988,-0.2043768,1.550074,3.59639,11.59751,6.066849,0.0154747
初号机（完全体）,4,0.02,5.36,0.5917141,-0.3985195,1.558961,3.59639,9.349342,7.772171,0.0154747
初号机（完全体）,4,0.02,5.38,0.3159101,-0.5150144,1.563713,3.596391,5.488117,10.684,0.0154747
初号机（完全体）,4,0.02,5.4,0.02166463,-0.5207575,1.561955,3.596391,1.368713,13.75863,0.0154747
初号机（完全体）,4,0.02,5.42,-0.2032006,-0.4374541,1.554929,3.596391,-1.779388,16.07961,0.0154747
初号机（完全体）,4,0.02,5.44,-0.37315,-0.331266,1.546809,3.596391,-4.158661,17.81383,0.0154747
初号机（完全体）,4,0.02,5.46,-0.5015951,-0.2503654,1.54063,3.596391,-5.956879,19.11152,0.0154747
初号机（完全体）,4,0.02,5.48,-0.5986717,-0.1892221,1.535961,3.596391,-7.315918,20.08417,0.0154747
初号机（完全体）,4,0.02,5.5,-0.6720407,-0.1083493,1.534684,3.596391,-8.343079,20.81429,0.0154747
初号机（完全体）,4,0.02,5.52,-0.7273136,0.03708014,1.5392,3.596391,-9.116913,21.36136,0.0154747
初号机（完全体）,4,0.02,5.54,-0.6979752,0.2330826,1.548208,3.596391,-8.706177,21.07131,0.0154747
初号机（完全体）,4,0.02,5.56,-0.52626,0.4202149,1.557551,3.596391,-6.302185,19.35934,0.0154747
初号机（完全体）,4,0.02,5.58,-0.2420438,0.5314113,1.562647,3.596391,-2.323181,16.4776,0.0154747
初号机（完全体）,4,0.02,5.6,0.05855944,0.5331501,1.561149,3.596391,1.885236,13.37527,0.0154747
初号机（完全体）,4,0.02,5.62,0.2882298,0.4468202,1.55432,3.596391,5.100595,10.97479,0.0154747
初号机（完全体）,4,0.02,5.64,0.4618109,0.3383447,1.546349,3.596391,7.530712,9.146677,0.0154747
初号机（完全体）,4,0.02,5.66,0.5930006,0.2557154,1.540283,3.596391,9.367352,7.758534,0.0154747
初号机（完全体）,4,0.02,5.68,0.6921517,0.1586038,1.537951,3.596391,10.75546,6.706292,0.0154747
初号机（完全体）,4,0.02,5.7,0.7669103,0.0009014306,1.541668,3.596391,11.80207,5.911397,0.0154747
初号机（完全体）,4,0.02,5.72,0.7522988,-0.2043768,1.550074,3.596391,11.59751,6.06685,0.0154747
初号机（完全体）,4,0.02,5.74,0.5917141,-0.3985195,1.558961,3.596391,9.349344,7.772172,0.0154747
初号机（完全体）,4,0.02,5.76,0.3159101,-0.5150144,1.563713,3.596391,5.488119,10.684,0.0154747
初号机（完全体）,4,0.02,5.78,0.02166463,-0.5207575,1.561955,3.596391,1.368713,13.75863,0.0154747
初号机（完全体）,4,0.02,5.8,-0.2032006,-0.4374541,1.554929,3.596391,-1.779388,16.07961,0.0154747
初号机（完全体）,4,0.02,5.82,-0.37315,-0.331266,1.546809,3.596391,-4.158661,17.81383,0.0154747
初号机（完全体）,4,0.02,5.84,-0.5015951,-0.2503654,1.54063,3.596391,-5.956879,19.11152,0.0154747
初号机（完全体）,4,0.02,5.86,-0.5986717,-0.1892221,1.535961,3.596391,-7.315918,20.08417,0.0154747
初号机（完全体）,4,0.02,5.88,-0.6720407,-0.1083493,1.534684,3.596391,-8.343079,20.81429,0.0154747
初号机（完全体）,4,0.02,5.9,-0.7273136,0.03708014,1.5392,3.596391,-9.116913,21.36136,0.0154747
初号机（完全体）,4,0.02,5.92,-0.6979752,0.2330826,1.548208,3.596391,-8.706177,21.07131,0.0154747
初号机（完全体）,4,0.02,5.94,-0.52626,0.4202149,1.557551,3.596391,-6.302185,19.35934,0.0154747
初号机（完全体）,4,0.02,5.96,-0.2420438,0.5314113,1.562647,3.596391,-2.323181,16.4776,0.0154747
初号机（完全体）,4,0.02,5.98,0.05855944,0.5331501,1.561149,3.596391,1.885236,13.37527,0.0154747
初号机（完全体）,4,0.02,6,0.2882298,0.4468202,1.55432,3.596391,5.100595,10.97479,0.0154747
初号机（完全体）,4,0.02,6.02,0.4618109,0.3383447,1.546349,3.596391,7.530712,9.146677,0.0154747
初号机（完全体）,4,0.02,6.04,0.5930006,0.2557154,1.540283,3.596391,9.367352,7.758534,0.0154747
初号机（完全体）,4,0.02,6.06,0.6921517,0.1586038,1.537951,3.596391,10.75546,6.706292,0.0154747
初号机（完全体）,4,0.02,6.08,0.7669103,0.0009014306,1.541668,3.596391,11.80207,5.911397,0.0154747
初号机（完全体）,4,0.02,6.1,0.7522988,-0.2043768,1.550074,3.596391,11.59751,6.06685,0.0154747
初号机（完全体）,4,0.02,6.12,0.5917141,-0.3985195,1.558961,3.596391,9.349344,7.772172,0.0154747
初号机（完全体）,4,0.02,6.14,0.3159101,-0.5150144,1.563713,3.596391,5.488118,10.684,0.0154747
初号机（完全体）,4,0.02,6.16,0.02166463,-0.5207575,1.561955,3.596391,1.368713,13.75863,0.0154747
初号机（完全体）,4,0.02,6.18,-0.2032006,-0.4374541,1.554929,3.596391,-1.779388,16.07961,0.0154747
初号机（完全体）,4,0.02,6.2,-0.37315,-0.331266,1.546809,3.596391,-4.158661,17.81383,0.0154747
初号机（完全体）,4,0.02,6.22,-0.5015951,-0.2503654,1.54063,3.596391,-5.956879,19.11152,0.0154747
初号机（完全体）,4,0.02,6.24,-0.5986717,-0.1892221,1.535961,3.596391,-7.315918,20.08417,0.0154747
初号机（完全体）,4,0.02,6.26,-0.6720407,-0.1083493,1.534684,3.596391,-8.343079,20.81429,0.0154747
初号机（完全体）,4,0.02,6.28,-0.7273136,0.03708014,1.5392,3.596391,-9.116913,21.36136,0.0154747
初号机（完全体）,4,0.02,6.3,-0.6979752,0.2330826,1.548208,3.596391,-8.706177,21.07131,0.0154747
初号机（完全体）,4,0.02,6.32,-0.52626,0.4202149,1.557551,3.596391,-6.302185,19.35934,0.0154747
初号机（完全体）,4,0.02,6.34,-0.2420438,0.5314113,1.562647,3.596391,-2.323181,16.4776,0.0154747
初号机（完全体）,4,0.02,6.36,0.05855944,0.5331501,1.561149,3.596391,1.885237,13.37527,0.0154747
初号机（完全体）,4,0.02,6.38,0.2882298,0.4468202,1.55432,3.596391,5.100595,10.97479,0.0154747
初号机（完全体）,4,0.02,6.4,0.4618109,0.3383447,1.546349,3.596391,7.530712,9.146677,0.0154747
初号机（完全体）,4,0.02,6.42,0.5930006,0.2557154,1.540283,3.596391,9.367352,7.758534,0.0154747
初号机（完全体）,4,0.02,6.44,0.6921517,0.1586038,1.537951,3.596391,10.75546,6.706292,0.0154747
初号机（完全体）,4,0.02,6.46,0.7669103,0.0009014306,1.541668,3.596391,11.80207,5.911397,0.0154747
初号机（完全体）,4,0.02,6.48,0.7522988,-0.2043768,1.550074,3.596391,11.59751,6.06685,0.0154747
初号机（完全体）,4,0.02,6.5,0.5917141,-0.3985195,1.558961,3.596391,9.349344,7.772172,0.0154747
初号机（完全体）,4,0.02,6.52,0.3159101,-0.5150144,1.563713,3.596391,5.488118,10.684,0.0154747
初号机（完全体）,4,0.02,6.54,0.02166463,-0.5207575,1.561955,3.596391,1.368713,13.75863,0.0154747
初号机（完全体）,4,0.02,6.56,-0.2032006,-0.4374541,1.554929,3.596391,-1.779388,16.07961,0.0154747
初号机（完全体）,4,0.02,6.58,-0.37315,-0.331266,1.546809,3.596391,-4.158661,17.81383,0.0154747
初号机（完全体）,4,0.02,6.6,-0.5015951,-0.2503654,1.54063,3.596391,-5.956879,19.11152,0.0154747
初号机（完全体）,4,0.02,6.62,-0.5986717,-0.1892221,1.535961,3.596391,-7.315918,20.08417,0.0154747
初号机（完全体）,4,0.02,6.64,-0.6720407,-0.1083493,1.534684,3.596391,-8.343079,20.81429,0.0154747
初号机（完全体）,4,0.02,6.66,-0.7273136,0.03708014,1.5392,3.596391,-9.116913,21.36136,0.0154747
初号机（完全体）,4,0.02,6.68,-0.6979752,0.2330826,1.548208,3.596391,-8.706177,21.07131,0.0154747
初号机（完全体）,4,0.02,6.7,-0.52626,0.4202149,1.557551,3.596391,-6.302185,19.35934,0.0154747
初号机（完全体）,4,0.02,6.72,-0.2420438,0.5314113,1.562647,3.596391,-2.323181,16.4776,0.0154747
初号机（完全体）,4,0.02,6.74,0.05855944,0.5331501,1.561149,3.596391,1.885236,13.37527,0.0154747
初号机（完全体）,4,0.02,6.76,0.2882298,0.4468202,1.55432,3.596391,5.100595,10.97479,0.0154747
初号机（完全体）,4,0.02,6.78,0.4618109,0.3383447,1.546349,3.596391,7.530712,9.146677,0.0154747
初号机（完全体）,4,0.02,6.8,0.5930006,0.2557154,1.540283,3.596391,9.367352,7.758534,0.0154747
初号机（完全体）,4,0.02,6.82,0.6921517,0.1586038,1.537951,3.596391,10.75546,6.706292,0.0154747
初号机（完全体）,4,0.02,6.84,0.7669103,0.0009014306,1.541668,3.596391,11.80207,5.911397,0.0154747
初号机（完全体）,4,0.02,6.86,0.7522988,-0.2043768,1.550074,3.596391,11.59751,6.06685,0.0154747
初号机（完全体）,4,0.02,6.88,0.5917141,-0.3985195,1.558961,3.596391,9.349344,7.772172,0.0154747
初号机（完全体）,4,0.02,6.9,0.3159101,-0.5150144,1.563713,3.596391,5.488118,10.684,0.0154747
初号机（完全体）,4,0.02,6.92,0.02166463,-0.5207575,1.561955,3.596391,1.368713,13.75863,0.0154747
初号机（完全体）,4,0.02,6.94,-0.2032006,-0.4374541,1.554929,3.596391,-1.779388,16.07961,0.0154747
初号机（完全体）,4,0.02,6.96,-0.37315,-0.331266,1.546809,3.596391,-4.158661,17.81383,0.0154747
初号机（完全体）,4,0.02,6.98,-0.5015951,-0.2503654,1.54063,3.596391,-5.956879,19.11152,0.0154747
初号机（完全体）,4,0.02,7,-0.5986717,-0.1892221,1.535961,3.596391,-7.315918,20.08417,0.0154747
初号机（完全体）,4,0.02,7.02,-0.6720407,-0.1083493,1.534684,3.596391,-8.343079,20.81429,0.0154747
初号机（完全体）,4,0.02,7.04,-0.7273136,0.03708014,1.5392,3.596391,-9.116913,21.36136,0.0154747
初号机（完全体）,4,0.02,7.06,-0.6979752,0.2330826,1.548208,3.596391,-8.706177,21.07131,0.0154747
初号机（完全体）,4,0.02,7.08,-0.52626,0.4202149,1.557551,3.596391,-6.302185,19.35934,0.0154747
初号机（完全体）,4,0.02,7.1,-0.2420438,0.5314113,1.562647,3.596391,-2.323181,16.4776,0.0154747
初号机（完全体）,4,0.02,7.12,0.05855944,0.5331501,1.561149,3.596391,1.885236,13.37527,0.0154747
初号机（完全体）,4,0.02,7.14,0.2882298,0.4468202,1.55432,3.596391,5.100595,10.97479,0.0154747
初号机（完全体）,4,0.02,7.16,0.4618109,0.3383447,1.546349,3.596391,7.530712,9.146677,0.0154747
初号机（完全体）,4,0.02,7.18,0.5930006,0.2557154,1.540283,3.596391,9.367352,7.758534,0.0154747
初号机（完全体）,4,0.02,7.2,0.6921517,0.1586038,1.537951,3.596391,10.75546,6.706292,0.0154747
初号机（完全体）,4,0.02,7.22,0.7669103,0.0009014306,1.541668,3.596391,11.80207,5.911397,0.0154747
初号机（完全体）,4,0.02,7.24,0.7522988,-0.2043768,1.550074,3.596391,11.59751,6.06685,0.0154747
初号机（完全体）,4,0.02,7.26,0.5917141,-0.3985195,1.558961,3.596391,9.349344,7.772172,0.0154747
初号机（完全体）,4,0.02,7.28,0.3159101,-0.5150144,1.563713,3.596391,5.488118,10.684,0.0154747
初号机（完全体）,4,0.02,7.3,0.02166463,-0.5207575,1.561955,3.596391,1.368713,13.75863,0.0154747
初号机（完全体）,4,0.02,7.32,-0.2032006,-0.4374541,1.554929,3.596391,-1.779388,16.07961,0.0154747
初号机（完全体）,4,0.02,7.34,-0.37315,-0.331266,1.546809,3.596391,-4.158661,17.81383,0.0154747
初号机（完全体）,4,0.02,7.36,-0.5015951,-0.2503654,1.54063,3.596391,-5.956879,19.11152,0.0154747
初号机（完全体）,4,0.02,7.38,-0.5986717,-0.1892221,1.535961,3.596391,-7.315918,20.08417,0.0154747
初号机（完全体）,4,0.02,7.4,-0.6720407,-0.1083493,1.534684,3.596391,-8.343079,20.81429,0.0154747
初号机（完全体）,4,0.02,7.42,-0.7273136,0.03708014,1.5392,3.596391,-9.116913,21.36136,0.0154747
初号机（完全体）,4,0.02,7.44,-0.6979752,0.2330826,1.548208,3.596391,-8.706177,21.07131,0.0154747
初号机（完全体）,4,0.02,7.46,-0.52626,0.4202149,1.557551,3.596391,-6.302185,19.35934,0.0154747
初号机（完全体）,4,0.02,7.48,-0.2420438,0.5314113,1.562647,3.596391,-2.323181,16.4776,0.0154747
初号机（完全体）,4,0.02,7.5,0.05855944,0.5331501,1.561149,3.596391,1.885236,13.37527,0.0154747
初号机（完全体）,4,0.02,7.52,0.2882298,0.4468202,1.55432,3.596391,5.100595,10.97479,0.0154747
初号机（完全体）,4,0.02,7.54,0.4618109,0.3383447,1.546349,3.596391,7.530712,9.146677,0.0154747
初号机（完全体）,4,0.02,7.56,0.5930006,0.2557154,1.540283,3.596391,9.367352,7.758534,0.0154747
初号机（完全体）,4,0.02,7.58,0.6921517,0.1586038,1.537951,3.596391,10.75546,6.706292,0.0154747
初号机（完全体）,4,0.02,7.6,0.7669103,0.0009014306,1.541668,3.596391,11.80207,5.911397,0.0154747
初号机（完全体）,4,0.02,7.62,0.7522988,-0.2043768,1.550074,3.596391,11.59751,6.06685,0.0154747
初号机（完全体）,4,0.02,7.64,0.5917141,-0.3985195,1.558961,3.596391,9.349344,7.772172,0.0154747
初号机（完全体）,4,0.02,7.66,0.3159101,-0.5150144,1.563713,3.596391,5.488118,10.684,0.0154747
初号机（完全体）,4,0.02,7.68,0.02166463,-0.5207575,1.561955,3.596391,1.368713,13.75863,0.0154747
初号机（完全体）,4,0.02,7.7,-0.2032006,-0.4374541,1.554929,3.596391,-1.779388,16.07961,0.0154747
初号机（完全体）,4,0.02,7.72,-0.37315,-0.331266,1.546809,3.596391,-4.158661,17.81383,0.0154747
初号机（完全体）,4,0.02,7.74,-0.5015951,-0.2503654,1.54063,3.596391,-5.956879,19.11152,0.0154747
初号机（完全体）,4,0.02,7.76,-0.5986717,-0.1892221,1.535961,3.596391,-7.315918,20.08417,0.0154747
初号机（完全体）,4,0.02,7.78,-0.6720407,-0.1083493,1.534684,3.596391,-8.343079,20.81429,0.0154747
初号机（完全体）,4,0.02,7.8,-0.7273136,0.03708014,1.5392,3.596391,-9.116913,21.36136,0.0154747
初号机（完全体）,4,0.02,7.82,-0.6979752,0.2330826,1.548208,3.596391,-8.706177,21.07131,0.0154747
初号机（完全体）,4,0.02,7.84,-0.52626,0.4202149,1.557551,3.596391,-6.302185,19.35934,0.0154747
初号机（完全体）,4,0.02,7.86,-0.2420438,0.5314113,1.562647,3.596391,-2.323181,16.4776,0.0154747
初号机（完全体）,4,0.02,7.88,0.05855944,0.5331501,1.561149,3.596391,1.885236,13.37527,0.0154747
初号机（完全体）,4,0.02,7.9,0.2882298,0.4468202,1.55432,3.596391,5.100595,10.97479,0.0154747
初号机（完全体）,4,0.02,7.92,0.4618109,0.3383447,1.546349,3.596391,7.530712,9.146677,0.0154747
初号机（完全体）,4,0.02,7.94,0.5930006,0.2557154,1.540283,3.596391,9.367352,7.758534,0.0154747
初号机（完全体）,4,0.02,7.96,0.6921517,0.1586038,1.537951,3.596391,10.75546,6.706292,0.0154747
初号机（完全体）,4,0.02,7.98,0.7669103,0.0009014306,1.541668,3.596391,11.80207,5.911397,0.0154747
初号机（完全体）,4,0.02,8,0.7522988,-0.2043768,1.550074,3.596391,11.59751,6.06685,0.0154747
初号机（完全体）,4,0.02,8.02,0.5917141,-0.3985195,1.558961,3.596391,9.349344,7.772172,0.0154747
初号机（完全体）,4,0.02,8.04,0.3159101,-0.5150144,1.563713,3.596391,5.488118,10.684,0.0154747
初号机（完全体）,4,0.02,8.059999,0.02166463,-0.5207575,1.561955,3.596391,1.368713,13.75863,0.0154747
初号机（完全体）,4,0.02,8.08,-0.2032006,-0.4374541,1.554929,3.596391,-1.779388,16.07961,0.0154747
初号机（完全体）,4,0.02,8.099999,-0.37315,-0.331266,1.546809,3.596391,-4.158661,17.81383,0.0154747
初号机（完全体）,4,0.02,8.12,-0.5015951,-0.2503654,1.54063,3.596391,-5.956879,19.11152,0.0154747
初号机（完全体）,4,0.02,8.139999,-0.5986717,-0.1892221,1.535961,3.596391,-7.315918,20.08417,0.0154747
初号机（完全体）,4,0.02,8.16,-0.6720407,-0.1083493,1.534684,3.596391,-8.343079,20.81429,0.0154747
初号机（完全体）,4,0.02,8.179999,-0.7273136,0.03708014,1.5392,3.596391,-9.116913,21.36136,0.0154747
初号机（完全体）,4,0.02,8.2,-0.6979752,0.2330826,1.548208,3.596391,-8.706177,21.07131,0.0154747
初号机（完全体）,4,0.02,8.22,-0.52626,0.4202149,1.557551,3.596391,-6.302185,19.35934,0.0154747
初号机（完全体）,4,0.02,8.24,-0.2420438,0.5314113,1.562647,3.596391,-2.323181,16.4776,0.0154747
初号机（完全体）,4,0.02,8.26,0.05855944,0.5331501,1.561149,3.596391,1.885237,13.37527,0.0154747
初号机（完全体）,4,0.02,8.28,0.2882298,0.4468202,1.55432,3.596391,5.100595,10.97479,0.0154747
初号机（完全体）,4,0.02,8.3,0.4618109,0.3383447,1.546349,3.596391,7.530712,9.146677,0.0154747
初号机（完全体）,4,0.02,8.32,0.5930006,0.2557154,1.540283,3.596391,9.367352,7.758534,0.0154747
初号机（完全体）,4,0.02,8.34,0.6921517,0.1586038,1.537951,3.596391,10.75546,6.706292,0.0154747
初号机（完全体）,4,0.02,8.36,0.7669103,0.0009014306,1.541668,3.596391,11.80207,5.911397,0.0154747
初号机（完全体）,4,0.02,8.38,0.7522988,-0.2043768,1.550074,3.596391,11.59751,6.06685,0.0154747
初号机（完全体）,4,0.02,8.4,0.5917141,-0.3985195,1.558961,3.596391,9.349344,7.772172,0.0154747
初号机（完全体）,4,0.02,8.42,0.3159101,-0.5150144,1.563713,3.596391,5.488118,10.684,0.0154747
初号机（完全体）,4,0.02,8.44,0.02166463,-0.5207575,1.561955,3.596391,1.368713,13.75863,0.0154747
初号机（完全体）,4,0.02,8.46,-0.2032006,-0.4374541,1.554929,3.596391,-1.779388,16.07961,0.0154747
初号机（完全体）,4,0.02,8.48,-0.37315,-0.331266,1.546809,3.596391,-4.158661,17.81383,0.0154747
初号机（完全体）,4,0.02,8.5,-0.5015951,-0.2503654,1.54063,3.596391,-5.956879,19.11152,0.0154747
初号机（完全体）,4,0.02,8.52,-0.5986717,-0.1892221,1.535961,3.596391,-7.315918,20.08417,0.0154747
初号机（完全体）,4,0.02,8.54,-0.6720407,-0.1083493,1.534684,3.596391,-8.343079,20.81429,0.0154747
初号机（完全体）,4,0.02,8.559999,-0.7273136,0.03708014,1.5392,3.596391,-9.116913,21.36136,0.0154747
初号机（完全体）,4,0.02,8.58,-0.6979752,0.2330826,1.548208,3.596391,-8.706177,21.07131,0.0154747
初号机（完全体）,4,0.02,8.599999,-0.52626,0.4202149,1.557551,3.596391,-6.302185,19.35934,0.0154747
初号机（完全体）,4,0.02,8.62,-0.2420438,0.5314113,1.562647,3.596391,-2.323181,16.4776,0.0154747
初号机（完全体）,4,0.02,8.639999,0.05855944,0.5331501,1.561149,3.596391,1.885236,13.37527,0.0154747
初号机（完全体）,4,0.02,8.66,0.2882298,0.4468202,1.55432,3.596391,5.100595,10.97479,0.0154747
初号机（完全体）,4,0.02,8.679999,0.4618109,0.3383447,1.546349,3.596391,7.530712,9.146677,0.0154747
初号机（完全体）,4,0.02,8.7,0.5930006,0.2557154,1.540283,3.596391,9.367352,7.758534,0.0154747
初号机（完全体）,4,0.02,8.72,0.6921517,0.1586038,1.537951,3.596391,10.75546,6.706292,0.0154747
初号机（完全体）,4,0.02,8.74,0.7669103,0.0009014306,1.541668,3.596391,11.80207,5.911397,0.0154747
初号机（完全体）,4,0.02,8.76,0.7522988,-0.2043768,1.550074,3.596391,11.59751,6.06685,0.0154747
初号机（完全体）,4,0.02,8.78,0.5917141,-0.3985195,1.558961,3.596391,9.349344,7.772172,0.0154747
初号机（完全体）,4,0.02,8.8,0.3159101,-0.5150144,1.563713,3.596391,5.488118,10.684,0.0154747
初号机（完全体）,4,0.02,8.82,0.02166463,-0.5207575,1.561955,3.596391,1.368713,13.75863,0.0154747
初号机（完全体）,4,0.02,8.84,-0.2032006,-0.4374541,1.554929,3.596391,-1.779388,16.07961,0.0154747
初号机（完全体）,4,0.02,8.86,-0.37315,-0.331266,1.546809,3.596391,-4.158661,17.81383,0.0154747
初号机（完全体）,4,0.02,8.88,-0.5015951,-0.2503654,1.54063,3.596391,-5.956879,19.11152,0.0154747
初号机（完全体）,4,0.02,8.9,-0.5986717,-0.1892221,1.535961,3.596391,-7.315918,20.08417,0.0154747
初号机（完全体）,4,0.02,8.92,-0.6720407,-0.1083493,1.534684,3.596391,-8.343079,20.81429,0.0154747
初号机（完全体）,4,0.02,8.94,-0.7273136,0.03708014,1.5392,3.596391,-9.116913,21.36136,0.0154747
初号机（完全体）,4,0.02,8.96,-0.6979752,0.2330826,1.548208,3.596391,-8.706177,21.07131,0.0154747
初号机（完全体）,4,0.02,8.98,-0.52626,0.4202149,1.557551,3.596391,-6.302185,19.35934,0.0154747
初号机（完全体）,4,0.02,9,-0.2420438,0.5314113,1.562647,3.596391,-2.323181,16.4776,0.0154747
初号机（完全体）,4,0.02,9.02,0.05856002,0.5331501,1.561149,3.596391,1.885244,13.37526,0.0154747
初号机（完全体）,4,0.02,9.04,0.2882308,0.4468202,1.55432,3.596503,5.100682,10.97483,0.0154747
初号机（完全体）,4,0.02,9.059999,0.4618122,0.3383447,1.546349,3.596564,7.530844,9.146746,0.0154747
初号机（完全体）,4,0.02,9.08,0.5930022,0.2557154,1.540283,3.596595,9.367508,7.758611,0.0154747
初号机（完全体）,4,0.02,9.099999,0.6921535,0.1586038,1.537951,3.596606,10.75562,6.706368,0.0154747
初号机（完全体）,4,0.02,9.12,0.7669122,0.0009014306,1.541668,3.596604,11.80223,5.911473,0.0154747
初号机（完全体）,4,0.02,9.139999,0.7523009,-0.2043768,1.550074,3.596596,11.59767,6.066923,0.0154747
初号机（完全体）,4,0.02,9.16,0.5917157,-0.3985195,1.558961,3.596584,9.349492,7.772244,0.0154747
初号机（完全体）,4,0.02,9.179999,0.3159113,-0.5150144,1.563713,3.596571,5.488251,10.68406,0.0154747
初号机（完全体）,4,0.02,9.2,0.02166497,-0.5207575,1.561955,3.596558,1.368827,13.75871,0.0154747
初号机（完全体）,4,0.02,9.22,-0.2032009,-0.4374541,1.554929,3.596546,-1.779266,16.07969,0.0154747
初号机（完全体）,4,0.02,9.24,-0.3731508,-0.331266,1.546809,3.596535,-4.158569,17.81389,0.0154747
初号机（完全体）,4,0.02,9.26,-0.5015962,-0.2503654,1.54063,3.596525,-5.956787,19.1116,0.0154747
初号机（完全体）,4,0.02,9.28,-0.5986732,-0.1892221,1.535961,3.596518,-7.315857,20.08423,0.0154747
初号机（完全体）,4,0.02,9.3,-0.6720424,-0.1083493,1.534684,3.596511,-8.343018,20.81436,0.0154747
初号机（完全体）,4,0.02,9.32,-0.7273154,0.03708014,1.5392,3.596504,-9.116852,21.36143,0.0154747
初号机（完全体）,4,0.02,9.34,-0.6979765,0.2330826,1.548208,3.596499,-8.706116,21.07136,0.0154747
初号机（完全体）,4,0.02,9.36,-0.5262582,0.4202149,1.557551,3.596494,-6.302094,19.35937,0.0154747
初号机（完全体）,4,0.02,9.38,-0.2420384,0.5314113,1.562647,3.596491,-2.323029,16.47758,0.0154747
初号机（完全体）,4,0.02,9.4,0.05856939,0.5331501,1.561149,3.596489,1.885439,13.37521,0.0154747
初号机（完全体）,4,0.02,9.42,0.2882431,0.4468202,1.55432,3.596486,5.100844,10.97469,0.0154747
初号机（完全体）,4,0.02,9.44,0.4618267,0.3383447,1.546349,3.596484,7.530994,9.146555,0.0154747
初号机（完全体）,4,0.02,9.46,0.5930185,0.2557154,1.540283,3.596482,9.367661,7.758386,0.0154747
初号机（完全体）,4,0.02,9.48,0.692171,0.1586038,1.537951,3.596481,10.75578,6.706126,0.0154747
初号机（完全体）,4,0.02,9.5,0.7669308,0.0009014306,1.541668,3.59648,11.80241,5.911219,0.0154747
初号机（完全体）,4,0.02,9.52,0.7523184,-0.2043768,1.550074,3.596479,11.59784,6.066683,0.0154747
初号机（完全体）,4,0.02,9.54,0.5917301,-0.3985195,1.558961,3.596479,9.349624,7.772042,0.0154747
初号机（完全体）,4,0.02,9.559999,0.3159187,-0.5150144,1.563713,3.596478,5.488294,10.68395,0.0154747
初号机（完全体）,4,0.02,9.58,0.02166588,-0.5207575,1.561955,3.596478,1.368787,13.75866,0.0154747
初号机（完全体）,4,0.02,9.599999,-0.2032049,-0.4374541,1.554929,3.596478,-1.779388,16.0797,0.0154747
初号机（完全体）,4,0.02,9.62,-0.3731585,-0.331266,1.546809,3.596478,-4.158722,17.81395,0.0154747
初号机（完全体）,4,0.02,9.639999,-0.5016067,-0.2503654,1.54063,3.596478,-5.95697,19.11168,0.0154747
初号机（完全体）,4,0.02,9.66,-0.5986857,-0.1892221,1.535961,3.596478,-7.316071,20.08434,0.0154747
初号机（完全体）,4,0.02,9.679999,-0.6720565,-0.1083493,1.534684,3.596478,-8.343262,20.81448,0.0154747
初号机（完全体）,4,0.02,9.7,-0.7273307,0.03708014,1.5392,3.596478,-9.117096,21.36156,0.0154747
初号机（完全体）,4,0.02,9.719999,-0.6979916,0.2330826,1.548208,3.596478,-8.706329,21.0715,0.0154747
初号机（完全体）,4,0.02,9.74,-0.526273,0.4202149,1.557551,3.596478,-6.302307,19.3595,0.0154747
初号机（完全体）,4,0.02,9.76,-0.2420496,0.5314113,1.562647,3.596478,-2.323212,16.4777,0.0154747
初号机（完全体）,4,0.02,9.78,0.05856091,0.5331501,1.561149,3.596478,1.885313,13.37529,0.0154747
初号机（完全体）,4,0.02,9.8,0.2882367,0.4468202,1.55432,3.596478,5.100749,10.97476,0.0154747
初号机（完全体）,4,0.02,9.82,0.4618219,0.3383447,1.546349,3.596478,7.530922,9.146603,0.0154747
初号机（完全体）,4,0.02,9.84,0.5930148,0.2557154,1.540283,3.596478,9.367608,7.758423,0.0154747
初号机（完全体）,4,0.02,9.86,0.6921682,0.1586038,1.537951,3.596478,10.75574,6.706156,0.0154747
初号机（完全体）,4,0.02,9.88,0.7669286,0.0009014306,1.541668,3.596478,11.80238,5.911239,0.0154747
初号机（完全体）,4,0.02,9.9,0.7523168,-0.2043768,1.550074,3.596478,11.59782,6.0667,0.0154747
初号机（完全体）,4,0.02,9.92,0.5917289,-0.3985195,1.558961,3.596478,9.349607,7.772053,0.0154747
初号机（完全体）,4,0.02,9.94,0.3159178,-0.5150144,1.563713,3.596478,5.488281,10.68396,0.0154747
初号机（完全体）,4,0.02,9.96,0.0216652,-0.5207575,1.561955,3.596478,1.368777,13.75867,0.0154747
初号机（完全体）,4,0.02,9.98,-0.2032054,-0.4374541,1.554929,3.596478,-1.779388,16.0797,0.0154747
初号机（完全体）,-2,0.02,0,-8.530726E-19,-9.85658E-20,1.661509,-2.386154E-17,-1.272217,12.36129,1.623964E-05
初号机（完全体）,-2,0.02,0.02,-6.447384E-19,-7.449443E-20,1.661509,-0.09317023,-1.21167,12.40346,1.623964E-05
初号机（完全体）,-2,0.02,0.04,-4.872828E-19,-5.630168E-20,1.661509,-0.1919549,-1.147461,12.44816,3.199167E-05
初号机（完全体）,-2,0.02,0.06,-3.682804E-19,-4.255189E-20,1.661509,-0.2902317,-1.083588,12.49262,3.199167E-05
初号机（完全体）,-2,0.02,0.08,-6.23397E-05,0.01348719,1.648386,-0.3845118,-1.023163,12.53592,3.199167E-05
初号机（完全体）,-2,0.02,0.09999999,-0.001439274,0.04682584,1.647877,-0.4730232,-0.9849243,12.59032,3.470496E-05
初号机（完全体）,-2,0.02,0.12,-0.00662883,0.1016589,1.644477,-0.5550844,-1.004211,12.68156,3.470496E-05
初号机（完全体）,-2,0.02,0.14,-0.01824305,0.1734513,1.635715,-0.6306798,-1.117676,12.83683,3.470496E-05
初号机（完全体）,-2,0.02,0.16,-0.03815265,0.2518656,1.621797,-0.7001775,-1.351257,13.07565,3.470496E-05
初号机（完全体）,-2,0.02,0.18,-0.0668405,0.3228934,1.605869,-0.7641441,-1.711304,13.40302,3.470496E-05
初号机（完全体）,-2,0.02,0.2,-0.1029131,0.3722511,1.590543,-0.8232273,-2.177917,13.80438,0.002319451
初号机（完全体）,-2,0.02,0.22,-0.1427313,0.3892389,1.575485,-0.8780832,-2.699707,14.2419,0.01059026
初号机（完全体）,-2,0.02,0.24,-0.1815052,0.3701177,1.559566,-0.9293348,-3.209229,14.66607,0.01513915
初号机（完全体）,-2,0.02,0.26,-0.2189911,0.3201309,1.542317,-0.9775485,-3.702667,15.0747,0.01513915
初号机（完全体）,-2,0.02,0.28,-0.2473224,0.2525065,1.537922,-1.023226,-4.069611,15.38708,0.01513915
初号机（完全体）,-2,0.02,0.3,-0.2687347,0.1908403,1.533913,-1.066803,-4.341064,15.62686,0.01513915
初号机（完全体）,-2,0.02,0.32,-0.2849178,0.144234,1.530884,-1.108649,-4.540436,15.81183,0.01513915
初号机（完全体）,-2,0.02,0.34,-0.2971487,0.0963845,1.529415,-1.149076,-4.685394,15.95543,0.01513915
初号机（完全体）,-2,0.02,0.36,-0.3063926,0.02495567,1.530597,-1.188347,-4.789276,16.06775,0.01513915
初号机（完全体）,-2,0.02,0.38,-0.313379,-0.07964139,1.53478,-1.226675,-4.862152,16.15643,0.01513915
初号机（完全体）,-2,0.02,0.4,-0.3160543,-0.2141878,1.541549,-1.264239,-4.875214,16.20055,0.01513915
初号机（完全体）,-2,0.02,0.42,-0.3071509,-0.3647754,1.549843,-1.301181,-4.726532,16.12568,0.01513915
初号机（完全体）,-2,0.02,0.44,-0.283796,-0.5107808,1.558204,-1.33762,-4.375885,15.90222,0.01513915
初号机（完全体）,-2,0.02,0.46,-0.2469025,-0.6299599,1.565097,-1.373651,-3.835968,15.53906,0.01513915
初号机（完全体）,-2,0.02,0.48,-0.2002454,-0.7036749,1.569244,-1.409349,-3.159576,15.07435,0.01513915
初号机（完全体）,-2,0.02,0.5,-0.149762,-0.7212225,1.569897,-1.444777,-2.429779,14.56882,0.01513915
初号机（完全体）,-2,0.02,0.52,-0.1030243,-0.6824052,1.567005,-1.479983,-1.752563,14.10073,0.01513915
初号机（完全体）,-2,0.02,0.54,-0.06681637,-0.5978433,1.56123,-1.515007,-1.2229,13.74086,0.01532244
初号机（完全体）,-2,0.02,0.56,-0.03945104,-0.4869831,1.553814,-1.549879,-0.8171082,13.47226,0.01532244
初号机（完全体）,-2,0.02,0.58,-0.01876876,-0.3742304,1.546326,-1.584626,-0.5049744,13.27282,0.01532244
初号机（完全体）,-2,0.02,0.6,-0.00313743,-0.2828373,1.540265,-1.619266,-0.2636414,13.12576,0.01532244
初号机（完全体）,-2,0.02,0.62,0.008676475,-0.2137638,1.535685,-1.653814,-0.07577515,13.01832,0.01532244
初号机（完全体）,-2,0.02,0.64,0.01760523,-0.1468701,1.533177,-1.688283,0.07162118,12.94086,0.01532244
初号机（完全体）,-2,0.02,0.66,0.02435344,-0.05577978,1.533917,-1.722684,0.1884554,12.88607,0.01532244
初号机（完全体）,-2,0.02,0.68,0.02945363,0.06969015,1.538157,-1.757023,0.2821775,12.84842,0.01532244
初号机（完全体）,-2,0.02,0.7,0.02500092,0.2236122,1.545202,-1.791306,0.242124,12.91031,0.01532244
初号机（完全体）,-2,0.02,0.72,-0.0009063161,0.387289,1.553605,-1.825535,-0.09832764,13.19557,0.01532244
初号机（完全体）,-2,0.02,0.74,-0.05118942,0.5351987,1.561528,-1.859719,-0.7800598,13.7337,0.01532244
初号机（完全体）,-2,0.02,0.76,-0.1219639,0.6422284,1.567208,-1.89386,-1.748718,14.48257,0.01532244
初号机（完全体）,-2,0.02,0.78,-0.2042017,0.6905432,1.569382,-1.927959,-2.877869,15.34675,0.01532244
初号机（完全体）,-2,0.02,0.8,-0.284987,0.6745013,1.56761,-1.962016,-3.986725,16.19204,0.01532244
初号机（完全体）,-2,0.02,0.82,-0.3498448,0.6024836,1.562377,-1.996036,-4.872589,16.87066,0.01532244
初号机（完全体）,-2,0.02,0.84,-0.3988633,0.495234,1.554989,-2.030015,-5.536774,17.38533,0.01532244
初号机（完全体）,-2,0.02,0.86,-0.4359107,0.3811385,1.547258,-2.063959,-6.033356,17.77683,0.01532244
初号机（完全体）,-2,0.02,0.88,-0.4639105,0.2880583,1.540969,-2.097868,-6.40332,18.07567,0.01532244
初号机（完全体）,-2,0.02,0.9,-0.4850723,0.2011415,1.537294,-2.13174,-6.677551,18.30475,0.01532244
初号机（完全体）,-2,0.02,0.92,-0.501066,0.09024246,1.537454,-2.165576,-6.879486,18.48124,0.01532244
初号机（完全体）,-2,0.02,0.94,-0.5127268,-0.05515402,1.541578,-2.199379,-7.020752,18.61378,0.01532244
初号机（完全体）,-2,0.02,0.96,-0.4963104,-0.226284,1.548676,-2.233145,-6.768982,18.46278,0.01532244
初号机（完全体）,-2,0.02,0.98,-0.4301402,-0.3999046,1.556919,-2.266881,-5.820679,17.80751,0.01532244
初号机（完全体）,-2,0.02,1,-0.3123827,-0.5464321,1.564143,-2.300578,-4.150177,16.62272,0.01532244
初号机（完全体）,-2,0.02,1.02,-0.1562014,-0.6393534,1.568445,-2.301812,-1.96286,15.01894,0.01532244
初号机（完全体）,-2,0.02,1.04,0.01390562,-0.6634667,1.568699,-2.273003,0.3998917,13.24322,0.01532244
初号机（完全体）,-2,0.02,1.06,0.1648738,-0.6197971,1.564868,-2.228626,2.484586,11.64688,0.01532244
初号机（完全体）,-2,0.02,1.08,0.2790564,-0.5259153,1.558015,-2.177908,4.050163,10.42517,0.01544426
初号机（完全体）,-2,0.02,1.1,0.3653537,-0.4116216,1.550019,-2.126521,5.224915,9.492525,0.01544426
初号机（完全体）,-2,0.02,1.12,0.4305758,-0.3110969,1.543056,-2.07776,6.106321,8.781359,0.01544426
初号机（完全体）,-2,0.02,1.14,0.4798697,-0.235122,1.537794,-2.033368,6.767575,8.239487,0.01544426
初号机（完全体）,-2,0.02,1.16,0.5171251,-0.1600481,1.534964,-1.994085,7.263613,7.826815,0.01544426
初号机（完全体）,-2,0.02,1.18,0.5452822,-0.05545304,1.535936,-1.96004,7.635681,7.51265,0.01544426
初号机（完全体）,-2,0.02,1.2,0.5651607,0.08781891,1.540845,-1.930999,7.895101,7.288414,0.01544426
初号机（完全体）,-2,0.02,1.22,0.5460909,0.2581186,1.548587,-1.906534,7.612224,7.479482,0.01544426
初号机（完全体）,-2,0.02,1.24,0.4655214,0.42871,1.55716,-1.886132,6.470999,8.32384,0.01544426
初号机（完全体）,-2,0.02,1.26,0.3245173,0.567277,1.564265,-1.86926,4.48599,9.805616,0.01544426
初号机（完全体）,-2,0.02,1.28,0.1419924,0.6466089,1.567985,-1.855403,1.921656,11.71714,0.01544426
初号机（完全体）,-2,0.02,1.3,-0.04964905,0.6534832,1.567346,-1.844092,-0.7686462,13.71067,0.01544426
初号机（完全体）,-2,0.02,1.32,-0.2092655,0.593255,1.56261,-1.834904,-3.009247,15.35738,0.01544426
初号机（完全体）,-2,0.02,1.34,-0.329901,0.4888885,1.555206,-1.827476,-4.702942,16.59222,0.01544426
初号机（完全体）,-2,0.02,1.36,-0.4210754,0.3747545,1.547319,-1.821493,-5.983276,17.51936,0.01544426
初号机（完全体）,-2,0.02,1.38,-0.4899835,0.2832334,1.541016,-1.816692,-6.951111,18.21631,0.01544426
初号机（完全体）,-2,0.02,1.4,-0.5420632,0.1964099,1.537399,-1.81285,-7.682709,18.74076,0.01544426
初号机（完全体）,-2,0.02,1.42,-0.5814241,0.08293471,1.537776,-1.809785,-8.235748,19.13575,0.01544426
初号机（完全体）,-2,0.02,1.44,-0.609805,-0.06704872,1.542236,-1.807345,-8.634674,19.41975,0.01544426
初号机（完全体）,-2,0.02,1.46,-0.598004,-0.2424208,1.549638,-1.805408,-8.470703,19.30045,0.01544426
初号机（完全体）,-2,0.02,1.48,-0.5245637,-0.4168459,1.557954,-1.803866,-7.443542,18.56025,0.01544426
初号机（完全体）,-2,0.02,1.5,-0.3909282,-0.5583103,1.564866,-1.802647,-5.573456,17.2042,0.01544426
初号机（完全体）,-2,0.02,1.52,-0.2158503,-0.639832,1.568439,-1.801687,-3.123016,15.41036,0.01544426
初号机（完全体）,-2,0.02,1.54,-0.03116446,-0.6483613,1.567689,-1.800931,-0.5379333,13.49921,0.01544426
初号机（完全体）,-2,0.02,1.56,0.1228297,-0.589384,1.56287,-1.800336,1.617587,11.89276,0.01544426
初号机（完全体）,-2,0.02,1.58,0.239216,-0.4859629,1.555402,-1.799869,3.246678,10.67185,0.01544426
初号机（完全体）,-2,0.02,1.6,0.3271789,-0.3725434,1.547467,-1.799503,4.477911,9.745692,0.01544426
初号机（完全体）,-2,0.02,1.62,0.3936598,-0.2815622,1.541127,-1.799216,5.40845,9.043938,0.01544426
初号机（完全体）,-2,0.02,1.64,0.443905,-0.2128002,1.536336,-1.798991,6.11173,8.512629,0.01544426
初号机（完全体）,-2,0.02,1.66,0.4818795,-0.1431776,1.533863,-1.798815,6.643256,8.110575,0.01544426
初号机（完全体）,-2,0.02,1.68,0.5105801,-0.04270262,1.535104,-1.798678,7.044971,7.806439,0.01544426
初号机（完全体）,-2,0.02,1.7,0.5309606,0.09745548,1.540216,-1.798571,7.330225,7.59033,0.01544426
初号机（完全体）,-2,0.02,1.72,0.5144885,0.2654018,1.548111,-1.798487,7.099565,7.764924,0.01544426
初号机（完全体）,-2,0.02,1.74,0.440187,0.4342146,1.5568,-1.798422,6.059309,8.551705,0.01544426
初号机（完全体）,-2,0.02,1.76,0.3091325,0.5714372,1.563994,-1.798372,4.224528,9.935376,0.01544426
初号机（完全体）,-2,0.02,1.78,0.1390698,0.6497532,1.56778,-1.798333,1.843643,11.72185,0.01544426
初号机（完全体）,-2,0.02,1.8,-0.03965949,0.6558595,1.567191,-1.798302,-0.6585693,13.5863,0.01544426
初号机（完全体）,-2,0.02,1.82,-0.1885556,0.5950511,1.562493,-1.798278,-2.743103,15.1276,0.01544426
初号机（完全体）,-2,0.02,1.84,-0.3010889,0.4902459,1.555118,-1.798259,-4.318573,16.28433,0.01544426
初号机（完全体）,-2,0.02,1.86,-0.3861397,0.3757804,1.547252,-1.798245,-5.509277,17.15346,0.01544426
初号机（完全体）,-2,0.02,1.88,-0.4504197,0.2840087,1.540965,-1.798234,-6.40921,17.80722,0.01544426
初号机（完全体）,-2,0.02,1.9,-0.4990015,0.1969959,1.537361,-1.798225,-7.089355,18.29946,0.01544426
初号机（完全体）,-2,0.02,1.92,-0.5357189,0.0833776,1.537748,-1.798218,-7.603394,18.67037,0.01544426
初号机（完全体）,-2,0.02,1.94,-0.5621583,-0.06671399,1.542214,-1.798213,-7.973541,18.93685,0.01544426
初号机（完全体）,-2,0.02,1.96,-0.5502657,-0.2421678,1.549621,-1.79821,-7.807068,18.81705,0.01544426
初号机（完全体）,-2,0.02,1.98,-0.4794251,-0.4166547,1.557941,-1.798206,-6.815308,18.1013,0.01544426
初号机（完全体）,-2,0.02,2,-0.3509867,-0.5581658,1.564856,-1.798204,-5.017181,16.79477,0.01544426
初号机（完全体）,-2,0.02,2.02,-0.1829011,-0.6397228,1.568432,-1.798202,-2.664001,15.06925,0.01544426
初号机（完全体）,-2,0.02,2.04,-0.005666238,-0.6482788,1.567683,-1.7982,-0.1827393,13.23279,0.01544426
初号机（完全体）,-2,0.02,2.06,0.1421004,-0.5893216,1.562865,-1.798199,1.885985,11.69005,0.01544426
初号机（完全体）,-2,0.02,2.08,0.2537801,-0.4859157,1.555399,-1.798198,3.449488,10.51797,0.01544426
初号机（完全体）,-2,0.02,2.1,0.3381858,-0.3725078,1.547464,-1.798198,4.631158,9.629032,0.01544426
初号机（完全体）,-2,0.02,2.12,0.4019782,-0.2815353,1.541126,-1.798197,5.524244,8.955582,0.01544426
初号机（完全体）,-2,0.02,2.14,0.4501915,-0.2127798,1.536335,-1.798197,6.199224,8.445752,0.01544426
初号机（完全体）,-2,0.02,2.16,0.4866303,-0.1431623,1.533862,-1.798197,6.709363,8.059978,0.01544426
初号机（完全体）,-2,0.02,2.18,0.5141702,-0.042691,1.535103,-1.798196,7.09492,7.768167,0.01544426
初号机（完全体）,-2,0.02,2.2,0.5336735,0.09746426,1.540215,-1.798196,7.367963,7.561386,0.01544426
初号机（完全体）,-2,0.02,2.22,0.5165385,0.2654084,1.54811,-1.798196,7.128075,7.743063,0.01544426
初号机（完全体）,-2,0.02,2.24,0.441736,0.4342196,1.5568,-1.798196,6.080848,8.535213,0.01544426
初号机（完全体）,-2,0.02,2.26,0.3103032,0.571441,1.563993,-1.798196,4.240803,9.922957,0.01544426
初号机（完全体）,-2,0.02,2.28,0.1399547,0.649756,1.56778,-1.798196,1.855942,11.71252,0.01544426
初号机（完全体）,-2,0.02,2.3,-0.03899058,0.6558617,1.567191,-1.798196,-0.6492615,13.5793,0.01544426
初号机（完全体）,-2,0.02,2.32,-0.1880499,0.5950527,1.562493,-1.798196,-2.736084,15.12235,0.01544426
初号机（完全体）,-2,0.02,2.34,-0.3007065,0.4902471,1.555117,-1.798196,-4.313263,16.28039,0.01544426
初号机（完全体）,-2,0.02,2.36,-0.3858506,0.3757814,1.547252,-1.798196,-5.50528,17.1505,0.01544426
初号机（完全体）,-2,0.02,2.38,-0.4502011,0.2840094,1.540965,-1.798196,-6.406158,17.80499,0.01544426
初号机（完全体）,-2,0.02,2.4,-0.4988361,0.1969965,1.537361,-1.798196,-7.087067,18.29777,0.01544426
初号机（完全体）,-2,0.02,2.42,-0.5355937,0.08337799,1.537748,-1.798196,-7.601654,18.6691,0.01544426
初号机（完全体）,-2,0.02,2.44,-0.5620636,-0.06671369,1.542214,-1.798196,-7.972229,18.93589,0.01544426
初号机（完全体）,-2,0.02,2.46,-0.5501938,-0.2421676,1.549621,-1.798196,-7.806061,18.81632,0.01544426
初号机（完全体）,-2,0.02,2.48,-0.4793708,-0.4166546,1.557941,-1.798196,-6.814545,18.10074,0.01544426
初号机（完全体）,-2,0.02,2.5,-0.3509456,-0.5581657,1.564856,-1.798196,-5.016602,16.79434,0.01544426
初号机（完全体）,-2,0.02,2.52,-0.18287,-0.6397227,1.568432,-1.798196,-2.663574,15.06893,0.01544426
初号机（完全体）,-2,0.02,2.54,-0.005642746,-0.6482787,1.567683,-1.798196,-0.1824036,13.23254,0.01544426
初号机（完全体）,-2,0.02,2.56,0.1421182,-0.5893216,1.562865,-1.798196,1.886232,11.68986,0.01544426
初号机（完全体）,-2,0.02,2.58,0.2537935,-0.4859156,1.555399,-1.798196,3.449673,10.51783,0.01544426
初号机（完全体）,-2,0.02,2.6,0.3381959,-0.3725077,1.547464,-1.798196,4.631298,9.628927,0.01544426
初号机（完全体）,-2,0.02,2.62,0.4019859,-0.2815353,1.541126,-1.798196,5.524352,8.955501,0.01544426
初号机（完全体）,-2,0.02,2.64,0.4501972,-0.2127798,1.536335,-1.798196,6.199304,8.445691,0.01544426
初号机（完全体）,-2,0.02,2.66,0.4866346,-0.1431622,1.533862,-1.798196,6.709424,8.05993,0.01544426
初号机（完全体）,-2,0.02,2.68,0.5141734,-0.04269097,1.535103,-1.798196,7.094965,7.768131,0.01544426
初号机（完全体）,-2,0.02,2.7,0.533676,0.09746428,1.540215,-1.798196,7.367998,7.561361,0.01544426
初号机（完全体）,-2,0.02,2.72,0.5165404,0.2654084,1.54811,-1.798196,7.128101,7.743041,0.01544426
初号机（完全体）,-2,0.02,2.74,0.4417374,0.4342196,1.5568,-1.798196,6.080868,8.535198,0.01544426
初号机（完全体）,-2,0.02,2.76,0.3103042,0.5714411,1.563993,-1.798196,4.240817,9.922949,0.01544426
初号机（完全体）,-2,0.02,2.78,0.1399552,0.649756,1.56778,-1.798196,1.855949,11.71251,0.01544426
初号机（完全体）,-2,0.02,2.8,-0.03899027,0.6558617,1.567191,-1.798196,-0.6492615,13.5793,0.01544426
初号机（完全体）,-2,0.02,2.82,-0.1880498,0.5950527,1.562493,-1.798196,-2.736084,15.12235,0.01544426
初号机（完全体）,-2,0.02,2.84,-0.3007066,0.4902472,1.555117,-1.798196,-4.313263,16.28039,0.01544426
初号机（完全体）,-2,0.02,2.86,-0.3858508,0.3757814,1.547252,-1.798196,-5.50528,17.1505,0.01544426
初号机（完全体）,-2,0.02,2.88,-0.4502013,0.2840095,1.540965,-1.798196,-6.406189,17.80499,0.01544426
初号机（完全体）,-2,0.02,2.9,-0.4988365,0.1969965,1.537361,-1.798196,-7.087067,18.29777,0.01544426
初号机（完全体）,-2,0.02,2.92,-0.5355941,0.08337802,1.537748,-1.798196,-7.601654,18.6691,0.01544426
初号机（完全体）,-2,0.02,2.94,-0.562064,-0.06671368,1.542214,-1.798196,-7.972229,18.9359,0.01544426
初号机（完全体）,-2,0.02,2.96,-0.5501943,-0.2421676,1.549621,-1.798196,-7.806061,18.81632,0.01544426
初号机（完全体）,-2,0.02,2.98,-0.4793712,-0.4166546,1.557941,-1.798196,-6.814545,18.10075,0.01544426
初号机（完全体）,-2,0.02,3,-0.3509459,-0.5581657,1.564856,-1.798196,-5.016602,16.79435,0.01544426
初号机（完全体）,-2,0.02,3.02,-0.1828702,-0.6397227,1.568432,-1.798196,-2.663574,15.06893,0.01544426
初号机（完全体）,-2,0.02,3.04,-0.005642965,-0.6482787,1.567683,-1.798196,-0.1824036,13.23254,0.01544426
初号机（完全体）,-2,0.02,3.06,0.142118,-0.5893216,1.562865,-1.798196,1.886229,11.68987,0.01544426
初号机（完全体）,-2,0.02,3.08,0.2537934,-0.4859156,1.555399,-1.798196,3.449672,10.51783,0.01544426
初号机（完全体）,-2,0.02,3.1,0.3381958,-0.3725077,1.547464,-1.798196,4.631296,9.628927,0.01544426
初号机（完全体）,-2,0.02,3.12,0.4019858,-0.2815353,1.541126,-1.798196,5.52435,8.955502,0.01544426
初号机（完全体）,-2,0.02,3.14,0.4501972,-0.2127798,1.536335,-1.798196,6.199304,8.445691,0.01544426
初号机（完全体）,-2,0.02,3.16,0.4866346,-0.1431622,1.533862,-1.798196,6.709424,8.05993,0.01544426
初号机（完全体）,-2,0.02,3.18,0.5141734,-0.04269097,1.535103,-1.798196,7.094964,7.76813,0.01544426
初号机（完全体）,-2,0.02,3.2,0.5336758,0.09746428,1.540215,-1.798196,7.367997,7.561362,0.01544426
初号机（完全体）,-2,0.02,3.22,0.5165402,0.2654084,1.54811,-1.798196,7.128098,7.743042,0.01544426
初号机（完全体）,-2,0.02,3.24,0.4417373,0.4342196,1.5568,-1.798196,6.080867,8.535199,0.01544426
初号机（完全体）,-2,0.02,3.26,0.3103041,0.5714411,1.563993,-1.798196,4.240816,9.92295,0.01544426
初号机（完全体）,-2,0.02,3.28,0.1399552,0.649756,1.56778,-1.798196,1.85595,11.71251,0.01544426
初号机（完全体）,-2,0.02,3.3,-0.03899007,0.6558617,1.567191,-1.798196,-0.6492615,13.5793,0.01544426
初号机（完全体）,-2,0.02,3.32,-0.1880495,0.5950527,1.562493,-1.798196,-2.736084,15.12235,0.01544426
初号机（完全体）,-2,0.02,3.34,-0.3007062,0.4902472,1.555117,-1.798196,-4.313263,16.28038,0.01544426
初号机（完全体）,-2,0.02,3.36,-0.3858503,0.3757814,1.547252,-1.798196,-5.50528,17.1505,0.01544426
初号机（完全体）,-2,0.02,3.38,-0.4502009,0.2840095,1.540965,-1.798196,-6.406158,17.80499,0.01544426
初号机（完全体）,-2,0.02,3.4,-0.498836,0.1969965,1.537361,-1.798196,-7.087067,18.29777,0.01544426
初号机（完全体）,-2,0.02,3.42,-0.5355936,0.08337802,1.537748,-1.798196,-7.601654,18.6691,0.01544426
初号机（完全体）,-2,0.02,3.44,-0.5620634,-0.06671368,1.542214,-1.798196,-7.972229,18.93589,0.01544426
初号机（完全体）,-2,0.02,3.46,-0.5501937,-0.2421676,1.549621,-1.798196,-7.806061,18.81632,0.01544426
初号机（完全体）,-2,0.02,3.48,-0.4793706,-0.4166546,1.557941,-1.798196,-6.814545,18.10074,0.01544426
初号机（完全体）,-2,0.02,3.5,-0.3509453,-0.5581657,1.564856,-1.798196,-5.016602,16.79434,0.01544426
初号机（完全体）,-2,0.02,3.52,-0.1828698,-0.6397227,1.568432,-1.798196,-2.663574,15.06893,0.01544426
初号机（完全体）,-2,0.02,3.54,-0.005642627,-0.6482787,1.567683,-1.798196,-0.1824036,13.23254,0.01544426
初号机（完全体）,-2,0.02,3.56,0.1421183,-0.5893216,1.562865,-1.798196,1.886233,11.68986,0.01544426
初号机（完全体）,-2,0.02,3.58,0.2537936,-0.4859156,1.555399,-1.798196,3.449675,10.51783,0.01544426
初号机（完全体）,-2,0.02,3.6,0.3381959,-0.3725077,1.547464,-1.798196,4.631299,9.628926,0.01544426
初号机（完全体）,-2,0.02,3.62,0.4019859,-0.2815353,1.541126,-1.798196,5.524352,8.955499,0.01544426
初号机（完全体）,-2,0.02,3.64,0.4501973,-0.2127798,1.536335,-1.798196,6.199306,8.445688,0.01544426
初号机（完全体）,-2,0.02,3.66,0.4866347,-0.1431622,1.533862,-1.798196,6.709424,8.059929,0.01544426
初号机（完全体）,-2,0.02,3.68,0.5141734,-0.04269097,1.535103,-1.798196,7.094965,7.768131,0.01544426
初号机（完全体）,-2,0.02,3.7,0.5336758,0.09746428,1.540215,-1.798196,7.367997,7.561362,0.01544426
初号机（完全体）,-2,0.02,3.72,0.5165402,0.2654084,1.54811,-1.798196,7.128099,7.743042,0.01544426
初号机（完全体）,-2,0.02,3.74,0.4417373,0.4342196,1.5568,-1.798196,6.080867,8.535199,0.01544426
初号机（完全体）,-2,0.02,3.76,0.3103041,0.5714411,1.563993,-1.798196,4.240816,9.92295,0.01544426
初号机（完全体）,-2,0.02,3.78,0.1399552,0.649756,1.56778,-1.798196,1.85595,11.71251,0.01544426
初号机（完全体）,-2,0.02,3.8,-0.03899007,0.6558617,1.567191,-1.798196,-0.6492615,13.5793,0.01544426
初号机（完全体）,-2,0.02,3.82,-0.1880495,0.5950527,1.562493,-1.798196,-2.736084,15.12235,0.01544426
初号机（完全体）,-2,0.02,3.84,-0.3007062,0.4902472,1.555117,-1.798196,-4.313263,16.28038,0.01544426
初号机（完全体）,-2,0.02,3.86,-0.3858503,0.3757814,1.547252,-1.798196,-5.50528,17.1505,0.01544426
初号机（完全体）,-2,0.02,3.88,-0.4502009,0.2840095,1.540965,-1.798196,-6.406158,17.80499,0.01544426
初号机（完全体）,-2,0.02,3.9,-0.498836,0.1969965,1.537361,-1.798196,-7.087067,18.29777,0.01544426
初号机（完全体）,-2,0.02,3.92,-0.5355936,0.08337802,1.537748,-1.798196,-7.601654,18.6691,0.01544426
初号机（完全体）,-2,0.02,3.94,-0.5620634,-0.06671368,1.542214,-1.798196,-7.972229,18.93589,0.01544426
初号机（完全体）,-2,0.02,3.96,-0.5501937,-0.2421676,1.549621,-1.798196,-7.806061,18.81632,0.01544426
初号机（完全体）,-2,0.02,3.98,-0.4793706,-0.4166546,1.557941,-1.798196,-6.814545,18.10074,0.01544426
初号机（完全体）,-2,0.02,4,-0.3509453,-0.5581657,1.564856,-1.798196,-5.016602,16.79434,0.01544426
初号机（完全体）,-2,0.02,4.02,-0.1828698,-0.6397227,1.568432,-1.798196,-2.663574,15.06893,0.01544426
初号机（完全体）,-2,0.02,4.04,-0.005642627,-0.6482787,1.567683,-1.798196,-0.1824036,13.23254,0.01544426
初号机（完全体）,-2,0.02,4.06,0.1421183,-0.5893216,1.562865,-1.798196,1.886233,11.68986,0.01544426
初号机（完全体）,-2,0.02,4.08,0.2537936,-0.4859156,1.555399,-1.798196,3.449675,10.51783,0.01544426
初号机（完全体）,-2,0.02,4.1,0.3381959,-0.3725077,1.547464,-1.798196,4.631299,9.628926,0.01544426
初号机（完全体）,-2,0.02,4.12,0.4019859,-0.2815353,1.541126,-1.798196,5.524352,8.955499,0.01544426
初号机（完全体）,-2,0.02,4.14,0.4501973,-0.2127798,1.536335,-1.798196,6.199306,8.445688,0.01544426
初号机（完全体）,-2,0.02,4.16,0.4866347,-0.1431622,1.533862,-1.798196,6.709424,8.059929,0.01544426
初号机（完全体）,-2,0.02,4.18,0.5141734,-0.04269097,1.535103,-1.798196,7.094965,7.768131,0.01544426
初号机（完全体）,-2,0.02,4.2,0.5336758,0.09746428,1.540215,-1.798196,7.367997,7.561362,0.01544426
初号机（完全体）,-2,0.02,4.22,0.5165402,0.2654084,1.54811,-1.798196,7.128098,7.743042,0.01544426
初号机（完全体）,-2,0.02,4.24,0.4417373,0.4342196,1.5568,-1.798196,6.080867,8.535199,0.01544426
初号机（完全体）,-2,0.02,4.26,0.3103041,0.5714411,1.563993,-1.798196,4.240816,9.92295,0.01544426
初号机（完全体）,-2,0.02,4.28,0.1399552,0.649756,1.56778,-1.798196,1.855951,11.71251,0.01544426
初号机（完全体）,-2,0.02,4.3,-0.03899007,0.6558617,1.567191,-1.798196,-0.6492615,13.5793,0.01544426
初号机（完全体）,-2,0.02,4.32,-0.1880495,0.5950527,1.562493,-1.798196,-2.736084,15.12235,0.01544426
初号机（完全体）,-2,0.02,4.34,-0.3007062,0.4902472,1.555117,-1.798196,-4.313263,16.28038,0.01544426
初号机（完全体）,-2,0.02,4.36,-0.3858503,0.3757814,1.547252,-1.798196,-5.50528,17.1505,0.01544426
初号机（完全体）,-2,0.02,4.38,-0.4502009,0.2840095,1.540965,-1.798196,-6.406158,17.80499,0.01544426
初号机（完全体）,-2,0.02,4.4,-0.498836,0.1969965,1.537361,-1.798196,-7.087067,18.29777,0.01544426
初号机（完全体）,-2,0.02,4.42,-0.5355936,0.08337802,1.537748,-1.798196,-7.601654,18.6691,0.01544426
初号机（完全体）,-2,0.02,4.44,-0.5620634,-0.06671368,1.542214,-1.798196,-7.972229,18.93589,0.01544426
初号机（完全体）,-2,0.02,4.46,-0.5501937,-0.2421676,1.549621,-1.798196,-7.806061,18.81632,0.01544426
初号机（完全体）,-2,0.02,4.48,-0.4793706,-0.4166546,1.557941,-1.798196,-6.814545,18.10074,0.01544426
初号机（完全体）,-2,0.02,4.5,-0.3509453,-0.5581657,1.564856,-1.798224,-5.016571,16.79436,0.01544426
初号机（完全体）,-2,0.02,4.52,-0.1828698,-0.6397227,1.568432,-1.798212,-2.663544,15.06893,0.01544426
初号机（完全体）,-2,0.02,4.54,-0.005642627,-0.6482787,1.567683,-1.798204,-0.1824036,13.23254,0.01544426
初号机（完全体）,-2,0.02,4.56,0.1421183,-0.5893216,1.562865,-1.798199,1.886235,11.68986,0.01544426
初号机（完全体）,-2,0.02,4.58,0.2537936,-0.4859156,1.555399,-1.798196,3.449675,10.51783,0.01544426
初号机（完全体）,-2,0.02,4.6,0.3381959,-0.3725077,1.547464,-1.798194,4.631297,9.628924,0.01544426
初号机（完全体）,-2,0.02,4.62,0.4019859,-0.2815353,1.541126,-1.798193,5.52435,8.955498,0.01544426
初号机（完全体）,-2,0.02,4.64,0.4501973,-0.2127798,1.536335,-1.798193,6.199304,8.445688,0.01544426
初号机（完全体）,-2,0.02,4.66,0.4866347,-0.1431622,1.533862,-1.798193,6.709422,8.059928,0.01544426
初号机（完全体）,-2,0.02,4.68,0.5141734,-0.04269097,1.535103,-1.798193,7.094963,7.76813,0.01544426
初号机（完全体）,-2,0.02,4.7,0.5336758,0.09746428,1.540215,-1.798193,7.367995,7.561361,0.01544426
初号机（完全体）,-2,0.02,4.72,0.5165402,0.2654084,1.54811,-1.798193,7.128097,7.743041,0.01544426
初号机（完全体）,-2,0.02,4.74,0.4417373,0.4342196,1.5568,-1.798194,6.080865,8.535199,0.01544426
初号机（完全体）,-2,0.02,4.76,0.3103041,0.5714411,1.563993,-1.798194,4.240815,9.92295,0.01544426
初号机（完全体）,-2,0.02,4.78,0.1399552,0.649756,1.56778,-1.798195,1.85595,11.71251,0.01544426
初号机（完全体）,-2,0.02,4.8,-0.03899007,0.6558617,1.567191,-1.798195,-0.6492615,13.5793,0.01544426
初号机（完全体）,-2,0.02,4.82,-0.1880495,0.5950527,1.562493,-1.798195,-2.736084,15.12235,0.01544426
初号机（完全体）,-2,0.02,4.84,-0.3007062,0.4902472,1.555117,-1.798195,-4.313263,16.28038,0.01544426
初号机（完全体）,-2,0.02,4.86,-0.3858503,0.3757814,1.547252,-1.798195,-5.50528,17.1505,0.01544426
初号机（完全体）,-2,0.02,4.88,-0.4502009,0.2840095,1.540965,-1.798196,-6.406158,17.80499,0.01544426
初号机（完全体）,-2,0.02,4.9,-0.498836,0.1969965,1.537361,-1.798196,-7.087067,18.29777,0.01544426
初号机（完全体）,-2,0.02,4.92,-0.5355936,0.08337802,1.537748,-1.798196,-7.601654,18.6691,0.01544426
初号机（完全体）,-2,0.02,4.94,-0.5620634,-0.06671368,1.542214,-1.798196,-7.972229,18.93589,0.01544426
初号机（完全体）,-2,0.02,4.96,-0.5501938,-0.2421676,1.549621,-1.798196,-7.806061,18.81632,0.01544426
初号机（完全体）,-2,0.02,4.98,-0.4793707,-0.4166546,1.557941,-1.798196,-6.814545,18.10074,0.01544426
初号机（完全体）,-2,0.02,5,-0.3509454,-0.5581657,1.564856,-1.798196,-5.016602,16.79434,0.01544426
初号机（完全体）,-2,0.02,5.02,-0.1828698,-0.6397227,1.568432,-1.798196,-2.663574,15.06893,0.01544426
初号机（完全体）,-2,0.02,5.04,-0.005642661,-0.6482787,1.567683,-1.798196,-0.1824036,13.23254,0.01544426
初号机（完全体）,-2,0.02,5.06,0.1421183,-0.5893216,1.562865,-1.798196,1.886232,11.68986,0.01544426
初号机（完全体）,-2,0.02,5.08,0.2537936,-0.4859156,1.555399,-1.798196,3.449675,10.51783,0.01544426
初号机（完全体）,-2,0.02,5.1,0.3381959,-0.3725077,1.547464,-1.798196,4.631299,9.628924,0.01544426
初号机（完全体）,-2,0.02,5.12,0.4019859,-0.2815353,1.541126,-1.798196,5.524352,8.955499,0.01544426
初号机（完全体）,-2,0.02,5.14,0.4501973,-0.2127798,1.536335,-1.798196,6.199305,8.445688,0.01544426
初号机（完全体）,-2,0.02,5.16,0.4866347,-0.1431622,1.533862,-1.798196,6.709424,8.059929,0.01544426
初号机（完全体）,-2,0.02,5.18,0.5141734,-0.04269097,1.535103,-1.798196,7.094965,7.768131,0.01544426
初号机（完全体）,-2,0.02,5.2,0.5336758,0.09746428,1.540215,-1.798196,7.367997,7.561362,0.01544426
初号机（完全体）,-2,0.02,5.22,0.5165404,0.2654084,1.54811,-1.798196,7.128101,7.743041,0.01544426
初号机（完全体）,-2,0.02,5.24,0.4417374,0.4342196,1.5568,-1.798196,6.080868,8.535198,0.01544426
初号机（完全体）,-2,0.02,5.26,0.3103042,0.5714411,1.563993,-1.798196,4.240817,9.922949,0.01544426
初号机（完全体）,-2,0.02,5.28,0.1399553,0.649756,1.56778,-1.798196,1.855951,11.71251,0.01544426
初号机（完全体）,-2,0.02,5.3,-0.03899001,0.6558617,1.567191,-1.798196,-0.6492615,13.5793,0.01544426
初号机（完全体）,-2,0.02,5.32,-0.1880495,0.5950527,1.562493,-1.798196,-2.736084,15.12235,0.01544426
初号机（完全体）,-2,0.02,5.34,-0.3007062,0.4902472,1.555117,-1.798196,-4.313263,16.28038,0.01544426
初号机（完全体）,-2,0.02,5.36,-0.3858503,0.3757814,1.547252,-1.798196,-5.50528,17.1505,0.01544426
初号机（完全体）,-2,0.02,5.38,-0.4502009,0.2840095,1.540965,-1.798196,-6.406158,17.80499,0.01544426
初号机（完全体）,-2,0.02,5.4,-0.498836,0.1969965,1.537361,-1.798196,-7.087067,18.29777,0.01544426
初号机（完全体）,-2,0.02,5.42,-0.5355936,0.08337802,1.537748,-1.798196,-7.601654,18.6691,0.01544426
初号机（完全体）,-2,0.02,5.44,-0.5620634,-0.06671368,1.542214,-1.798196,-7.972229,18.93589,0.01544426
初号机（完全体）,-2,0.02,5.46,-0.5501938,-0.2421676,1.549621,-1.798196,-7.806061,18.81632,0.01544426
初号机（完全体）,-2,0.02,5.48,-0.4793707,-0.4166546,1.557941,-1.798196,-6.814545,18.10074,0.01544426
初号机（完全体）,-2,0.02,5.5,-0.3509454,-0.5581657,1.564856,-1.798196,-5.016602,16.79434,0.01544426
初号机（完全体）,-2,0.02,5.52,-0.1828698,-0.6397227,1.568432,-1.798196,-2.663574,15.06893,0.01544426
初号机（完全体）,-2,0.02,5.54,-0.005642661,-0.6482787,1.567683,-1.798196,-0.1824036,13.23254,0.01544426
初号机（完全体）,-2,0.02,5.56,0.1421183,-0.5893216,1.562865,-1.798196,1.886232,11.68986,0.01544426
初号机（完全体）,-2,0.02,5.58,0.2537936,-0.4859156,1.555399,-1.798196,3.449675,10.51783,0.01544426
初号机（完全体）,-2,0.02,5.6,0.3381959,-0.3725077,1.547464,-1.798196,4.631299,9.628924,0.01544426
初号机（完全体）,-2,0.02,5.62,0.4019859,-0.2815353,1.541126,-1.798196,5.524352,8.955499,0.01544426
初号机（完全体）,-2,0.02,5.64,0.4501973,-0.2127798,1.536335,-1.798196,6.199305,8.445688,0.01544426
初号机（完全体）,-2,0.02,5.66,0.4866347,-0.1431622,1.533862,-1.798196,6.709424,8.059929,0.01544426
初号机（完全体）,-2,0.02,5.68,0.5141734,-0.04269097,1.535103,-1.798196,7.094965,7.768131,0.01544426
初号机（完全体）,-2,0.02,5.7,0.5336758,0.09746428,1.540215,-1.798196,7.367997,7.561362,0.01544426
初号机（完全体）,-2,0.02,5.72,0.5165404,0.2654084,1.54811,-1.798196,7.128101,7.743041,0.01544426
初号机（完全体）,-2,0.02,5.74,0.4417374,0.4342196,1.5568,-1.798196,6.080868,8.535198,0.01544426
初号机（完全体）,-2,0.02,5.76,0.3103042,0.5714411,1.563993,-1.798196,4.240816,9.922949,0.01544426
初号机（完全体）,-2,0.02,5.78,0.1399553,0.649756,1.56778,-1.798196,1.855951,11.71251,0.01544426
初号机（完全体）,-2,0.02,5.8,-0.03899001,0.6558617,1.567191,-1.798196,-0.6492615,13.5793,0.01544426
初号机（完全体）,-2,0.02,5.82,-0.1880495,0.5950527,1.562493,-1.798196,-2.736084,15.12235,0.01544426
初号机（完全体）,-2,0.02,5.84,-0.3007062,0.4902472,1.555117,-1.798196,-4.313263,16.28038,0.01544426
初号机（完全体）,-2,0.02,5.86,-0.3858503,0.3757814,1.547252,-1.798196,-5.50528,17.1505,0.01544426
初号机（完全体）,-2,0.02,5.88,-0.4502009,0.2840095,1.540965,-1.798196,-6.406158,17.80499,0.01544426
初号机（完全体）,-2,0.02,5.9,-0.498836,0.1969965,1.537361,-1.798196,-7.087067,18.29777,0.01544426
初号机（完全体）,-2,0.02,5.92,-0.5355936,0.08337802,1.537748,-1.798196,-7.601654,18.6691,0.01544426
初号机（完全体）,-2,0.02,5.94,-0.5620634,-0.06671368,1.542214,-1.798196,-7.972229,18.93589,0.01544426
初号机（完全体）,-2,0.02,5.96,-0.5501938,-0.2421676,1.549621,-1.798196,-7.806061,18.81632,0.01544426
初号机（完全体）,-2,0.02,5.98,-0.4793707,-0.4166546,1.557941,-1.798196,-6.814545,18.10074,0.01544426
初号机（完全体）,-2,0.02,6,-0.3509454,-0.5581657,1.564856,-1.798196,-5.016602,16.79434,0.01544426
初号机（完全体）,-2,0.02,6.02,-0.1828698,-0.6397227,1.568432,-1.798196,-2.663574,15.06893,0.01544426
初号机（完全体）,-2,0.02,6.04,-0.005642661,-0.6482787,1.567683,-1.798196,-0.1824036,13.23254,0.01544426
初号机（完全体）,-2,0.02,6.06,0.1421183,-0.5893216,1.562865,-1.798196,1.886232,11.68986,0.01544426
初号机（完全体）,-2,0.02,6.08,0.2537936,-0.4859156,1.555399,-1.798196,3.449675,10.51783,0.01544426
初号机（完全体）,-2,0.02,6.1,0.3381959,-0.3725077,1.547464,-1.798196,4.631299,9.628924,0.01544426
初号机（完全体）,-2,0.02,6.12,0.4019859,-0.2815353,1.541126,-1.798196,5.524352,8.955499,0.01544426
初号机（完全体）,-2,0.02,6.14,0.4501973,-0.2127798,1.536335,-1.798196,6.199306,8.445688,0.01544426
初号机（完全体）,-2,0.02,6.16,0.4866347,-0.1431622,1.533862,-1.798196,6.709424,8.059929,0.01544426
初号机（完全体）,-2,0.02,6.18,0.5141734,-0.04269097,1.535103,-1.798196,7.094965,7.768131,0.01544426
初号机（完全体）,-2,0.02,6.2,0.5336758,0.09746428,1.540215,-1.798196,7.367997,7.561362,0.01544426
初号机（完全体）,-2,0.02,6.22,0.5165404,0.2654084,1.54811,-1.798196,7.128101,7.743041,0.01544426
初号机（完全体）,-2,0.02,6.24,0.4417374,0.4342196,1.5568,-1.798196,6.080868,8.535198,0.01544426
初号机（完全体）,-2,0.02,6.26,0.3103042,0.5714411,1.563993,-1.798196,4.240817,9.922949,0.01544426
初号机（完全体）,-2,0.02,6.28,0.1399553,0.649756,1.56778,-1.798196,1.855951,11.71251,0.01544426
初号机（完全体）,-2,0.02,6.3,-0.03899001,0.6558617,1.567191,-1.798196,-0.6492615,13.5793,0.01544426
初号机（完全体）,-2,0.02,6.32,-0.1880495,0.5950527,1.562493,-1.798196,-2.736084,15.12235,0.01544426
初号机（完全体）,-2,0.02,6.34,-0.3007062,0.4902472,1.555117,-1.798196,-4.313263,16.28038,0.01544426
初号机（完全体）,-2,0.02,6.36,-0.3858503,0.3757814,1.547252,-1.798196,-5.50528,17.1505,0.01544426
初号机（完全体）,-2,0.02,6.38,-0.4502009,0.2840095,1.540965,-1.798196,-6.406158,17.80499,0.01544426
初号机（完全体）,-2,0.02,6.4,-0.498836,0.1969965,1.537361,-1.798196,-7.087067,18.29777,0.01544426
初号机（完全体）,-2,0.02,6.42,-0.5355936,0.08337802,1.537748,-1.798196,-7.601654,18.6691,0.01544426
初号机（完全体）,-2,0.02,6.44,-0.5620634,-0.06671368,1.542214,-1.798196,-7.972229,18.93589,0.01544426
初号机（完全体）,-2,0.02,6.46,-0.5501938,-0.2421676,1.549621,-1.798196,-7.806061,18.81632,0.01544426
初号机（完全体）,-2,0.02,6.48,-0.4793707,-0.4166546,1.557941,-1.798196,-6.814545,18.10074,0.01544426
初号机（完全体）,-2,0.02,6.5,-0.3509454,-0.5581657,1.564856,-1.798196,-5.016602,16.79434,0.01544426
初号机（完全体）,-2,0.02,6.52,-0.1828698,-0.6397227,1.568432,-1.798196,-2.663574,15.06893,0.01544426
初号机（完全体）,-2,0.02,6.54,-0.005642661,-0.6482787,1.567683,-1.798196,-0.1824036,13.23254,0.01544426
初号机（完全体）,-2,0.02,6.56,0.1421183,-0.5893216,1.562865,-1.798196,1.886232,11.68986,0.01544426
初号机（完全体）,-2,0.02,6.58,0.2537936,-0.4859156,1.555399,-1.798196,3.449675,10.51783,0.01544426
初号机（完全体）,-2,0.02,6.6,0.3381959,-0.3725077,1.547464,-1.798196,4.631299,9.628924,0.01544426
初号机（完全体）,-2,0.02,6.62,0.4019859,-0.2815353,1.541126,-1.798196,5.524352,8.955499,0.01544426
初号机（完全体）,-2,0.02,6.64,0.4501973,-0.2127798,1.536335,-1.798196,6.199305,8.445688,0.01544426
初号机（完全体）,-2,0.02,6.66,0.4866347,-0.1431622,1.533862,-1.798196,6.709424,8.059929,0.01544426
初号机（完全体）,-2,0.02,6.68,0.5141734,-0.04269097,1.535103,-1.798196,7.094965,7.768131,0.01544426
初号机（完全体）,-2,0.02,6.7,0.5336758,0.09746428,1.540215,-1.798196,7.367997,7.561362,0.01544426
初号机（完全体）,-2,0.02,6.72,0.5165404,0.2654084,1.54811,-1.798196,7.1281,7.743041,0.01544426
初号机（完全体）,-2,0.02,6.74,0.4417374,0.4342196,1.5568,-1.798196,6.080868,8.535198,0.01544426
初号机（完全体）,-2,0.02,6.76,0.3103042,0.5714411,1.563993,-1.798196,4.240817,9.922949,0.01544426
初号机（完全体）,-2,0.02,6.78,0.1399553,0.649756,1.56778,-1.798196,1.855951,11.71251,0.01544426
初号机（完全体）,-2,0.02,6.8,-0.03899001,0.6558617,1.567191,-1.798196,-0.6492615,13.5793,0.01544426
初号机（完全体）,-2,0.02,6.82,-0.1880495,0.5950527,1.562493,-1.798196,-2.736084,15.12235,0.01544426
初号机（完全体）,-2,0.02,6.84,-0.3007062,0.4902472,1.555117,-1.798196,-4.313263,16.28038,0.01544426
初号机（完全体）,-2,0.02,6.86,-0.3858503,0.3757814,1.547252,-1.798196,-5.50528,17.1505,0.01544426
初号机（完全体）,-2,0.02,6.88,-0.4502009,0.2840095,1.540965,-1.798196,-6.406158,17.80499,0.01544426
初号机（完全体）,-2,0.02,6.9,-0.498836,0.1969965,1.537361,-1.798196,-7.087067,18.29777,0.01544426
初号机（完全体）,-2,0.02,6.92,-0.5355936,0.08337802,1.537748,-1.798196,-7.601654,18.6691,0.01544426
初号机（完全体）,-2,0.02,6.94,-0.5620634,-0.06671368,1.542214,-1.798196,-7.972229,18.93589,0.01544426
初号机（完全体）,-2,0.02,6.96,-0.5501938,-0.2421676,1.549621,-1.798196,-7.806061,18.81632,0.01544426
初号机（完全体）,-2,0.02,6.98,-0.4793707,-0.4166546,1.557941,-1.798196,-6.814545,18.10074,0.01544426
初号机（完全体）,-2,0.02,7,-0.3509454,-0.5581657,1.564856,-1.798196,-5.016602,16.79434,0.01544426
初号机（完全体）,-2,0.02,7.02,-0.1828698,-0.6397227,1.568432,-1.798196,-2.663574,15.06893,0.01544426
初号机（完全体）,-2,0.02,7.04,-0.005642661,-0.6482787,1.567683,-1.798196,-0.1824036,13.23254,0.01544426
初号机（完全体）,-2,0.02,7.06,0.1421183,-0.5893216,1.562865,-1.798196,1.886232,11.68986,0.01544426
初号机（完全体）,-2,0.02,7.08,0.2537936,-0.4859156,1.555399,-1.798196,3.449675,10.51783,0.01544426
初号机（完全体）,-2,0.02,7.1,0.3381959,-0.3725077,1.547464,-1.798196,4.631299,9.628924,0.01544426
初号机（完全体）,-2,0.02,7.12,0.4019859,-0.2815353,1.541126,-1.798196,5.524352,8.955499,0.01544426
初号机（完全体）,-2,0.02,7.14,0.4501973,-0.2127798,1.536335,-1.798196,6.199305,8.445688,0.01544426
初号机（完全体）,-2,0.02,7.16,0.4866347,-0.1431622,1.533862,-1.798196,6.709424,8.059929,0.01544426
初号机（完全体）,-2,0.02,7.18,0.5141734,-0.04269097,1.535103,-1.798196,7.094965,7.768131,0.01544426
初号机（完全体）,-2,0.02,7.2,0.5336758,0.09746428,1.540215,-1.798196,7.367997,7.561362,0.01544426
初号机（完全体）,-2,0.02,7.22,0.5165404,0.2654084,1.54811,-1.798196,7.128101,7.743041,0.01544426
初号机（完全体）,-2,0.02,7.24,0.4417374,0.4342196,1.5568,-1.798196,6.080868,8.535198,0.01544426
初号机（完全体）,-2,0.02,7.26,0.3103042,0.5714411,1.563993,-1.798196,4.240816,9.922949,0.01544426
初号机（完全体）,-2,0.02,7.28,0.1399553,0.649756,1.56778,-1.798196,1.855951,11.71251,0.01544426
初号机（完全体）,-2,0.02,7.3,-0.03899001,0.6558617,1.567191,-1.798196,-0.6492615,13.5793,0.01544426
初号机（完全体）,-2,0.02,7.32,-0.1880495,0.5950527,1.562493,-1.798196,-2.736084,15.12235,0.01544426
初号机（完全体）,-2,0.02,7.34,-0.3007062,0.4902472,1.555117,-1.798196,-4.313263,16.28038,0.01544426
初号机（完全体）,-2,0.02,7.36,-0.3858503,0.3757814,1.547252,-1.798196,-5.50528,17.1505,0.01544426
初号机（完全体）,-2,0.02,7.38,-0.4502009,0.2840095,1.540965,-1.798196,-6.406158,17.80499,0.01544426
初号机（完全体）,-2,0.02,7.4,-0.498836,0.1969965,1.537361,-1.798196,-7.087067,18.29777,0.01544426
初号机（完全体）,-2,0.02,7.42,-0.5355936,0.08337802,1.537748,-1.798196,-7.601654,18.6691,0.01544426
初号机（完全体）,-2,0.02,7.44,-0.5620634,-0.06671368,1.542214,-1.798196,-7.972229,18.93589,0.01544426
初号机（完全体）,-2,0.02,7.46,-0.5501938,-0.2421676,1.549621,-1.798196,-7.806061,18.81632,0.01544426
初号机（完全体）,-2,0.02,7.48,-0.4793707,-0.4166546,1.557941,-1.798196,-6.814545,18.10074,0.01544426
初号机（完全体）,-2,0.02,7.5,-0.3509454,-0.5581657,1.564856,-1.798196,-5.016602,16.79434,0.01544426
初号机（完全体）,-2,0.02,7.52,-0.1828698,-0.6397227,1.568432,-1.798196,-2.663574,15.06893,0.01544426
初号机（完全体）,-2,0.02,7.54,-0.005642661,-0.6482787,1.567683,-1.798196,-0.1824036,13.23254,0.01544426
初号机（完全体）,-2,0.02,7.56,0.1421183,-0.5893216,1.562865,-1.798196,1.886232,11.68986,0.01544426
初号机（完全体）,-2,0.02,7.58,0.2537936,-0.4859156,1.555399,-1.798196,3.449675,10.51783,0.01544426
初号机（完全体）,-2,0.02,7.6,0.3381959,-0.3725077,1.547464,-1.798196,4.631299,9.628924,0.01544426
初号机（完全体）,-2,0.02,7.62,0.4019859,-0.2815353,1.541126,-1.798196,5.524352,8.955499,0.01544426
初号机（完全体）,-2,0.02,7.64,0.4501973,-0.2127798,1.536335,-1.798196,6.199305,8.445688,0.01544426
初号机（完全体）,-2,0.02,7.66,0.4866347,-0.1431622,1.533862,-1.798196,6.709424,8.059929,0.01544426
初号机（完全体）,-2,0.02,7.68,0.5141734,-0.04269097,1.535103,-1.798196,7.094965,7.768131,0.01544426
初号机（完全体）,-2,0.02,7.7,0.5336758,0.09746428,1.540215,-1.798196,7.367997,7.561362,0.01544426
初号机（完全体）,-2,0.02,7.72,0.5165404,0.2654084,1.54811,-1.798196,7.128101,7.743041,0.01544426
初号机（完全体）,-2,0.02,7.74,0.4417374,0.4342196,1.5568,-1.798196,6.080868,8.535198,0.01544426
初号机（完全体）,-2,0.02,7.76,0.3103042,0.5714411,1.563993,-1.798196,4.240817,9.922949,0.01544426
初号机（完全体）,-2,0.02,7.78,0.1399553,0.649756,1.56778,-1.798196,1.855951,11.71251,0.01544426
初号机（完全体）,-2,0.02,7.8,-0.03899001,0.6558617,1.567191,-1.798196,-0.6492615,13.5793,0.01544426
初号机（完全体）,-2,0.02,7.82,-0.1880495,0.5950527,1.562493,-1.798196,-2.736084,15.12235,0.01544426
初号机（完全体）,-2,0.02,7.84,-0.3007062,0.4902472,1.555117,-1.798196,-4.313263,16.28038,0.01544426
初号机（完全体）,-2,0.02,7.86,-0.3858503,0.3757814,1.547252,-1.798196,-5.50528,17.1505,0.01544426
初号机（完全体）,-2,0.02,7.88,-0.4502009,0.2840095,1.540965,-1.798196,-6.406158,17.80499,0.01544426
初号机（完全体）,-2,0.02,7.9,-0.498836,0.1969965,1.537361,-1.798196,-7.087067,18.29777,0.01544426
初号机（完全体）,-2,0.02,7.92,-0.5355936,0.08337802,1.537748,-1.798196,-7.601654,18.6691,0.01544426
初号机（完全体）,-2,0.02,7.94,-0.5620634,-0.06671368,1.542214,-1.798196,-7.972229,18.93589,0.01544426
初号机（完全体）,-2,0.02,7.96,-0.5501938,-0.2421676,1.549621,-1.798196,-7.806061,18.81632,0.01544426
初号机（完全体）,-2,0.02,7.98,-0.4793707,-0.4166546,1.557941,-1.798196,-6.814545,18.10074,0.01544426
初号机（完全体）,-2,0.02,8,-0.3509454,-0.5581657,1.564856,-1.798196,-5.016602,16.79434,0.01544426
初号机（完全体）,-2,0.02,8.02,-0.1828698,-0.6397227,1.568432,-1.798196,-2.663574,15.06893,0.01544426
初号机（完全体）,-2,0.02,8.04,-0.005642661,-0.6482787,1.567683,-1.798196,-0.1824036,13.23254,0.01544426
初号机（完全体）,-2,0.02,8.059999,0.1421183,-0.5893216,1.562865,-1.798196,1.886232,11.68986,0.01544426
初号机（完全体）,-2,0.02,8.08,0.2537936,-0.4859156,1.555399,-1.798196,3.449675,10.51783,0.01544426
初号机（完全体）,-2,0.02,8.099999,0.3381959,-0.3725077,1.547464,-1.798196,4.631299,9.628924,0.01544426
初号机（完全体）,-2,0.02,8.12,0.4019859,-0.2815353,1.541126,-1.798196,5.524352,8.955499,0.01544426
初号机（完全体）,-2,0.02,8.139999,0.4501973,-0.2127798,1.536335,-1.798196,6.199305,8.445688,0.01544426
初号机（完全体）,-2,0.02,8.16,0.4866347,-0.1431622,1.533862,-1.798196,6.709424,8.059929,0.01544426
初号机（完全体）,-2,0.02,8.179999,0.5141734,-0.04269097,1.535103,-1.798196,7.094965,7.768131,0.01544426
初号机（完全体）,-2,0.02,8.2,0.5336758,0.09746428,1.540215,-1.798196,7.367997,7.561362,0.01544426
初号机（完全体）,-2,0.02,8.22,0.5165404,0.2654084,1.54811,-1.798196,7.1281,7.743041,0.01544426
初号机（完全体）,-2,0.02,8.24,0.4417374,0.4342196,1.5568,-1.798196,6.080868,8.535198,0.01544426
初号机（完全体）,-2,0.02,8.26,0.3103042,0.5714411,1.563993,-1.798196,4.240816,9.922949,0.01544426
初号机（完全体）,-2,0.02,8.28,0.1399553,0.649756,1.56778,-1.798196,1.855951,11.71251,0.01544426
初号机（完全体）,-2,0.02,8.3,-0.03899001,0.6558617,1.567191,-1.798196,-0.6492615,13.5793,0.01544426
初号机（完全体）,-2,0.02,8.32,-0.1880495,0.5950527,1.562493,-1.798196,-2.736084,15.12235,0.01544426
初号机（完全体）,-2,0.02,8.34,-0.3007062,0.4902472,1.555117,-1.798196,-4.313263,16.28038,0.01544426
初号机（完全体）,-2,0.02,8.36,-0.3858503,0.3757814,1.547252,-1.798196,-5.50528,17.1505,0.01544426
初号机（完全体）,-2,0.02,8.38,-0.4502009,0.2840095,1.540965,-1.798196,-6.406158,17.80499,0.01544426
初号机（完全体）,-2,0.02,8.4,-0.498836,0.1969965,1.537361,-1.798196,-7.087067,18.29777,0.01544426
初号机（完全体）,-2,0.02,8.42,-0.5355936,0.08337802,1.537748,-1.798196,-7.601654,18.6691,0.01544426
初号机（完全体）,-2,0.02,8.44,-0.5620634,-0.06671368,1.542214,-1.798196,-7.972229,18.93589,0.01544426
初号机（完全体）,-2,0.02,8.46,-0.5501938,-0.2421676,1.549621,-1.798196,-7.806061,18.81632,0.01544426
初号机（完全体）,-2,0.02,8.48,-0.4793707,-0.4166546,1.557941,-1.798196,-6.814545,18.10074,0.01544426
初号机（完全体）,-2,0.02,8.5,-0.3509457,-0.5581657,1.564856,-1.798196,-5.016602,16.79435,0.01544426
初号机（完全体）,-2,0.02,8.52,-0.1828704,-0.6397227,1.568432,-1.798251,-2.663544,15.06895,0.01544426
初号机（完全体）,-2,0.02,8.54,-0.005643346,-0.6482787,1.567683,-1.798282,-0.1823425,13.23258,0.01544426
初号机（完全体）,-2,0.02,8.559999,0.1421175,-0.5893216,1.562865,-1.798297,1.886287,11.68992,0.01544426
初号机（完全体）,-2,0.02,8.58,0.2537927,-0.4859156,1.555399,-1.798303,3.449732,10.51788,0.01544426
初号机（完全体）,-2,0.02,8.599999,0.338195,-0.3725077,1.547464,-1.798302,4.631354,9.628983,0.01544426
初号机（完全体）,-2,0.02,8.62,0.4019848,-0.2815353,1.541126,-1.798298,5.524402,8.955558,0.01544426
初号机（完全体）,-2,0.02,8.639999,0.4501962,-0.2127798,1.536335,-1.798292,6.199353,8.445745,0.01544426
初号机（完全体）,-2,0.02,8.66,0.4866336,-0.1431622,1.533862,-1.798285,6.709466,8.059982,0.01544426
初号机（完全体）,-2,0.02,8.679999,0.5141723,-0.04269097,1.535103,-1.798279,7.095004,7.768183,0.01544426
初号机（完全体）,-2,0.02,8.7,0.5336747,0.09746428,1.540215,-1.798273,7.368029,7.561409,0.01544426
初号机（完全体）,-2,0.02,8.72,0.516539,0.2654084,1.54811,-1.798267,7.128128,7.743088,0.01544426
初号机（完全体）,-2,0.02,8.74,0.4417355,0.4342196,1.5568,-1.798263,6.080884,8.53525,0.01544426
初号机（完全体）,-2,0.02,8.76,0.3103013,0.5714411,1.563993,-1.798259,4.240817,9.92301,0.01544426
初号机（完全体）,-2,0.02,8.78,0.1399516,0.649756,1.56778,-1.798255,1.855939,11.71258,0.01544426
初号机（完全体）,-2,0.02,8.8,-0.03899453,0.6558617,1.567191,-1.798252,-0.649292,13.57937,0.01544426
初号机（完全体）,-2,0.02,8.82,-0.1880549,0.5950527,1.562493,-1.798249,-2.736115,15.12243,0.01544426
初号机（完全体）,-2,0.02,8.84,-0.3007124,0.4902472,1.555117,-1.798247,-4.313324,16.28047,0.01544426
初号机（完全体）,-2,0.02,8.86,-0.385857,0.3757814,1.547252,-1.798246,-5.505341,17.15058,0.01544426
初号机（完全体）,-2,0.02,8.88,-0.4502079,0.2840095,1.540965,-1.798244,-6.40625,17.80508,0.01544426
初号机（完全体）,-2,0.02,8.9,-0.4988433,0.1969965,1.537361,-1.798243,-7.087128,18.29786,0.01544426
初号机（完全体）,-2,0.02,8.92,-0.5356012,0.08337802,1.537748,-1.798242,-7.601746,18.66919,0.01544426
初号机（完全体）,-2,0.02,8.94,-0.5620715,-0.06671368,1.542214,-1.798241,-7.972321,18.93599,0.01544426
初号机（完全体）,-2,0.02,8.96,-0.5502011,-0.2421676,1.549621,-1.798241,-7.806122,18.81641,0.01544426
初号机（完全体）,-2,0.02,8.98,-0.4793765,-0.4166546,1.557941,-1.79824,-6.814606,18.10082,0.01544426
初号机（完全体）,-2,0.02,9,-0.3509486,-0.5581657,1.564856,-1.79824,-5.016632,16.7944,0.01544426
初号机（完全体）,-2,0.02,9.02,-0.18287,-0.6397227,1.568432,-1.798239,-2.663544,15.06894,0.01544426
初号机（完全体）,-2,0.02,9.04,-0.005639548,-0.6482787,1.567683,-1.798239,-0.1823425,13.23253,0.01544426
初号机（完全体）,-2,0.02,9.059999,0.1421241,-0.5893216,1.562865,-1.798239,1.886343,11.68982,0.01544426
初号机（完全体）,-2,0.02,9.08,0.2538015,-0.4859156,1.555399,-1.798239,3.449814,10.51776,0.01544426
初号机（完全体）,-2,0.02,9.099999,0.3382054,-0.3725077,1.547464,-1.798239,4.631459,9.628842,0.01544426
初号机（完全体）,-2,0.02,9.12,0.4019965,-0.2815353,1.541126,-1.798239,5.524528,8.955405,0.01544426
初号机（完全体）,-2,0.02,9.139999,0.4502088,-0.2127798,1.536335,-1.798239,6.199495,8.445585,0.01544426
初号机（完全体）,-2,0.02,9.16,0.4866469,-0.1431622,1.533862,-1.798239,6.709623,8.059819,0.01544426
初号机（完全体）,-2,0.02,9.179999,0.5141862,-0.04269097,1.535103,-1.798239,7.095171,7.768016,0.01544426
初号机（完全体）,-2,0.02,9.2,0.5336893,0.09746428,1.540215,-1.798239,7.368213,7.561238,0.01544426
初号机（完全体）,-2,0.02,9.22,0.5165532,0.2654084,1.54811,-1.798239,7.128307,7.742926,0.01544426
初号机（完全体）,-2,0.02,9.24,0.4417482,0.4342196,1.5568,-1.798239,6.081047,8.535103,0.01544426
初号机（完全体）,-2,0.02,9.26,0.3103121,0.5714411,1.563993,-1.798239,4.240955,9.922887,0.01544426
初号机（完全体）,-2,0.02,9.28,0.1399592,0.649756,1.56778,-1.798239,1.856035,11.71249,0.01544426
初号机（完全体）,-2,0.02,9.3,-0.03899053,0.6558617,1.567191,-1.798239,-0.649231,13.57932,0.01544426
初号机（完全体）,-2,0.02,9.32,-0.1880537,0.5950527,1.562493,-1.798239,-2.736115,15.12241,0.01544426
初号机（完全体）,-2,0.02,9.34,-0.3007132,0.4902472,1.555117,-1.798239,-4.313324,16.28048,0.01544426
初号机（完全体）,-2,0.02,9.36,-0.3858594,0.3757814,1.547252,-1.798239,-5.505371,17.1506,0.01544426
初号机（完全体）,-2,0.02,9.38,-0.4502115,0.2840095,1.540965,-1.798239,-6.406281,17.80511,0.01544426
初号机（完全体）,-2,0.02,9.4,-0.4988478,0.1969965,1.537361,-1.798239,-7.087189,18.2979,0.01544426
初号机（完全体）,-2,0.02,9.42,-0.5356063,0.08337802,1.537748,-1.798239,-7.601807,18.66924,0.01544426
初号机（完全体）,-2,0.02,9.44,-0.5620771,-0.06671368,1.542214,-1.798239,-7.972412,18.93605,0.01544426
初号机（完全体）,-2,0.02,9.46,-0.5502071,-0.2421676,1.549621,-1.798239,-7.806213,18.81647,0.01544426
初号机（完全体）,-2,0.02,9.48,-0.4793822,-0.4166546,1.557941,-1.798239,-6.814667,18.10087,0.01544426
初号机（完全体）,-2,0.02,9.5,-0.3509541,-0.5581657,1.564856,-1.798239,-5.016693,16.79445,0.01544426
初号机（完全体）,-2,0.02,9.52,-0.1828747,-0.6397227,1.568432,-1.798239,-2.663605,15.069,0.01544426
初号机（完全体）,-2,0.02,9.54,-0.005643107,-0.6482787,1.567683,-1.798239,-0.182373,13.23256,0.01544426
初号机（完全体）,-2,0.02,9.559999,0.1421214,-0.5893216,1.562865,-1.798239,1.886304,11.68985,0.01544426
初号机（完全体）,-2,0.02,9.58,0.2537994,-0.4859156,1.555399,-1.798239,3.449785,10.51779,0.01544426
初号机（完全体）,-2,0.02,9.599999,0.3382039,-0.3725077,1.547464,-1.798239,4.631438,9.62886,0.01544426
初号机（完全体）,-2,0.02,9.62,0.4019954,-0.2815353,1.541126,-1.798239,5.524511,8.955417,0.01544426
初号机（完全体）,-2,0.02,9.639999,0.4502079,-0.2127798,1.536335,-1.798239,6.199483,8.445595,0.01544426
初号机（完全体）,-2,0.02,9.66,0.4866462,-0.1431622,1.533862,-1.798239,6.709615,8.059828,0.01544426
初号机（完全体）,-2,0.02,9.679999,0.5141857,-0.04269097,1.535103,-1.798239,7.095164,7.768022,0.01544426
初号机（完全体）,-2,0.02,9.7,0.5336889,0.09746428,1.540215,-1.798239,7.368207,7.561242,0.01544426
初号机（完全体）,-2,0.02,9.719999,0.5165529,0.2654084,1.54811,-1.798239,7.128304,7.742929,0.01544426
初号机（完全体）,-2,0.02,9.74,0.441748,0.4342196,1.5568,-1.798239,6.081044,8.535107,0.01544426
初号机（完全体）,-2,0.02,9.76,0.3103119,0.5714411,1.563993,-1.798239,4.240952,9.922889,0.01544426
初号机（完全体）,-2,0.02,9.78,0.1399591,0.649756,1.56778,-1.798239,1.856033,11.71249,0.01544426
初号机（完全体）,-2,0.02,9.8,-0.03899064,0.6558617,1.567191,-1.798239,-0.649231,13.57932,0.01544426
初号机（完全体）,-2,0.02,9.82,-0.1880537,0.5950527,1.562493,-1.798239,-2.736115,15.12241,0.01544426
初号机（完全体）,-2,0.02,9.84,-0.3007132,0.4902472,1.555117,-1.798239,-4.313324,16.28048,0.01544426
初号机（完全体）,-2,0.02,9.86,-0.3858594,0.3757814,1.547252,-1.798239,-5.505371,17.1506,0.01544426
初号机（完全体）,-2,0.02,9.88,-0.4502115,0.2840095,1.540965,-1.798239,-6.406281,17.80511,0.01544426
初号机（完全体）,-2,0.02,9.9,-0.4988478,0.1969965,1.537361,-1.798239,-7.087189,18.2979,0.01544426
初号机（完全体）,-2,0.02,9.92,-0.5356063,0.08337802,1.537748,-1.798239,-7.601807,18.66924,0.01544426
初号机（完全体）,-2,0.02,9.94,-0.5620771,-0.06671368,1.542214,-1.798239,-7.972412,18.93605,0.01544426
初号机（完全体）,-2,0.02,9.96,-0.5502071,-0.2421676,1.549621,-1.798239,-7.806213,18.81647,0.01544426
初号机（完全体）,-2,0.02,9.98,-0.4793822,-0.4166546,1.557941,-1.798239,-6.814667,18.10087,0.01544426
初号机（完全体）,13.5,0.02,0,-6.248331E-22,-1.609035E-21,1.661509,3.507301E-20,-1.272217,12.36129,6.132692E-06
初号机（完全体）,13.5,0.02,0.02,-4.722387E-22,-1.216083E-21,1.661509,0.09317023,-1.21167,12.40346,1.226339E-05
初号机（完全体）,13.5,0.02,0.04,-3.569103E-22,-9.190955E-22,1.661509,0.1919549,-1.147461,12.44816,1.371542E-05
初号机（完全体）,13.5,0.02,0.06,-2.69747E-22,-6.946374E-22,1.661509,0.2902317,-1.083588,12.49262,1.371542E-05
初号机（完全体）,13.5,0.02,0.08,6.23397E-05,0.01348719,1.648386,0.3845118,-1.021423,12.53462,9.189788E-05
初号机（完全体）,13.5,0.02,0.09999999,0.001439273,0.04682584,1.647877,0.4730232,-0.9446106,12.56028,9.189788E-05
初号机（完全体）,13.5,0.02,0.12,0.006628828,0.1016589,1.644477,0.5550844,-0.818634,12.54323,9.189788E-05
初号机（完全体）,13.5,0.02,0.14,0.01824305,0.1734513,1.635715,0.6306798,-0.6068726,12.45618,9.189788E-05
初号机（完全体）,13.5,0.02,0.16,0.03815264,0.2518656,1.621797,0.7001775,-0.2829895,12.27969,9.189788E-05
初号机（完全体）,13.5,0.02,0.18,0.06684049,0.3228934,1.605869,0.7641441,0.1602237,12.00875,9.189788E-05
初号机（完全体）,13.5,0.02,0.2,0.1029131,0.3722511,1.590543,0.8232273,0.70364,11.65799,0.002319358
初号机（完全体）,13.5,0.02,0.22,0.1427313,0.3892389,1.575485,0.8780832,1.296746,11.26555,0.01059031
初号机（完全体）,13.5,0.02,0.24,0.1815052,0.3701177,1.559566,0.9293348,1.87289,10.88187,0.01513919
初号机（完全体）,13.5,0.02,0.26,0.2189911,0.3201309,1.542317,0.9775485,2.429028,10.50984,0.01513919
初号机（完全体）,13.5,0.02,0.28,0.2473224,0.2525065,1.537922,1.023226,2.855352,10.23258,0.01513919
初号机（完全体）,13.5,0.02,0.3,0.2687347,0.1908403,1.533913,1.066803,3.183447,10.02699,0.01513919
初号机（完全体）,13.5,0.02,0.32,0.2849177,0.144234,1.530884,1.108649,3.437207,9.875593,0.01513919
初号机（完全体）,13.5,0.02,0.34,0.2971486,0.0963845,1.529415,1.149076,3.634717,9.765142,0.01513919
初号机（完全体）,13.5,0.02,0.36,0.3063926,0.02495567,1.530597,1.188347,3.789656,9.685624,0.01513919
初号机（完全体）,13.5,0.02,0.38,0.313379,-0.07964139,1.53478,1.226675,3.912379,9.629464,0.01513919
初号机（完全体）,13.5,0.02,0.4,0.3160543,-0.2141878,1.541549,1.264239,3.974248,9.618416,0.01513919
初号机（完全体）,13.5,0.02,0.42,0.3071509,-0.3647754,1.549843,1.301181,3.873614,9.72918,0.01513919
初号机（完全体）,13.5,0.02,0.44,0.2837959,-0.5107808,1.558204,1.33762,3.570333,9.99196,0.01513919
初号机（完全体）,13.5,0.02,0.46,0.2469025,-0.6299599,1.565097,1.373651,3.077249,10.3968,0.01513919
初号机（完全体）,13.5,0.02,0.48,0.2002454,-0.7036749,1.569244,1.409349,2.447258,10.90351,0.01513919
初号机（完全体）,13.5,0.02,0.5,0.1497619,-0.7212225,1.569897,1.444777,1.763523,11.44932,0.01513919
初号机（完全体）,13.5,0.02,0.52,0.1030242,-0.6824052,1.567005,1.479983,1.132084,11.95473,0.01513919
初号机（完全体）,13.5,0.02,0.54,0.06681632,-0.5978433,1.56123,1.515007,0.6479424,12.34911,0.01529158
初号机（完全体）,13.5,0.02,0.56,0.03945098,-0.4869831,1.553814,1.549879,0.2874977,12.65055,0.01529158
初号机（完全体）,13.5,0.02,0.58,0.01876871,-0.3742304,1.546326,1.584626,0.02053307,12.88192,0.01529158
初号机（完全体）,13.5,0.02,0.6,0.003137375,-0.2828373,1.540265,1.619266,-0.1757813,13.06042,0.01529158
初号机（完全体）,13.5,0.02,0.62,-0.00867653,-0.2137638,1.535685,1.653814,-0.3187256,13.199,0.01529158
初号机（完全体）,13.5,0.02,0.64,-0.01760529,-0.1468701,1.533177,1.688283,-0.4213257,13.30745,0.01529158
初号机（完全体）,13.5,0.02,0.66,-0.0243535,-0.05577978,1.533917,1.722684,-0.4934387,13.39314,0.01529158
初号机（完全体）,13.5,0.02,0.68,-0.02945368,0.06969015,1.538157,1.757023,-0.542511,13.46164,0.01529158
初号机（完全体）,13.5,0.02,0.7,-0.02500097,0.2236122,1.545202,1.791306,-0.4578857,13.4308,0.01529158
初号机（完全体）,13.5,0.02,0.72,0.0009062672,0.387289,1.553605,1.825535,-0.07293701,13.17671,0.01529158
初号机（完全体）,13.5,0.02,0.74,0.05118936,0.5351987,1.561528,1.859719,0.6532274,12.66817,0.01529158
初号机（完全体）,13.5,0.02,0.76,0.1219639,0.6422284,1.567208,1.89386,1.666255,11.94422,0.01529158
初号机（完全体）,13.5,0.02,0.78,0.2042016,0.6905432,1.569382,1.927959,2.839738,11.09792,0.01529158
初号机（完全体）,13.5,0.02,0.8,0.2849869,0.6745013,1.56761,1.962016,3.99286,10.26433,0.01529158
初号机（完全体）,13.5,0.02,0.82,0.3498447,0.6024836,1.562377,1.996036,4.922975,9.596484,0.01529158
初号机（完全体）,13.5,0.02,0.84,0.3988632,0.495234,1.554989,2.030015,5.631315,9.094624,0.01529158
初号机（完全体）,13.5,0.02,0.86,0.4359106,0.3811385,1.547258,2.063959,6.172037,8.718631,0.01529158
初号机（完全体）,13.5,0.02,0.88,0.4639104,0.2880583,1.540969,2.097868,6.586072,8.437991,0.01529158
初号机（完全体）,13.5,0.02,0.9,0.4850722,0.2011415,1.537294,2.13174,6.904351,8.229536,0.01529158
初号机（完全体）,13.5,0.02,0.92,0.5010659,0.09024246,1.537454,2.165576,7.150256,8.075696,0.01529158
初号机（完全体）,13.5,0.02,0.94,0.5127267,-0.05515402,1.541578,2.199379,7.335478,7.967688,0.01529158
初号机（完全体）,13.5,0.02,0.96,0.4963103,-0.226284,1.548676,2.233145,7.127596,8.157069,0.01529158
初号机（完全体）,13.5,0.02,0.98,0.4301401,-0.3999046,1.556919,2.266881,6.223151,8.872596,0.01529158
初号机（完全体）,13.5,0.02,1,0.3123826,-0.5464321,1.564143,2.300578,4.596461,10.13037,0.01529158
初号机（完全体）,13.5,0.02,1.02,0.1562013,-0.6393534,1.568445,2.334244,2.431822,11.78562,0.01529158
初号机（完全体）,13.5,0.02,1.04,-0.01390569,-0.6634667,1.568699,2.367873,0.07220146,13.57516,0.01529158
初号机（完全体）,13.5,0.02,1.06,-0.1648739,-0.6197971,1.564868,2.401469,-2.019501,15.15293,0.01529158
初号机（完全体）,13.5,0.02,1.08,-0.2790564,-0.5259153,1.558015,2.435028,-3.596222,16.3413,0.0154444
初号机（完全体）,13.5,0.02,1.1,-0.3653538,-0.4116216,1.550019,2.468561,-4.782593,17.23763,0.0154444
初号机（完全体）,13.5,0.02,1.12,-0.4305759,-0.3110969,1.543056,2.502059,-5.67392,17.91532,0.0154444
初号机（完全体）,13.5,0.02,1.14,-0.4798697,-0.235122,1.537794,2.535519,-6.342285,18.42905,0.0154444
初号机（完全体）,13.5,0.02,1.16,-0.5171251,-0.1591758,1.535021,2.568945,-6.842133,18.81965,0.0154444
初号机（完全体）,13.5,0.02,1.18,-0.5452822,-0.05182125,1.536173,2.60234,-7.2146,19.11768,0.0154444
初号机（完全体）,13.5,0.02,1.2,-0.5639791,0.09554314,1.541348,2.635705,-7.454681,19.32008,0.0154444
初号机（完全体）,13.5,0.02,1.22,-0.537416,0.2693229,1.549315,2.669032,-7.061127,19.06763,0.0154444
初号机（完全体）,13.5,0.02,1.24,-0.4430809,0.4403083,1.557914,2.702328,-5.718811,18.13,0.0154444
初号机（完全体）,13.5,0.02,1.26,-0.2845578,0.5743936,1.564728,2.735593,-3.477875,16.53094,0.0154444
初号机（完全体）,13.5,0.02,1.28,-0.08515408,0.6443281,1.567837,2.76882,-0.6646423,14.49401,0.0154444
初号机（完全体）,13.5,0.02,1.3,0.1169171,0.6390457,1.566407,2.802014,2.185895,12.40833,0.0154444
初号机（完全体）,13.5,0.02,1.32,0.2783954,0.5678234,1.560957,2.835177,4.46813,10.7316,0.0154444
初号机（完全体）,13.5,0.02,1.34,0.400438,0.4580719,1.553203,2.868303,6.198245,9.461501,0.0154444
初号机（完全体）,13.5,0.02,1.36,0.4926759,0.3474768,1.545546,2.901402,7.511078,8.502053,0.0154444
初号机（完全体）,13.5,0.02,1.38,0.5623878,0.2626173,1.539675,2.934467,8.50853,7.778986,0.0154444
初号机（完全体）,13.5,0.02,1.4,0.6150749,0.178085,1.536565,2.967493,9.267609,7.235361,0.0154444
初号机（完全体）,13.5,0.02,1.42,0.6548949,0.05982015,1.537748,3.00049,9.846534,6.827759,0.0154444
初号机（完全体）,13.5,0.02,1.44,0.6783125,-0.09975264,1.543205,3.033453,10.1958,6.594136,0.0154444
初号机（完全体）,13.5,0.02,1.46,0.6377828,-0.2829097,1.551395,3.066384,9.649796,7.039807,0.0154444
初号机（完全体）,13.5,0.02,1.48,0.5115182,-0.4553576,1.559796,3.099283,7.903492,8.393407,0.0154444
初号机（完全体）,13.5,0.02,1.5,0.3106003,-0.5798121,1.565764,3.132153,5.112027,10.52833,0.0154444
初号机（完全体）,13.5,0.02,1.52,0.07095259,-0.6300586,1.567426,3.164978,1.778322,13.05172,0.0154444
初号机（完全体）,13.5,0.02,1.54,-0.1527262,-0.6009218,1.56432,3.197779,-1.331848,15.38332,0.0154444
初号机（完全体）,13.5,0.02,1.56,-0.3225592,-0.5109112,1.557553,3.23054,-3.688171,17.13803,0.0154747
初号机（完全体）,13.5,0.02,1.58,-0.4509162,-0.39673,1.549439,3.263279,-5.463898,18.45515,0.0154747
初号机（完全体）,13.5,0.02,1.6,-0.5479264,-0.2998421,1.542618,3.295981,-6.800751,19.44612,0.0154747
初号机（完全体）,13.5,0.02,1.62,-0.621245,-0.2266158,1.537463,3.328647,-7.806,20.19362,0.0154747
初号机（完全体）,13.5,0.02,1.64,-0.6766581,-0.1489465,1.535018,3.36128,-8.560547,20.75901,0.0154747
初号机（完全体）,13.5,0.02,1.66,-0.7185384,-0.03143151,1.536993,3.393882,-9.125671,21.18794,0.0154747
初号机（完全体）,13.5,0.02,1.68,-0.7371225,0.1311794,1.543282,3.426453,-9.364685,21.38549,0.0154747
初号机（完全体）,13.5,0.02,1.7,-0.6734157,0.3158691,1.552052,3.458995,-8.45163,20.76885,0.0154747
初号机（完全体）,13.5,0.02,1.72,-0.508,0.4826463,1.560447,3.491492,-6.114716,19.13022,0.0154747
初号机（完全体）,13.5,0.02,1.74,-0.2616739,0.5913427,1.565665,3.523964,-2.645081,16.64629,0.0154747
初号机（完全体）,13.5,0.02,1.76,0.01436793,0.6179448,1.565997,3.556411,1.240573,13.81639,0.0154747
初号机（完全体）,13.5,0.02,1.78,0.2484559,0.5646163,1.561475,3.588815,4.538841,11.38867,0.0154747
初号机（完全体）,13.5,0.02,1.8,0.4253758,0.4598456,1.553868,3.621196,7.036747,9.542608,0.0154747
初号机（完全体）,13.5,0.02,1.82,0.5590889,0.3487373,1.546043,3.653537,8.929738,8.144061,0.0154747
初号机（完全体）,13.5,0.02,1.84,0.6601472,0.26357,1.540051,3.685842,10.36554,7.087357,0.0154747
初号机（完全体）,13.5,0.02,1.86,0.7365254,0.1720917,1.537285,3.718127,11.45581,6.290713,0.0154747
初号机（完全体）,13.5,0.02,1.88,0.7942507,0.03366125,1.539698,3.750374,12.28492,5.691432,0.0154747
初号机（完全体）,13.5,0.02,1.9,0.8047931,-0.151669,1.546768,3.782587,12.45345,5.594063,0.0154747
初号机（完全体）,13.5,0.02,1.92,0.7003843,-0.3480227,1.55577,3.814766,11.01266,6.719362,0.0154747
初号机（完全体）,13.5,0.02,1.94,0.4774528,-0.5032929,1.56302,3.846913,7.912535,9.09613,0.0154747
初号机（完全体）,13.5,0.02,1.96,0.1839776,-0.575048,1.565536,3.879028,3.82479,12.1953,0.0154747
初号机（完全体）,13.5,0.02,1.98,-0.09310152,-0.5514647,1.562379,3.911112,-0.03344727,15.0874,0.0154747
初号机（完全体）,13.5,0.02,2,-0.3025648,-0.4581598,1.555087,3.943165,-2.945068,17.24895,0.0154747
初号机（完全体）,13.5,0.02,2.02,-0.4608738,-0.3480103,1.547,3.975187,-5.140564,18.86687,0.0154747
初号机（完全体）,13.5,0.02,2.04,-0.5805211,-0.2630205,1.540774,4.007166,-6.79483,20.08067,0.0154747
初号机（完全体）,13.5,0.02,2.06,-0.6709486,-0.1987866,1.53607,4.039119,-8.040039,20.99365,0.0154747
初号机（完全体）,13.5,0.02,2.08,-0.7392923,-0.1169364,1.534678,4.071057,-8.976074,21.68227,0.0154747
初号机（完全体）,13.5,0.02,2.1,-0.790942,0.02666849,1.53894,4.102962,-9.678436,22.20312,0.0154747
初号机（完全体）,13.5,0.02,2.12,-0.7629449,0.2207982,1.547725,4.134819,-9.265747,21.94202,0.0154747
初号机（完全体）,13.5,0.02,2.14,-0.5911079,0.4102753,1.557143,4.166648,-6.839386,20.2552,0.0154747
初号机（完全体）,13.5,0.02,2.16,-0.2994616,0.530075,1.562741,4.198434,-2.735687,17.32999,0.0154747
初号机（完全体）,13.5,0.02,2.18,0.01788808,0.5438187,1.561979,4.230196,1.727811,14.08273,0.0154747
初号机（完全体）,13.5,0.02,2.2,0.2577358,0.4659039,1.555664,4.261947,5.106291,11.59711,0.0154747
初号机（完全体）,13.5,0.02,2.22,0.4390088,0.3553782,1.547534,4.293633,7.664688,9.706143,0.0154747
初号机（完全体）,13.5,0.02,2.24,0.576012,0.268589,1.541178,4.325313,9.603309,8.273103,0.0154747
初号机（完全体）,13.5,0.02,2.26,0.6795567,0.1625756,1.539002,4.356961,11.0735,7.190026,0.0154747
初号机（完全体）,13.5,0.02,2.28,0.7578142,-0.01204752,1.5435,4.388562,12.18963,6.373258,0.0154747
初号机（完全体）,13.5,0.02,2.3,0.7194494,-0.2300432,1.55249,4.420137,11.67305,6.795505,0.0154747
初号机（完全体）,13.5,0.02,2.32,0.5133297,-0.4153909,1.560623,4.451669,8.807897,8.99396,0.0154747
初号机（完全体）,13.5,0.02,2.34,0.204737,-0.4970042,1.56297,4.483179,4.508113,12.25195,0.0154747
初号机（完全体）,13.5,0.02,2.36,-0.06909695,-0.4598658,1.55832,4.514673,0.6949387,15.10957,0.0154747
初号机（完全体）,13.5,0.02,2.38,-0.2760562,-0.3580479,1.550012,4.546134,-2.182007,17.24508,0.0154747
初号机（完全体）,13.5,0.02,2.4,-0.4324726,-0.2706068,1.543051,4.577545,-4.35141,18.8437,0.0154747
初号机（完全体）,13.5,0.02,2.42,-0.5506896,-0.2045202,1.53779,4.60893,-5.986053,20.04318,0.0154747
初号机（完全体）,13.5,0.02,2.44,-0.640036,-0.1054043,1.53701,4.64027,-7.216522,20.94547,0.0154747
初号机（完全体）,13.5,0.02,2.46,-0.692471,0.0774148,1.543434,4.671586,-7.930237,21.47731,0.0154747
初号机（完全体）,13.5,0.02,2.48,-0.5886573,0.2953335,1.553473,4.702889,-6.456512,20.46221,0.0154747
初号机（完全体）,13.5,0.02,2.5,-0.318432,0.4473952,1.560239,4.734157,-2.653076,17.75886,0.0154747
初号机（完全体）,13.5,0.02,2.52,-0.002697753,0.4674762,1.559188,4.765376,1.787476,14.53601,0.0154747
初号机（完全体）,13.5,0.02,2.54,0.2378237,0.3819824,1.55185,4.796566,5.175024,12.04803,0.0154747
初号机（完全体）,13.5,0.02,2.56,0.4196059,0.2886961,1.54444,4.827741,7.740218,10.15445,0.0154747
初号机（完全体）,13.5,0.02,2.58,0.556994,0.1614052,1.542531,4.85888,9.683875,8.718947,0.0154747
初号机（完全体）,13.5,0.02,2.6,0.6326651,-0.05234168,1.548728,4.889997,10.76349,7.932249,0.0154747
初号机（完全体）,13.5,0.02,2.62,0.523371,-0.2828596,1.557895,4.921072,9.253581,9.10277,0.0154747
初号机（完全体）,13.5,0.02,2.64,0.2555574,-0.4133312,1.56198,4.952126,5.524405,11.93304,0.0154747
初号机（完全体）,13.5,0.02,2.66,-0.005543074,-0.3961599,1.557541,4.983138,1.889187,14.663,0.0154747
初号机（完全体）,13.5,0.02,2.68,-0.2028786,-0.3030601,1.548979,5.014123,-0.853363,16.70535,0.0154747
初号机（完全体）,13.5,0.02,2.7,-0.3520215,-0.2290479,1.54227,5.045069,-2.921234,18.23588,0.0154747
初号机（完全体）,13.5,0.02,2.72,-0.4647414,-0.1731107,1.5372,5.075987,-4.479187,19.38541,0.0154747
初号机（完全体）,13.5,0.02,2.74,-0.5499332,-0.06442797,1.537684,5.106865,-5.651794,20.25089,0.0154747
初号机（完全体）,13.5,0.02,2.76,-0.5643924,0.1447038,1.546305,5.137719,-5.834167,20.40824,0.0154747
初号机（完全体）,13.5,0.02,2.78,-0.3758485,0.3522146,1.556034,5.168532,-3.17453,18.53084,0.0154747
初号机（完全体）,13.5,0.02,2.8,-0.06108011,0.427174,1.558066,5.199319,1.252191,15.33272,0.0154747
初号机（完全体）,13.5,0.02,2.82,0.1938026,0.3596781,1.551532,5.230094,4.840524,12.70401,0.0154747
初号机（完全体）,13.5,0.02,2.84,0.3864389,0.2718389,1.5442,5.260833,7.557391,10.70078,0.0154747
初号机（完全体）,13.5,0.02,2.86,0.5320302,0.1311709,1.543487,5.29155,9.615618,9.180871,0.0154747
初号机（完全体）,13.5,0.02,2.88,0.5732848,-0.1076129,1.551558,5.322225,10.21312,8.758992,0.0154747
初号机（完全体）,13.5,0.02,2.9,0.3884147,-0.3175732,1.559575,5.352876,7.644879,10.72194,0.0154747
初号机（完全体）,13.5,0.02,2.92,0.1058469,-0.3668909,1.558526,5.383485,3.708857,13.68863,0.0154747
初号机（完全体）,13.5,0.02,2.94,-0.1089383,-0.288999,1.550246,5.414042,0.7217497,15.92057,0.0154747
初号机（完全体）,13.5,0.02,2.96,-0.2712695,-0.2184207,1.543228,5.444595,-1.531006,17.59251,0.0154747
初号机（完全体）,13.5,0.02,2.98,-0.3939568,-0.1650788,1.537924,5.475119,-3.22879,18.84752,0.0154747
初号机（完全体）,13.5,0.02,3,-0.4866818,-0.04056876,1.539388,5.505595,-4.507111,19.79179,0.0154747
初号机（完全体）,13.5,0.02,3.02,-0.4626735,0.1900121,1.549365,5.536075,-4.151184,19.56461,0.0154747
初号机（完全体）,13.5,0.02,3.04,-0.2149713,0.3648356,1.556942,5.566472,-0.6636353,17.07315,0.0154747
初号机（完全体）,13.5,0.02,3.06,0.06759419,0.3608304,1.55382,5.596903,3.312043,14.18136,0.0154747
初号机（完全体）,13.5,0.02,3.08,0.2811526,0.2727134,1.545929,5.627269,6.321576,11.97134,0.0154747
初号机（完全体）,13.5,0.02,3.1,0.4425566,0.2061123,1.539965,5.657624,8.600944,10.29142,0.0154747
初号机（完全体）,13.5,0.02,3.12,0.5645431,0.06245692,1.541524,5.68789,10.32841,9.018857,0.0154747
初号机（完全体）,13.5,0.02,3.14,0.5314744,-0.1834377,1.551627,5.718186,9.885149,9.381917,0.0154747
初号机（完全体）,13.5,0.02,3.16,0.2584186,-0.3407126,1.557407,5.748416,6.082047,12.26392,0.0154747
初号机（完全体）,13.5,0.02,3.18,-0.0101021,-0.3087856,1.551973,5.778636,2.342431,15.06602,0.0154747
初号机（完全体）,13.5,0.02,3.2,-0.2130456,-0.2333751,1.544533,5.80882,-0.479126,17.16057,0.0154747
初号机（完全体）,13.5,0.02,3.22,-0.3664271,-0.1763811,1.53891,5.838955,-2.606873,18.72894,0.0154747
初号机（完全体）,13.5,0.02,3.24,-0.4823503,-0.0302921,1.541356,5.86909,-4.210205,19.90599,0.0154747
初号机（完全体）,13.5,0.02,3.26,-0.4203586,0.2153504,1.551995,5.899197,-3.322754,19.29796,0.0154747
初号机（完全体）,13.5,0.02,3.28,-0.1346182,0.3402816,1.556089,5.929257,0.6971211,16.41276,0.0154747
初号机（完全体）,13.5,0.02,3.3,0.1111999,0.2804816,1.549159,5.959318,4.158086,13.89208,0.0154747
初号机（完全体）,13.5,0.02,3.32,0.2969852,0.2119834,1.542406,5.989293,6.778544,11.96983,0.0154747
初号机（完全体）,13.5,0.02,3.34,0.4373987,0.04869863,1.544551,6.019246,8.763789,10.51054,0.0154747
初号机（完全体）,13.5,0.02,3.36,0.376937,-0.2055726,1.554678,6.049213,7.936809,11.15934,0.0154747
初号机（完全体）,13.5,0.02,3.38,0.1125854,-0.3089372,1.55656,6.079163,4.255384,13.93159,0.0154747
初号机（完全体）,13.5,0.02,3.4,-0.09808256,-0.2407862,1.548474,6.109015,1.325458,16.1182,0.0154747
初号机（完全体）,13.5,0.02,3.42,-0.257302,-0.1819823,1.541889,6.138892,-0.8841858,17.75624,0.0154747
初号机（完全体）,13.5,0.02,3.44,-0.3776374,-0.1375393,1.536912,6.1687,-2.5495,18.98585,0.0154747
初号机（完全体）,13.5,0.02,3.46,-0.4681259,0.01824592,1.541093,6.198493,-3.796936,19.90649,0.0154747
初号机（完全体）,13.5,0.02,3.48,-0.3318014,0.2580061,1.552184,6.228251,-1.86908,18.54976,0.0154747
初号机（完全体）,13.5,0.02,3.5,-0.02455541,0.3168418,1.552613,6.258015,2.451679,15.42903,0.0154747
初号机（完全体）,13.5,0.02,3.52,0.2080747,0.2394639,1.545017,6.287698,5.727768,13.03294,0.0154747
初号机（完全体）,13.5,0.02,3.54,0.3822817,0.0513971,1.547699,6.317359,8.185929,11.22518,0.0154747
初号机（完全体）,13.5,0.02,3.56,0.3031929,-0.2044553,1.557117,6.347035,7.09798,12.06704,0.0154747
初号机（完全体）,13.5,0.02,3.58,0.07394298,-0.2543114,1.554907,6.376636,3.907749,14.46547,0.0154747
初号机（完全体）,13.5,0.02,3.6,-0.09932034,-0.1922044,1.546751,6.406219,1.50131,16.26291,0.0154747
初号机（完全体）,13.5,0.02,3.62,-0.23027,-0.145265,1.540586,6.435761,-0.3127747,17.61234,0.0154747
初号机（完全体）,13.5,0.02,3.64,-0.3253349,0.0293047,1.544968,6.46531,-1.624451,18.58819,0.0154747
初号机（完全体）,13.5,0.02,3.66,-0.1792814,0.2616388,1.554806,6.494832,0.4394628,17.11942,0.0154747
初号机（完全体）,13.5,0.02,3.68,0.0631163,0.2702088,1.551385,6.524306,3.852161,14.64361,0.01553599
初号机（完全体）,13.5,0.02,3.7,0.2463165,0.2042194,1.544088,6.553726,6.436068,12.75453,0.01553599
初号机（完全体）,13.5,0.02,3.72,0.3779257,0.007458822,1.548122,6.583139,8.2977,11.39165,0.01553599
初号机（完全体）,13.5,0.02,3.74,0.2373028,-0.2285226,1.556843,6.61252,6.348092,12.87506,0.01553599
初号机（完全体）,13.5,0.02,3.76,0.01678753,-0.2245669,1.551584,6.641852,3.279968,15.17446,0.01553599
初号机（完全体）,13.5,0.02,3.78,-0.1498743,-0.169724,1.544239,6.671183,0.9657853,16.89739,0.01553599
初号机（完全体）,13.5,0.02,3.8,-0.2758346,-0.1282746,1.538688,6.700484,-0.778595,18.19082,0.01553599
初号机（完全体）,13.5,0.02,3.82,-0.3591283,0.05986517,1.544685,6.72974,-1.92569,19.04424,0.01553599
初号机（完全体）,13.5,0.02,3.84,-0.1548913,0.2697341,1.553617,6.758994,0.9526253,16.98742,0.01553599
初号机（完全体）,13.5,0.02,3.86,0.09070478,0.2330676,1.547674,6.788218,4.409939,14.47658,0.01553599
初号机（完全体）,13.5,0.02,3.88,0.2763223,0.1761487,1.541284,6.817394,7.027527,12.56069,0.01553599
初号机（完全体）,13.5,0.02,3.9,0.3994545,-0.03172641,1.54717,6.846511,8.77029,11.28557,0.01553599
初号机（完全体）,13.5,0.02,3.92,0.2047709,-0.238263,1.554832,6.875622,6.063663,13.3325,0.01553599
初号机（完全体）,13.5,0.02,3.94,-0.0150906,-0.194895,1.547657,6.904701,3.004529,15.61998,0.01553599
初号机（完全体）,13.5,0.02,3.96,-0.1812583,-0.1472985,1.541271,6.933787,0.6971045,17.33334,0.01553599
初号机（完全体）,13.5,0.02,3.98,-0.3068452,-0.1113258,1.536445,6.962792,-1.042236,18.61916,0.01553599
初号机（完全体）,13.5,0.02,4,-0.3763887,0.0908282,1.54417,6.991778,-1.997009,19.33185,0.01553599
初号机（完全体）,13.5,0.02,4.02,-0.1179342,0.2671,1.551535,7.020777,1.640178,16.7259,0.01553599
初号机（完全体）,13.5,0.02,4.04,0.1277087,0.2050227,1.544407,7.049699,5.097952,14.21079,0.01553599
初号机（完全体）,13.5,0.02,4.06,0.3133617,0.1549529,1.538815,7.078603,7.715859,12.29211,0.01553599
初号机（完全体）,13.5,0.02,4.08,0.4202898,-0.06592213,1.546486,7.10752,9.231636,11.18565,0.01553599
初号机（完全体）,13.5,0.02,4.1,0.1743463,-0.2332433,1.552308,7.136362,5.807201,13.76608,0.01553599
初号机（完全体）,13.5,0.02,4.12,-0.04530993,-0.1762823,1.544787,7.165241,2.750811,16.04637,0.01553599
初号机（完全体）,13.5,0.02,4.14,-0.2113225,-0.1332313,1.539102,7.194054,0.4453802,17.75364,0.01553599
初号机（完全体）,13.5,0.02,4.16,-0.3367921,-0.100694,1.534805,7.222799,-1.292511,19.03448,0.01553599
初号机（完全体）,13.5,0.02,4.18,-0.3862689,0.1168828,1.544102,7.251529,-1.966492,19.54389,0.01553599
初号机（完全体）,13.5,0.02,4.2,-0.0823518,0.2502728,1.54911,7.280277,2.307001,16.47701,0.01553599
初号机（完全体）,13.5,0.02,4.22,0.1635923,0.1891521,1.542369,7.308952,5.768829,13.95528,0.01553599
初号机（完全体）,13.5,0.02,4.24,0.3016893,-0.05587437,1.550199,7.337608,7.720801,12.53121,0.01553599
初号机（完全体）,13.5,0.02,4.26,0.09741631,-0.1900288,1.552799,7.366169,4.879565,14.66616,0.01553599
初号机（完全体）,13.5,0.02,4.28,-0.06425685,-0.1436206,1.545158,7.394811,2.634776,16.34257,0.01553599
初号机（完全体）,13.5,0.02,4.3,-0.1864468,-0.1085461,1.539382,7.423416,0.942722,17.60192,0.01553599
初号机（完全体）,13.5,0.02,4.32,-0.227194,0.124371,1.548434,7.451912,0.3907872,18.02797,0.01553599
初号机（完全体）,13.5,0.02,4.34,0.01383069,0.2218163,1.550166,7.48037,3.783605,15.57909,0.01553599
初号机（完全体）,13.5,0.02,4.36,0.1970646,0.1676452,1.543168,7.508835,6.367362,13.69778,0.01553599
初号机（完全体）,13.5,0.02,4.38,0.2758347,-0.08517036,1.55165,7.53733,7.488656,12.89114,0.01553599
初号机（完全体）,13.5,0.02,4.4,0.06644378,-0.1766072,1.551584,7.565756,4.575683,15.07526,0.01553599
初号机（完全体）,13.5,0.02,4.42,-0.09181048,-0.1334768,1.54424,7.594166,2.378607,16.71285,0.01553599
初号机（完全体）,13.5,0.02,4.44,-0.2114165,-0.1008796,1.538688,7.622593,0.7226138,17.94301,0.01553599
初号机（完全体）,13.5,0.02,4.46,-0.2301101,0.1425441,1.548714,7.650943,0.4793319,18.14488,0.01553599
初号机（完全体）,13.5,0.02,4.48,0.01820626,0.1988572,1.547993,7.679272,3.974148,15.62274,0.01553599
初号机（完全体）,13.5,0.02,4.5,0.2058797,0.150293,1.541525,7.707502,6.619905,13.69564,0.01553599
初号机（完全体）,13.5,0.02,4.52,0.2688164,-0.1085296,1.551075,7.7357,7.519341,13.05382,0.01553599
初号机（完全体）,13.5,0.02,4.54,0.05597422,-0.1624175,1.54908,7.763909,4.557908,15.27171,0.01553599
初号机（完全体）,13.5,0.02,4.56,-0.1048884,-0.1227525,1.542346,7.792152,2.324207,16.93403,0.01553599
初号机（完全体）,13.5,0.02,4.58,-0.2264658,-0.09277435,1.537258,7.820327,0.6404513,18.1823,0.01553599
初号机（完全体）,13.5,0.02,4.6,-0.232065,0.1547251,1.548026,7.848484,0.5803652,18.25131,0.01553599
初号机（完全体）,13.5,0.02,4.62,0.02462948,0.1882863,1.546188,7.876547,4.1923,15.64459,0.01556628
初号机（完全体）,13.5,0.02,4.64,0.218635,0.1423037,1.540161,7.904696,6.926651,13.65191,0.01556628
初号机（完全体）,13.5,0.02,4.66,0.2734916,-0.1192201,1.550346,7.932806,7.712911,13.09408,0.01556628
初号机（完全体）,13.5,0.02,4.68,0.05465052,-0.1549013,1.547515,7.9608,4.667354,15.37323,0.01559703
初号机（完全体）,13.5,0.02,4.7,-0.110746,-0.1170719,1.541164,7.988757,2.369993,17.0807,0.01559703
初号机（完全体）,13.5,0.02,4.72,-0.23575,-0.08848102,1.536364,8.016719,0.6381255,18.36232,0.01559703
初号机（完全体）,13.5,0.02,4.74,-0.2311853,0.1623155,1.547633,8.044707,0.7202246,18.32843,0.01559703
初号机（完全体）,13.5,0.02,4.76,0.03070988,0.1790894,1.54492,8.072628,4.404877,15.66944,0.01559703
初号机（完全体）,13.5,0.02,4.78,0.228646,0.1353529,1.539203,8.100531,7.194097,13.63608,0.01559703
初号机（完全体）,13.5,0.02,4.8,0.2735869,-0.1285866,1.549889,8.128449,7.841411,13.18135,0.01559703
初号机（完全体）,13.5,0.02,4.82,0.05067524,-0.1476009,1.546235,8.156288,4.738768,15.50136,0.01559703
初号机（完全体）,13.5,0.02,4.84,-0.1177977,-0.1115544,1.540197,8.184104,2.398245,17.23883,0.01559703
初号机（完全体）,13.5,0.02,4.86,-0.2451269,-0.08431096,1.535633,8.211822,0.6336667,18.54249,0.01559703
初号机（完全体）,13.5,0.02,4.88,-0.2290067,0.1692682,1.547328,8.23951,0.877345,18.39175,0.01559703
初号机（完全体）,13.5,0.02,4.9,0.03773357,0.1707745,1.543807,8.267206,4.629682,15.68392,0.01559703
初号机（完全体）,13.5,0.02,4.92,0.2393315,0.1290686,1.538362,8.294935,7.470055,13.61258,0.01559703
初号机（完全体）,13.5,0.02,4.94,0.2734163,-0.1369016,1.549485,8.322597,7.965217,13.27068,0.01559703
初号机（完全体）,13.5,0.02,4.96,0.04652818,-0.1409726,1.545091,8.35024,4.806777,15.63049,0.01559703
初号机（完全体）,13.5,0.02,4.98,-0.1249502,-0.1065448,1.539332,8.377899,2.424078,17.39716,0.01559703
初号机（完全体）,13.5,0.02,5,-0.2545507,-0.08052482,1.534979,8.405483,0.6276132,18.72228,0.01559703
初号机（完全体）,13.5,0.02,5.02,-0.2261195,0.1753792,1.547045,8.433044,1.043562,18.44733,0.01559703
初号机（完全体）,13.5,0.02,5.04,0.04525437,0.1634171,1.542815,8.460617,4.860689,15.69276,0.01559703
初号机（完全体）,13.5,0.02,5.06,0.2503543,0.123508,1.537612,8.488111,7.749935,13.58503,0.01559703
初号机（完全体）,13.5,0.02,5.08,0.2727624,-0.144116,1.549114,8.515582,8.081503,13.36447,0.01559703
初号机（完全体）,13.5,0.02,5.1,0.04204259,-0.135193,1.54408,8.543063,4.869314,15.76249,0.01559703
初号机（完全体）,13.5,0.02,5.12,-0.1323317,-0.1021767,1.538568,8.570466,2.445904,17.5571,0.01559703
初号机（完全体）,13.5,0.02,5.14,-0.2641209,-0.07722345,1.534402,8.597844,0.6186648,18.90275,0.01559703
初号机（完全体）,13.5,0.02,5.16,-0.2226378,0.1805684,1.546784,8.625237,1.21723,18.4963,0.01559703
初号机（完全体）,13.5,0.02,5.18,0.05318839,0.1571481,1.541955,8.65255,5.096519,15.6967,0.01559703
初号机（完全体）,13.5,0.02,5.2,0.2616534,0.11877,1.536962,8.679842,8.032745,13.55396,0.01559703
初号机（完全体）,13.5,0.02,5.22,0.2716214,-0.1501523,1.548783,8.707145,8.190044,13.46265,0.01559703
初号机（完全体）,13.5,0.02,5.24,0.03721739,-0.1303781,1.54322,8.734367,4.926109,15.89721,0.01559703
初号机（完全体）,13.5,0.02,5.26,-0.1399413,-0.09853767,1.537918,8.761572,2.463588,17.71856,0.01559703
初号机（完全体）,13.5,0.02,5.28,-0.273835,-0.07447316,1.533911,8.788788,0.6067812,19.0838,0.01559703
初号机（完全体）,13.5,0.02,5.3,-0.2186029,0.1847843,1.546551,8.815928,1.397667,18.539,0.01559703
初号机（完全体）,13.5,0.02,5.32,0.06150331,0.1520803,1.541243,8.843156,5.33682,15.69613,0.01559703
初号机（完全体）,13.5,0.02,5.34,0.273203,0.1149398,1.536424,8.870234,8.318192,13.51967,0.01559703
初号机（完全体）,13.5,0.02,5.36,0.2700177,-0.1549462,1.548499,8.897365,8.291232,13.56499,0.01559703
初号机（完全体）,13.5,0.02,5.38,0.03207103,-0.1266132,1.542526,8.924438,4.977605,16.03458,0.01559703
初号机（完全体）,13.5,0.02,5.4,-0.1477652,-0.09569223,1.537393,8.951502,2.477509,17.8815,0.01559703
初号机（完全体）,13.5,0.02,5.42,-0.2836825,-0.07232263,1.533514,8.97847,0.5922104,19.26541,0.01559703
初号机（完全体）,13.5,0.02,5.44,-0.2140497,0.1879919,1.546354,9.005411,1.584573,18.57593,0.01559703
初号机（完全体）,13.5,0.02,5.46,0.07017314,0.1482974,1.540691,9.032357,5.581176,15.69129,0.01559703
初号机（完全体）,13.5,0.02,5.48,0.2849842,0.1120807,1.536006,9.059334,8.606042,13.48239,0.01559703
初号机（完全体）,13.5,0.02,5.5,0.2679817,-0.1584526,1.548271,9.086242,8.385498,13.67117,0.01559703
初号机（完全体）,13.5,0.02,5.52,0.02662473,-0.123957,1.542008,9.113131,5.024006,16.1743,0.01559703
初号机（完全体）,13.5,0.02,5.54,-0.1557889,-0.09368471,1.537002,9.140037,2.487724,18.04567,0.01559703
初号机（完全体）,13.5,0.02,5.56,-0.2936542,-0.07080538,1.533218,9.166858,0.5750583,19.44745,0.01559703
初号机（完全体）,13.5,0.02,5.58,-0.2090205,0.1901703,1.546198,9.193657,1.77734,18.60751,0.01559703
初号机（完全体）,13.5,0.02,5.6,0.07916612,0.1458527,1.540307,9.220359,5.829277,15.68259,0.01559703
初号机（完全体）,13.5,0.02,5.62,0.2969729,0.1102331,1.535716,9.247135,8.895952,13.44236,0.01559703
初号机（完全体）,13.5,0.02,5.64,0.2655436,-0.1606466,1.548104,9.273872,8.473326,13.78091,0.01559703
初号机（完全体）,13.5,0.02,5.66,0.02090131,-0.1224422,1.541676,9.300494,5.065664,16.31616,0.01559703
初号机（完全体）,13.5,0.02,5.68,-0.1639953,-0.09253984,1.536751,9.327189,2.494483,18.21091,0.01559703
初号机（完全体）,13.5,0.02,5.7,-0.3037372,-0.06994011,1.533028,9.353836,0.5554326,19.62974,0.01559703
初号机（完全体）,13.5,0.02,5.72,-0.2035543,0.1913119,1.546086,9.380485,1.975304,18.63405,0.01559703
初号机（完全体）,13.5,0.02,5.74,0.08845329,0.1447694,1.540096,9.407042,6.08064,15.67027,0.01559703
初号机（完全体）,13.5,0.02,5.76,0.3091479,0.1094144,1.535556,9.433566,9.18758,13.39976,0.01559703
初号机（完全体）,13.5,0.02,5.78,0.2627373,-0.1615226,1.548,9.460101,8.555085,13.89377,0.01559703
初号机（完全体）,13.5,0.02,5.8,0.01492643,-0.1220761,1.54153,9.486555,5.102955,16.45989,0.01559703
初号机（完全体）,13.5,0.02,5.82,-0.172365,-0.09226314,1.536641,9.513096,2.498147,18.37707,0.01559703
初号机（完全体）,13.5,0.02,5.84,-0.1244679,0.1744324,1.548816,9.539488,3.185856,17.90363,0.01559703
初号机（完全体）,13.5,0.02,5.86,0.09121732,0.1318332,1.542147,9.565932,6.222613,15.71264,0.01559703
初号机（完全体）,13.5,0.02,5.88,0.09251906,-0.1444372,1.552972,9.592315,6.257986,15.71101,0.01559703
初号机（完全体）,13.5,0.02,5.9,-0.05451148,-0.1091633,1.545288,9.61869,4.216719,17.22742,0.01559703
初号机（完全体）,13.5,0.02,5.92,-0.1656348,-0.08250386,1.539481,9.644968,2.678086,18.36679,0.01559703
初号机（完全体）,13.5,0.02,5.94,-0.0824662,0.1815065,1.550943,9.671443,3.859645,17.53518,0.01559703
初号机（完全体）,13.5,0.02,5.96,0.12569,0.1371797,1.543754,9.697718,6.790887,15.41676,0.01559703
初号机（完全体）,13.5,0.02,5.98,0.1122013,-0.1399887,1.55416,9.723897,6.619064,15.56725,0.01559703
初号机（完全体）,13.5,0.02,6,-0.04145085,-0.1058012,1.546186,9.750267,4.485091,17.15243,0.01559703
初号机（完全体）,13.5,0.02,6.02,-0.1575787,-0.07996279,1.540159,9.776548,2.876397,18.34299,0.01559703
初号机（完全体）,13.5,0.02,6.04,-0.06901547,0.1828618,1.551419,9.802578,4.133191,17.45618,0.01559703
初号机（完全体）,13.5,0.02,6.06,0.1385691,0.138204,1.544114,9.828707,7.056336,15.34258,0.01559703
初号机（完全体）,13.5,0.02,6.08,0.1154244,-0.1385454,1.554389,9.854923,6.749352,15.5925,0.01559703
初号机（完全体）,13.5,0.02,6.1,-0.04081875,-0.1047104,1.546359,9.88099,4.578909,17.20371,0.01559703
初号机（完全体）,13.5,0.02,6.12,-0.1589048,-0.0791384,1.54029,9.906993,2.94262,18.41354,0.01559703
初号机（完全体）,13.5,0.02,6.14,-0.06252872,0.1826615,1.551464,9.929707,4.306638,17.44623,0.01559703
初号机（完全体）,13.5,0.02,6.16,0.1461734,0.1380526,1.544149,9.946874,7.239602,15.317,0.01559703
初号机（完全体）,13.5,0.02,6.18,0.1145373,-0.1377347,1.554354,9.959848,6.805133,15.64838,0.01559703
初号机（完全体）,13.5,0.02,6.2,-0.0432837,-0.1040976,1.546333,9.969654,4.602032,17.26796,0.01559703
初号机（完全体）,13.5,0.02,6.22,-0.1625622,-0.07867531,1.54027,9.977065,2.936963,18.48118,0.01559703
初号机（完全体）,13.5,0.02,6.24,-0.05769337,0.1819355,1.551379,9.982666,4.408755,17.42038,0.01559703
初号机（完全体）,13.5,0.02,6.26,0.1525144,0.1375039,1.544084,9.986899,7.354393,15.26954,0.01559703
初号机（完全体）,13.5,0.02,6.28,0.1125849,-0.1369741,1.554229,9.990099,6.797463,15.68194,0.01559703
初号机（完全体）,13.5,0.02,6.3,-0.04654801,-0.1035228,1.546239,9.992517,4.571192,17.31129,0.01559703
初号机（完全体）,13.5,0.02,6.32,-0.166818,-0.07824084,1.540199,9.994344,2.888613,18.53173,0.01559703
初号机（完全体）,13.5,0.02,6.34,-0.05321589,0.1809415,1.551239,9.995725,4.479929,17.38058,0.01559703
初号机（完全体）,13.5,0.02,6.36,0.1585721,0.1367526,1.543979,9.996769,7.445615,15.21152,0.01559703
初号机（完全体）,13.5,0.02,6.38,0.110324,-0.1361227,1.554057,9.997558,6.77066,15.7085,0.01559703
初号机（完全体）,13.5,0.02,6.4,-0.05003377,-0.1028793,1.546108,9.998154,4.526056,17.34926,0.01559703
初号机（完全体）,13.5,0.02,6.42,-0.1712296,-0.07775452,1.540101,9.998605,2.829622,18.57813,0.01559703
初号机（完全体）,13.5,0.02,6.44,-0.04877227,0.1797467,1.551064,9.998945,4.544231,17.33677,0.01559703
初号机（完全体）,13.5,0.02,6.46,0.1645915,0.1358496,1.543846,9.999203,7.531468,15.15055,0.01559703
初号机（完全体）,13.5,0.02,6.48,0.1079549,-0.1351487,1.553849,9.999397,6.738689,15.73367,0.01559703
初号机（完全体）,13.5,0.02,6.5,-0.05359434,-0.1021432,1.545951,9.999544,4.477112,17.38612,0.01559703
初号机（完全体）,13.5,0.02,6.52,-0.1756907,-0.07719819,1.539982,9.999656,2.767849,18.62362,0.01559703
初号机（完全体）,13.5,0.02,6.54,-0.04430204,0.1783717,1.550857,9.99974,4.607331,17.29161,0.01559703
初号机（完全体）,13.5,0.02,6.56,0.1706169,0.1348104,1.54369,9.999804,7.616214,15.08869,0.01559703
初号机（完全体）,13.5,0.02,6.58,0.1055253,-0.1340475,1.553609,9.999851,6.704969,15.75884,0.01559703
初号机（完全体）,13.5,0.02,6.6,-0.0571902,-0.1013109,1.545769,9.999887,4.426994,17.42286,0.01559703
初号机（完全体）,13.5,0.02,6.62,-0.1801679,-0.07656913,1.539845,9.999915,2.705337,18.66892,0.01559703
初号机（完全体）,13.5,0.02,6.64,-0.03979282,0.1768259,1.550622,9.999936,4.670587,17.24577,0.01559703
初号机（完全体）,13.5,0.02,6.66,0.1766579,0.1336421,1.543512,9.999951,7.700884,15.02644,0.01559703
初号机（完全体）,13.5,0.02,6.68,0.1030585,-0.132821,1.553337,9.999963,6.670506,15.78424,0.01559703
初号机（完全体）,13.5,0.02,6.7,-0.06080603,-0.1003839,1.545564,9.999972,4.376428,17.45968,0.01559703
初号机（完全体）,13.5,0.02,6.72,-0.1846521,-0.07586854,1.539689,9.999979,2.6426,18.71418,0.01559703
初号机（完全体）,13.5,0.02,6.74,-0.03525274,0.1751158,1.550359,9.999984,4.734178,17.19954,0.01559703
初号机（完全体）,13.5,0.02,6.76,0.1827094,0.1323497,1.543313,9.999988,7.785627,14.96401,0.01559703
初号机（完全体）,13.5,0.02,6.78,0.1005646,-0.131473,1.553036,9.99999,6.635611,15.80987,0.01559703
初号机（完全体）,13.5,0.02,6.8,-0.06443526,-0.09936519,1.545336,9.999992,4.325632,17.4966,0.01559703
初号机（完全体）,13.5,0.02,6.82,-0.1891395,-0.0750986,1.539517,9.999994,2.579788,18.75944,0.01559703
初号机（完全体）,13.5,0.02,6.84,-0.03069641,0.1732477,1.55007,9.999995,4.797974,17.15312,0.01559703
初号机（完全体）,13.5,0.02,6.86,0.1887603,0.1309378,1.543095,9.999996,7.870343,14.90156,0.01559703
初号机（完全体）,13.5,0.02,6.88,0.0980541,-0.1300083,1.552706,9.999997,6.600468,15.83567,0.01559703
初号机（完全体）,13.5,0.02,6.9,-0.06806547,-0.09825812,1.545087,9.999998,4.274813,17.53352,0.01559703
初号机（完全体）,13.5,0.02,6.92,-0.1936159,-0.07426189,1.539329,9.999998,2.51712,18.80456,0.01559703
初号机（完全体）,13.5,0.02,6.94,-0.02612367,0.1712278,1.549755,9.999998,4.861993,17.1065,0.01559703
初号机（完全体）,13.5,0.02,6.96,0.1948132,0.1294112,1.542857,9.999998,7.955085,14.83906,0.01559703
初号机（完全体）,13.5,0.02,6.98,0.09554153,-0.1284312,1.552349,9.999998,6.565293,15.86147,0.01559703
初号机（完全体）,13.5,0.02,7,-0.07169025,-0.09706618,1.544817,9.999998,4.224067,17.57037,0.01559703
初号机（完全体）,13.5,0.02,7.02,-0.1980813,-0.07336104,1.539125,9.999998,2.454605,18.84956,0.01559703
初号机（完全体）,13.5,0.02,7.04,-0.02155653,0.1690624,1.549416,9.999998,4.925933,17.05994,0.01559703
初号机（完全体）,13.5,0.02,7.06,0.2008455,0.1277746,1.5426,9.999998,8.039536,14.77676,0.01559703
初号机（完全体）,13.5,0.02,7.08,0.09302508,-0.1267466,1.551965,9.999998,6.530064,15.88732,0.01559703
初号机（完全体）,13.5,0.02,7.1,-0.0753098,-0.09579302,1.544527,9.999998,4.173394,17.60715,0.01559703
初号机（完全体）,13.5,0.02,7.12,-0.2025346,-0.07239881,1.538906,9.999998,2.39226,18.89442,0.01559703
初号机（完全体）,13.5,0.02,7.14,-0.01700586,0.166758,1.549053,9.999998,4.989642,17.01352,0.01559703
初号机（完全体）,13.5,0.02,7.16,0.2068537,0.126033,1.542326,9.999998,8.123652,14.71468,0.01559703
初号机（完全体）,13.5,0.02,7.18,0.09052186,-0.1249597,1.551556,9.999998,6.495018,15.91302,0.01559703
初号机（完全体）,13.5,0.02,7.2,-0.07890886,-0.09444247,1.544218,9.999998,4.123007,17.64373,0.01559703
初号机（完全体）,13.5,0.02,7.22,-0.2069619,-0.07137808,1.538672,9.999998,2.330279,18.93901,0.01559703
初号机（完全体）,13.5,0.02,7.24,-0.01247867,0.1643214,1.548668,9.999998,5.053023,16.96734,0.01559703
初号机（完全体）,13.5,0.02,7.26,0.2128314,0.1241914,1.542035,9.999998,8.207338,14.6529,0.01559703
初号机（完全体）,13.5,0.02,7.28,0.08803865,-0.1230752,1.551123,9.999998,6.460253,15.93851,0.01559703
初号机（完全体）,13.5,0.02,7.3,-0.08248582,-0.09301823,1.543891,9.999998,4.072931,17.68006,0.01559703
初号机（完全体）,13.5,0.02,7.32,-0.2113654,-0.07030166,1.538425,9.999998,2.268629,18.98335,0.01559703
初号机（完全体）,13.5,0.02,7.34,-0.007991775,0.1617591,1.548262,9.999998,5.115838,16.92155,0.01559703
初号机（完全体）,13.5,0.02,7.36,0.2187659,0.1222549,1.541728,9.999998,8.290418,14.59155,0.01559703
初号机（完全体）,13.5,0.02,7.38,0.08558445,-0.1210984,1.550668,9.999998,6.425894,15.96371,0.01559703
初号机（完全体）,13.5,0.02,7.4,-0.08603155,-0.09152424,1.543547,9.999998,4.02329,17.71607,0.01559703
初号机（完全体）,13.5,0.02,7.42,-0.2157361,-0.06917253,1.538164,9.999998,2.20744,19.02733,0.01559703
初号机（完全体）,13.5,0.02,7.44,-0.0035557,0.1590781,1.547835,9.999998,5.177942,16.87626,0.01559703
初号机（完全体）,13.5,0.02,7.46,0.2246479,0.1202286,1.541406,9.999998,8.372767,14.53072,0.01559703
初号机（完全体）,13.5,0.02,7.48,0.08316519,-0.1190346,1.55019,9.999998,6.392026,15.98854,0.01559703
初号机（完全体）,13.5,0.02,7.5,-0.0895427,-0.08996438,1.543186,9.999998,3.974134,17.75173,0.01559703
初号机（完全体）,13.5,0.02,7.52,-0.2200725,-0.06799362,1.537892,9.999998,2.146731,19.07096,0.01559703
初号机（完全体）,13.5,0.02,7.54,0.000820103,0.1562851,1.54739,9.999998,5.239203,16.83158,0.01559703
初号机（完全体）,13.5,0.02,7.56,0.2304751,0.1181178,1.541069,9.999998,8.454348,14.47044,0.01559703
初号机（完全体）,13.5,0.02,7.58,0.08079762,-0.1168887,1.549693,9.999998,6.358879,16.01284,0.01559703
初号机（完全体）,13.5,0.02,7.6,-0.09300665,-0.08834261,1.54281,9.999998,3.925639,17.78689,0.01559703
初号机（完全体）,13.5,0.02,7.62,-0.2243651,-0.06676791,1.537608,9.999998,2.086635,19.11413,0.01559703
初号机（完全体）,13.5,0.02,7.64,0.005118411,0.1533873,1.546926,9.999998,5.299379,16.78768,0.01559703
初号机（完全体）,13.5,0.02,7.66,0.2362262,0.1159276,1.540719,9.999998,8.534862,14.41093,0.01559703
初号机（完全体）,13.5,0.02,7.68,0.07847972,-0.1146663,1.549176,9.999998,6.326429,16.03662,0.01559703
初号机（完全体）,13.5,0.02,7.7,-0.09642373,-0.08666295,1.542419,9.999998,3.877801,17.82157,0.01559703
初号机（完全体）,13.5,0.02,7.72,-0.2286129,-0.06549845,1.537313,9.999998,2.027166,19.15685,0.01559703
初号机（完全体）,13.5,0.02,7.74,0.009332911,0.1503916,1.546446,9.999998,5.358383,16.74463,0.01559703
初号机（完全体）,13.5,0.02,7.76,0.2419047,0.1136636,1.540356,9.999998,8.614361,14.35215,0.01559703
初号机（完全体）,13.5,0.02,7.78,0.07622918,-0.1123726,1.548641,9.999998,6.294923,16.05971,0.01559703
初号机（完全体）,13.5,0.02,7.8,-0.09978292,-0.08492941,1.542015,9.999998,3.830773,17.85566,0.01559703
初号机（完全体）,13.5,0.02,7.82,-0.23281,-0.06418827,1.537007,9.999998,1.968407,19.19903,0.01559703
初号机（完全体）,13.5,0.02,7.84,0.01269723,0.1473051,1.54595,9.999998,5.405482,16.71025,0.01559703
初号机（完全体）,13.5,0.02,7.86,0.246073,0.1113308,1.539981,9.999998,8.672717,14.30899,0.01559703
初号机（完全体）,13.5,0.02,7.88,0.07338814,-0.1100129,1.54809,9.999998,6.255148,16.08886,0.01559703
初号机（完全体）,13.5,0.02,7.9,-0.1030027,-0.08314599,1.541599,9.999998,3.785697,17.88832,0.01559703
初号机（完全体）,13.5,0.02,7.92,-0.236316,-0.06284039,1.536692,9.999998,1.919325,19.23426,0.01559703
初号机（完全体）,13.5,0.02,7.94,0.01722789,0.1441349,1.54544,9.999998,5.46891,16.66394,0.01559703
初号机（完全体）,13.5,0.02,7.96,0.2519578,0.1089348,1.539596,9.999998,8.755104,14.24805,0.01559703
初号机（完全体）,13.5,0.02,7.98,0.07160213,-0.1075926,1.547524,9.999998,6.230145,16.10717,0.01559703
初号机（完全体）,13.5,0.02,8,-0.1059968,-0.08131671,1.54117,9.999998,3.743779,17.91869,0.01559703
初号机（完全体）,13.5,0.02,8.02,-0.2402232,-0.06145785,1.536369,9.999998,1.864624,19.27351,0.01559703
初号机（完全体）,13.5,0.02,8.04,0.02122587,0.1408879,1.544917,9.999998,5.524882,16.62306,0.01559703
初号机（完全体）,13.5,0.02,8.059999,0.2574377,0.1064808,1.5392,9.999998,8.83182,14.19128,0.01559703
初号机（完全体）,13.5,0.02,8.08,0.06968129,-0.1051168,1.546943,9.999998,6.203253,16.12687,0.01559703
初号机（完全体）,13.5,0.02,8.099999,-0.1090847,-0.07944559,1.540732,9.999998,3.700549,17.95,0.01559703
初号机（完全体）,13.5,0.02,8.12,-0.2441931,-0.06004368,1.536037,9.999998,1.809046,19.31338,0.01559703
初号机（完全体）,13.5,0.02,8.139999,0.02499713,0.1375712,1.544381,9.999998,5.577679,16.5845,0.01559703
初号机（完全体）,13.5,0.02,8.16,0.262737,0.1039741,1.538795,9.999998,8.906011,14.13637,0.01559703
初号机（完全体）,13.5,0.02,8.179999,0.06780907,-0.1025909,1.54635,9.999998,6.177042,16.14607,0.01559703
初号机（完全体）,13.5,0.02,8.2,-0.1121265,-0.07753657,1.540283,9.999998,3.657963,17.98083,0.01559703
初号机（完全体）,13.5,0.02,8.22,-0.2481188,-0.05860088,1.535698,9.999998,1.754085,19.3528,0.01559703
初号机（完全体）,13.5,0.02,8.24,0.02860377,0.1341917,1.543834,9.999998,5.628171,16.54761,0.01559703
初号机（完全体）,13.5,0.02,8.26,0.2658345,0.1014199,1.538382,9.999998,8.949376,14.10427,0.01559703
初号机（完全体）,13.5,0.02,8.28,0.06602426,-0.1013535,1.545832,9.999998,6.152054,16.16437,0.01559703
初号机（完全体）,13.5,0.02,8.3,-0.1147808,-0.07660129,1.539892,9.999998,3.620803,18.00774,0.01559703
初号机（完全体）,13.5,0.02,8.32,-0.2514304,-0.05789401,1.535402,9.999998,1.707725,19.38603,0.01559703
初号机（完全体）,13.5,0.02,8.34,0.02714902,0.1342496,1.54358,9.999998,5.607805,16.56249,0.01559703
初号机（完全体）,13.5,0.02,8.36,0.264735,0.1014637,1.53819,9.999998,8.933984,14.11567,0.01559703
初号机（完全体）,13.5,0.02,8.38,0.06524687,-0.1013204,1.545686,9.999998,6.141171,16.17234,0.01559703
初号机（完全体）,13.5,0.02,8.4,-0.1153684,-0.07657629,1.539782,9.999998,3.612578,18.01369,0.01559703
初号机（完全体）,13.5,0.02,8.42,-0.2518744,-0.05787512,1.535319,9.999998,1.701508,19.39049,0.01559703
初号机（完全体）,13.5,0.02,8.44,0.02681341,0.1342639,1.543517,9.999998,5.603107,16.56592,0.01559703
初号机（完全体）,13.5,0.02,8.46,0.2644814,0.1014745,1.538142,9.999998,8.930431,14.1183,0.01559703
初号机（完全体）,13.5,0.02,8.48,0.06505517,-0.1013122,1.54565,9.999998,6.138488,16.1743,0.01559703
初号机（完全体）,13.5,0.02,8.5,-0.1155133,-0.07657013,1.539755,9.999998,3.610549,18.01516,0.01559703
初号机（完全体）,13.5,0.02,8.52,-0.2519839,-0.05787046,1.535299,9.999998,1.699974,19.39159,0.01559703
初号机（完全体）,13.5,0.02,8.54,0.02673182,0.1342674,1.543501,9.999998,5.601964,16.56675,0.01559703
初号机（完全体）,13.5,0.02,8.559999,0.2644197,0.1014771,1.53813,9.999998,8.929568,14.11893,0.01559703
初号机（完全体）,13.5,0.02,8.58,0.0650074,-0.1013102,1.545641,9.999998,6.137818,16.17479,0.01559703
初号机（完全体）,13.5,0.02,8.599999,-0.1155494,-0.07656861,1.539748,9.999998,3.610044,18.01553,0.01559703
初号机（完全体）,13.5,0.02,8.62,-0.2520112,-0.05786931,1.535294,9.999998,1.699593,19.39186,0.01559703
初号机（完全体）,13.5,0.02,8.639999,0.02671121,0.1342683,1.543497,9.999998,5.601677,16.56697,0.01559703
初号机（完全体）,13.5,0.02,8.66,0.2644041,0.1014778,1.538127,9.999998,8.929351,14.1191,0.01559703
初号机（完全体）,13.5,0.02,8.679999,0.06499795,-0.1013097,1.545639,9.999998,6.137687,16.17489,0.01559703
初号机（完全体）,13.5,0.02,8.7,-0.1155565,-0.07656824,1.539746,9.999998,3.609944,18.0156,0.01559703
初号机（完全体）,13.5,0.02,8.72,-0.2520166,-0.05786903,1.535292,9.999998,1.699517,19.39192,0.01559703
初号机（完全体）,13.5,0.02,8.74,0.02670711,0.1342685,1.543496,9.999998,5.60162,16.56701,0.01559703
初号机（完全体）,13.5,0.02,8.76,0.264401,0.101478,1.538127,9.999998,8.929307,14.11913,0.01559703
初号机（完全体）,13.5,0.02,8.78,0.06499328,-0.1013096,1.545639,9.999998,6.137621,16.17494,0.01559703
初号机（完全体）,13.5,0.02,8.8,-0.11556,-0.07656814,1.539746,9.999998,3.609895,18.01564,0.01559703
初号机（完全体）,13.5,0.02,8.82,-0.2520193,-0.05786896,1.535292,9.999998,1.699479,19.39194,0.01559703
初号机（完全体）,13.5,0.02,8.84,0.0267051,0.1342686,1.543496,9.999998,5.601592,16.56703,0.01559703
初号机（完全体）,13.5,0.02,8.86,0.2643996,0.101478,1.538127,9.999998,8.929287,14.11914,0.01559703
初号机（完全体）,13.5,0.02,8.88,0.06499215,-0.1013096,1.545639,9.999998,6.137606,16.17495,0.01559703
初号机（完全体）,13.5,0.02,8.9,-0.1155609,-0.07656812,1.539746,9.999998,3.609883,18.01565,0.01559703
初号机（完全体）,13.5,0.02,8.92,-0.2520199,-0.05786894,1.535292,9.999998,1.699471,19.39195,0.01559703
初号机（完全体）,13.5,0.02,8.94,0.02670461,0.1342686,1.543496,9.999998,5.601584,16.56703,0.01559703
初号机（完全体）,13.5,0.02,8.96,0.2643992,0.101478,1.538126,9.999998,8.92928,14.11915,0.01559703
初号机（完全体）,13.5,0.02,8.98,0.06499186,-0.1013096,1.545639,9.999998,6.137602,16.17496,0.01559703
初号机（完全体）,13.5,0.02,9,-0.1155611,-0.07656812,1.539746,9.999998,3.609879,18.01565,0.01559703
初号机（完全体）,13.5,0.02,9.02,-0.2520201,-0.05786894,1.535292,9.999998,1.699469,19.39195,0.01559703
初号机（完全体）,13.5,0.02,9.04,0.0267045,0.1342686,1.543496,9.999998,5.601583,16.56703,0.01559703
初号机（完全体）,13.5,0.02,9.059999,0.2643991,0.101478,1.538126,9.999998,8.929279,14.11915,0.01559703
初号机（完全体）,13.5,0.02,9.08,0.06499179,-0.1013096,1.545639,9.999998,6.137601,16.17496,0.01559703
初号机（完全体）,13.5,0.02,9.099999,-0.1155612,-0.07656812,1.539746,9.999998,3.609878,18.01565,0.01559703
初号机（完全体）,13.5,0.02,9.12,-0.2520202,-0.05786894,1.535292,9.999998,1.699468,19.39195,0.01559703
初号机（完全体）,13.5,0.02,9.139999,0.02670445,0.1342686,1.543496,9.999998,5.601582,16.56703,0.01559703
初号机（完全体）,13.5,0.02,9.16,0.2643991,0.101478,1.538126,9.999998,8.92928,14.11915,0.01559703
初号机（完全体）,13.5,0.02,9.179999,0.06499177,-0.1013096,1.545639,9.999998,6.137601,16.17496,0.01559703
初号机（完全体）,13.5,0.02,9.2,-0.1155612,-0.07656812,1.539746,9.999998,3.609878,18.01565,0.01559703
初号机（完全体）,13.5,0.02,9.22,-0.2520202,-0.05786894,1.535292,9.999998,1.699468,19.39195,0.01559703
初号机（完全体）,13.5,0.02,9.24,0.02670445,0.1342686,1.543496,9.999998,5.601582,16.56703,0.01559703
初号机（完全体）,13.5,0.02,9.26,0.2643991,0.101478,1.538126,9.999998,8.92928,14.11915,0.01559703
初号机（完全体）,13.5,0.02,9.28,0.06499177,-0.1013096,1.545639,9.999998,6.137601,16.17496,0.01559703
初号机（完全体）,13.5,0.02,9.3,-0.1155612,-0.07656812,1.539746,9.999998,3.609878,18.01565,0.01559703
初号机（完全体）,13.5,0.02,9.32,-0.2520202,-0.05786894,1.535292,9.999998,1.699467,19.39195,0.01559703
初号机（完全体）,13.5,0.02,9.34,0.02670445,0.1342686,1.543496,9.999998,5.601582,16.56703,0.01559703
初号机（完全体）,13.5,0.02,9.36,0.2643991,0.101478,1.538126,9.999998,8.929279,14.11915,0.01559703
初号机（完全体）,13.5,0.02,9.38,0.06499177,-0.1013096,1.545639,9.999998,6.137601,16.17496,0.01559703
初号机（完全体）,13.5,0.02,9.4,-0.1155612,-0.07656812,1.539746,9.999998,3.609878,18.01565,0.01559703
初号机（完全体）,13.5,0.02,9.42,-0.2520202,-0.05786894,1.535292,9.999998,1.699468,19.39195,0.01559703
初号机（完全体）,13.5,0.02,9.44,0.02670445,0.1342686,1.543496,9.999998,5.601583,16.56703,0.01559703
初号机（完全体）,13.5,0.02,9.46,0.2643991,0.101478,1.538126,9.999998,8.92928,14.11915,0.01559703
初号机（完全体）,13.5,0.02,9.48,0.06499177,-0.1013096,1.545639,9.999998,6.137601,16.17496,0.01559703
初号机（完全体）,13.5,0.02,9.5,-0.1155612,-0.07656812,1.539746,9.999998,3.609878,18.01565,0.01559703
初号机（完全体）,13.5,0.02,9.52,-0.2520202,-0.05786894,1.535292,9.999998,1.699467,19.39195,0.01559703
初号机（完全体）,13.5,0.02,9.54,0.02670445,0.1342686,1.543496,9.999998,5.601583,16.56703,0.01559703
初号机（完全体）,13.5,0.02,9.559999,0.2643991,0.101478,1.538126,9.999998,8.92928,14.11915,0.01559703
初号机（完全体）,13.5,0.02,9.58,0.06499177,-0.1013096,1.545639,9.999998,6.137601,16.17496,0.01559703
初号机（完全体）,13.5,0.02,9.599999,-0.1155612,-0.07656812,1.539746,9.999998,3.609878,18.01565,0.01559703
初号机（完全体）,13.5,0.02,9.62,-0.2520202,-0.05786894,1.535292,9.999998,1.699467,19.39195,0.01559703
初号机（完全体）,13.5,0.02,9.639999,0.02670445,0.1342686,1.543496,9.999998,5.601582,16.56703,0.01559703
初号机（完全体）,13.5,0.02,9.66,0.2643991,0.101478,1.538126,9.999998,8.929279,14.11915,0.01559703
初号机（完全体）,13.5,0.02,9.679999,0.06499177,-0.1013096,1.545639,9.999998,6.137601,16.17496,0.01559703
初号机（完全体）,13.5,0.02,9.7,-0.1155612,-0.07656812,1.539746,9.999998,3.609878,18.01565,0.01559703
初号机（完全体）,13.5,0.02,9.719999,-0.2520202,-0.05786894,1.535292,9.999998,1.699468,19.39195,0.01559703
初号机（完全体）,13.5,0.02,9.74,0.02670445,0.1342686,1.543496,9.999998,5.601582,16.56703,0.01559703
初号机（完全体）,13.5,0.02,9.76,0.2643991,0.101478,1.538126,9.999998,8.92928,14.11915,0.01559703
初号机（完全体）,13.5,0.02,9.78,0.06499177,-0.1013096,1.545639,9.999998,6.137601,16.17496,0.01559703
初号机（完全体）,13.5,0.02,9.8,-0.1155612,-0.07656812,1.539746,9.999998,3.609878,18.01565,0.01559703
初号机（完全体）,13.5,0.02,9.82,-0.2520202,-0.05786894,1.535292,9.999998,1.699467,19.39195,0.01559703
初号机（完全体）,13.5,0.02,9.84,0.02670445,0.1342686,1.543496,9.999998,5.601582,16.56703,0.01559703
初号机（完全体）,13.5,0.02,9.86,0.2643991,0.101478,1.538126,9.999998,8.92928,14.11915,0.01559703
初号机（完全体）,13.5,0.02,9.88,0.06499177,-0.1013096,1.545639,9.999998,6.137601,16.17496,0.01559703
初号机（完全体）,13.5,0.02,9.9,-0.1155612,-0.07656812,1.539746,9.999998,3.609878,18.01565,0.01559703
初号机（完全体）,13.5,0.02,9.92,-0.2520202,-0.05786894,1.535292,9.999998,1.699467,19.39195,0.01559703
初号机（完全体）,13.5,0.02,9.94,0.02670445,0.1342686,1.543496,9.999998,5.601582,16.56703,0.01559703
初号机（完全体）,13.5,0.02,9.96,0.2643991,0.101478,1.538126,9.999998,8.92928,14.11915,0.01559703
初号机（完全体）,13.5,0.02,9.98,0.06499177,-0.1013096,1.545639,9.999998,6.137601,16.17496,0.01559703
初号机（完全体）,4,0.03333334,0,9.983384E-06,6.161089E-07,1.661509,-4.786023E-05,-1.272064,12.36121,1.95245E-06
初号机（完全体）,4,0.03333334,0.03333334,6.260471E-06,3.863552E-07,1.661509,0.243987,-1.113556,12.47164,1.046045E-05
初号机（完全体）,4,0.03333334,0.06666667,3.925873E-06,-0.0256794,1.65908,0.4389711,-0.9868469,12.55986,6.156936E-05
初号机（完全体）,4,0.03333334,0.1,-0.003540516,-0.109331,1.645113,0.5951172,-0.934967,12.66744,6.493516E-05
初号机（完全体）,4,0.03333334,0.1333333,-0.02359382,-0.2493934,1.619551,0.7220469,-1.133209,12.93386,6.493516E-05
初号机（完全体）,4,0.03333334,0.1666667,-0.06958072,-0.3975028,1.595905,0.8277237,-1.708344,13.46016,6.493516E-05
初号机（完全体）,4,0.03333334,0.2,-0.1388802,-0.482339,1.576194,0.9182996,-2.619629,14.22006,0.002319339
初号机（完全体）,4,0.03333334,0.2333333,-0.2120154,-0.4565473,1.551184,0.998328,-3.591522,15.01203,0.01425347
初号机（完全体）,4,0.03333334,0.2666667,-0.2578777,-0.3299181,1.542953,1.07108,-4.186279,15.51708,0.01425347
初号机（完全体）,4,0.03333334,0.3,-0.2866374,-0.206888,1.534956,1.138858,-4.544861,15.84295,0.01425347
初号机（完全体）,4,0.03333334,0.3333333,-0.3046724,-0.1297372,1.529942,1.203256,-4.755493,16.05673,0.01425347
初号机（完全体）,4,0.03333334,0.3666667,-0.3159819,-0.02910862,1.530193,1.265364,-4.873444,16.2003,0.01425347
初号机（完全体）,4,0.03333334,0.4,-0.3230439,0.1614573,1.538636,1.325917,-4.932953,16.29956,0.01425347
初号机（完全体）,4,0.03333334,0.4333334,-0.3050233,0.4122017,1.552461,1.385412,-4.641998,16.14129,0.01425347
初号机（完全体）,4,0.03333334,0.4666667,-0.2455186,0.6309102,1.565126,1.444179,-3.770752,15.55626,0.01425347
初号机（完全体）,4,0.03333334,0.5,-0.1577802,0.7253064,1.570289,1.502435,-2.504547,14.67754,0.01425347
初号机（完全体）,4,0.03333334,0.5333334,-0.07365281,0.6614854,1.565531,1.560326,-1.289154,13.83221,0.01425347
初号机（完全体）,4,0.03333334,0.5666667,-0.01969141,0.4871283,1.553815,1.617945,-0.4962463,13.29744,0.01501673
初号机（完全体）,4,0.03333334,0.6,0.01414719,0.307422,1.541895,1.675355,0.01480527,12.97105,0.01501673
初号机（完全体）,4,0.03333334,0.6333334,0.03536701,0.192781,1.534292,1.732595,0.3490863,12.77573,0.01501673
初号机（完全体）,4,0.03333334,0.6666667,0.04867373,0.0604638,1.533453,1.789691,0.5724912,12.66275,0.01501673
初号机（完全体）,4,0.03333334,0.7,0.05558221,-0.1646252,1.542164,1.846665,0.7062418,12.61643,0.01501673
初号机（完全体）,4,0.03333334,0.7333333,0.0104367,-0.4374641,1.556186,1.903521,0.1111659,13.11267,0.01501673
初号机（完全体）,4,0.03333334,0.7666667,-0.1040226,-0.6444643,1.567314,1.960272,-1.454376,14.32667,0.01501673
初号机（完全体）,4,0.03333334,0.8000001,-0.2522879,-0.6911228,1.568887,2.01692,-3.493256,15.88095,0.01501673
初号机（完全体）,4,0.03333334,0.8333334,-0.3684274,-0.5720722,1.560233,2.073466,-5.082428,17.09448,0.01501673
初号机（完全体）,4,0.03333334,0.8666667,-0.4412573,-0.3800757,1.547179,2.129916,-6.065338,17.86009,0.01501673
初号机（完全体）,4,0.03333334,0.9,-0.4869281,-0.2383413,1.537606,2.186269,-6.668091,18.34741,0.01501673
初号机（完全体）,4,0.03333334,0.9333334,-0.5155677,-0.1494613,1.531603,2.242526,-7.032501,18.66131,0.01501673
初号机（完全体）,4,0.03333334,0.9666667,-0.5335273,-0.02477874,1.53232,2.298693,-7.247406,18.86692,0.01501673
初号机（完全体）,4,0.03333334,1,-0.5352678,0.2092589,1.542901,2.354765,-7.235321,18.90892,0.01501673
初号机（完全体）,4,0.03333334,1.033333,-0.4040755,0.4835161,1.557822,2.410739,-5.362274,17.60612,0.01501673
初号机（完全体）,4,0.03333334,1.066667,-0.1260107,0.6603496,1.567495,2.46662,-1.433075,14.78099,0.01501673
初号机（完全体）,4,0.03333334,1.1,0.1887386,0.6498584,1.565671,2.522406,3.009645,11.53023,0.01501673
初号机（完全体）,4,0.03333334,1.133333,0.4001964,0.4854342,1.554267,2.578106,6.006236,9.331334,0.01516985
初号机（完全体）,4,0.03333334,1.166667,0.5327992,0.3047516,1.542073,2.633711,7.898803,7.954429,0.01516985
初号机（完全体）,4,0.03333334,1.2,0.615953,0.1911064,1.534404,2.689219,9.099026,7.098048,0.01516985
初号机（完全体）,4,0.03333334,1.233333,0.6680979,0.04307446,1.534585,2.744639,9.865071,6.569688,0.01516985
初号机（完全体）,4,0.03333334,1.266667,0.6790679,-0.2168422,1.545559,2.799963,10.05461,6.478576,0.01516985
初号机（完全体）,4,0.03333334,1.3,0.4960991,-0.4996572,1.56023,2.855196,7.528969,8.444647,0.01516985
初号机（完全体）,4,0.03333334,1.333333,0.1343066,-0.6509016,1.567732,2.910337,2.499755,12.27571,0.01516985
初号机（完全体）,4,0.03333334,1.366667,-0.2263316,-0.5952061,1.562652,2.965385,-2.513367,16.0364,0.01516985
初号机（完全体）,4,0.03333334,1.4,-0.4531986,-0.4092654,1.549651,3.020349,-5.653748,18.37182,0.01516985
初号机（完全体）,4,0.03333334,1.433333,-0.5954644,-0.2566459,1.539156,3.075216,-7.609802,19.82647,0.01516985
初号机（完全体）,4,0.03333334,1.466667,-0.6846777,-0.1609398,1.532575,3.129982,-8.823181,20.73912,0.01516985
初号机（完全体）,4,0.03333334,1.5,-0.7406225,-0.01614049,1.533959,3.184671,-9.570831,21.3166,0.01516985
初号机（完全体）,4,0.03333334,1.533333,-0.7359674,0.2519075,1.546348,3.239256,-9.470184,21.29398,0.01516985
初号机（完全体）,4,0.03333334,1.566667,-0.4824276,0.5285153,1.561171,3.29376,-5.885223,18.7865,0.01516985
初号机（完全体）,4,0.03333334,1.6,-0.03596555,0.6430746,1.566638,3.348171,0.4005543,14.24471,0.01516985
初号机（完全体）,4,0.03333334,1.633333,0.3460982,0.5421622,1.558837,3.402492,5.784714,10.27811,0.01516985
初号机（完全体）,4,0.03333334,1.666667,0.5856863,0.3493802,1.545528,3.456716,9.174164,7.77191,0.01516985
初号机（完全体）,4,0.03333334,1.7,0.7359293,0.2190925,1.536571,3.510862,11.31275,6.201541,0.01516985
初号机（完全体）,4,0.03333334,1.733333,0.8301451,0.04381519,1.537036,3.564912,12.66689,5.223613,0.01516985
初号机（完全体）,4,0.03333334,1.766667,0.8258064,-0.252901,1.54947,3.618861,12.64121,5.294734,0.01516985
初号机（完全体）,4,0.03333334,1.8,0.5166707,-0.5314986,1.563282,3.672731,8.348364,8.601802,0.01516985
初号机（完全体）,4,0.03333334,1.833333,0.01819798,-0.6115872,1.565793,3.726505,1.404753,13.85314,0.01516985
初号机（完全体）,4,0.03333334,1.866667,-0.3552496,-0.4750159,1.555226,3.780202,-3.788574,17.71296,0.01550566
初号机（完全体）,4,0.03333334,1.9,-0.5894345,-0.2978773,1.542653,3.833803,-7.032288,20.09465,0.01550566
初号机（完全体）,4,0.03333334,1.933333,-0.7362893,-0.1867956,1.534768,3.887313,-9.053467,21.57425,0.01550566
初号机（完全体）,4,0.03333334,1.966667,-0.8283803,-0.0005793988,1.5374,3.940734,-10.30801,22.50061,0.01550566
初号机（完全体）,4,0.03333334,2,-0.7554806,0.3201421,1.552307,3.994054,-9.252747,21.80872,0.01550566
初号机（完全体）,4,0.03333334,2.033334,-0.3216474,0.5576143,1.564018,4.047307,-3.144531,17.4891,0.01550566
初号机（完全体）,4,0.03333334,2.066667,0.1712093,0.5298374,1.559876,4.100454,3.78996,12.42894,0.01550566
初号机（完全体）,4,0.03333334,2.1,0.4802744,0.3435922,1.546305,4.061593,8.091578,9.164581,0.01550566
初号机（完全体）,4,0.03333334,2.133333,0.6740857,0.2154629,1.537058,3.977222,10.75007,7.073427,0.01550566
初号机（完全体）,4,0.03333334,2.166667,0.7956227,0.0009187326,1.539983,3.888314,12.39379,5.740453,0.01550566
初号机（完全体）,4,0.03333334,2.2,0.6981114,-0.34304,1.555429,3.81096,10.97836,6.741756,0.01550566
初号机（完全体）,4,0.03333334,2.233333,0.2150059,-0.5419298,1.564022,3.749493,4.174984,11.81204,0.01550566
初号机（完全体）,4,0.03333334,2.266667,-0.2324303,-0.447812,1.555187,3.703171,-2.119171,16.42656,0.01553618
初号机（完全体）,4,0.03333334,2.3,-0.5130127,-0.280818,1.542628,3.669457,-6.069214,19.25811,0.01553618
初号机（完全体）,4,0.03333334,2.333333,-0.6889628,-0.1760979,1.534752,3.645517,-8.548065,21.00314,0.01553618
初号机（完全体）,4,0.03333334,2.366667,-0.7992992,0.02376665,1.538536,3.628824,-10.10361,22.08363,0.01553618
初号机（完全体）,4,0.03333334,2.4,-0.6838476,0.35852,1.554522,3.617349,-8.494751,20.94037,0.01553618
初号机（完全体）,4,0.03333334,2.433333,-0.1980872,0.5516372,1.563454,3.609547,-1.699249,16.033,0.01553618
初号机（完全体）,4,0.03333334,2.466667,0.2480707,0.4538993,1.55483,3.604293,4.543509,11.39974,0.01553618
初号机（完全体）,4,0.03333334,2.5,0.5278515,0.2846353,1.542404,3.600779,8.458125,8.450533,0.01553618
初号机（完全体）,4,0.03333334,2.533334,0.703299,0.04429597,1.543335,3.598446,10.91285,6.588789,0.01553618
初号机（完全体）,4,0.03333334,2.566667,0.6429132,-0.3158387,1.557531,3.596905,10.06646,7.229377,0.01553618
初号机（完全体）,4,0.03333334,2.6,0.2235532,-0.5248722,1.565341,3.595891,4.194806,11.65284,0.01553618
初号机（完全体）,4,0.03333334,2.633333,-0.1700531,-0.4371153,1.556014,3.595227,-1.316071,15.73875,0.01553618
初号机（完全体）,4,0.03333334,2.666667,-0.4168794,-0.2741102,1.543146,3.594793,-4.771881,18.25625,0.01553618
初号机（完全体）,4,0.03333334,2.7,-0.5716614,-0.1718915,1.535077,3.594511,-6.938995,19.81346,0.01553618
初号机（完全体）,4,0.03333334,2.733334,-0.6687235,0.02640443,1.53874,3.594328,-8.297974,20.78049,0.01553618
初号机（完全体）,4,0.03333334,2.766667,-0.5591831,0.3601741,1.554649,3.59421,-6.764496,19.68845,0.01553618
初号机（完全体）,4,0.03333334,2.8,-0.1089988,0.5526744,1.563534,3.594134,-0.4620361,15.1097,0.01553618
初号机（完全体）,4,0.03333334,2.833333,0.3039371,0.4545498,1.55488,3.594085,5.318996,10.80877,0.0155664
初号机（完全体）,4,0.03333334,2.866667,0.5628847,0.2850432,1.542436,3.594054,8.944215,8.076562,0.0155664
初号机（完全体）,4,0.03333334,2.9,0.7252679,0.04455174,1.543355,3.594033,11.21755,6.353235,0.0155664
初号机（完全体）,4,0.03333334,2.933333,0.6566897,-0.3156783,1.557543,3.59402,10.25745,7.08182,0.0155664
初号机（完全体）,4,0.03333334,2.966667,0.2321925,-0.5247716,1.565348,3.594011,4.314533,11.56149,0.0155664
初号机（完全体）,4,0.03333334,3,-0.1646353,-0.4370522,1.556018,3.594032,-1.240997,15.68252,0.0155664
初号机（完全体）,4,0.03333334,3.033334,-0.4134817,-0.2740707,1.543149,3.594011,-4.724823,18.22152,0.0155664
初号机（完全体）,4,0.03333334,3.066667,-0.5695305,-0.1718667,1.535079,3.594,-6.909515,19.79192,0.0155664
初号机（完全体）,4,0.03333334,3.1,-0.6673871,0.02641998,1.538741,3.593996,-8.27948,20.76708,0.0155664
初号机（完全体）,4,0.03333334,3.133333,-0.5583448,0.3601839,1.55465,3.593995,-6.752899,19.67996,0.0155664
初号机（完全体）,4,0.03333334,3.166667,-0.1084727,0.5526806,1.563534,3.593995,-0.4547424,15.10421,0.0155664
初号机（完全体）,4,0.03333334,3.2,0.3042675,0.4545536,1.554881,3.593994,5.323565,10.80525,0.01559675
初号机（完全体）,4,0.03333334,3.233334,0.5630924,0.2850456,1.542436,3.593995,8.947083,8.074337,0.01559675
初号机（完全体）,4,0.03333334,3.266667,0.7253986,0.04455328,1.543355,3.593996,11.21935,6.351828,0.01559675
初号机（完全体）,4,0.03333334,3.3,0.6567718,-0.3156773,1.557543,3.593996,10.25859,7.080936,0.01559675
初号机（完全体）,4,0.03333334,3.333333,0.2322438,-0.524771,1.565348,3.593997,4.315241,11.56094,0.01559675
初号机（完全体）,4,0.03333334,3.366667,-0.1646033,-0.4370518,1.556018,3.593997,-1.24057,15.68218,0.01559675
初号机（完全体）,4,0.03333334,3.4,-0.4134619,-0.2740704,1.543149,3.593997,-4.724579,18.22132,0.01559675
初号机（完全体）,4,0.03333334,3.433333,-0.5695183,-0.1718666,1.535079,3.593997,-6.909332,19.7918,0.01559675
初号机（完全体）,4,0.03333334,3.466667,-0.6673796,0.02642007,1.538741,3.593997,-8.279388,20.76701,0.01559675
初号机（完全体）,4,0.03333334,3.5,-0.5583406,0.3601839,1.55465,3.593997,-6.752838,19.67992,0.01559675
初号机（完全体）,4,0.03333334,3.533334,-0.1084705,0.5526806,1.563534,3.593997,-0.4547119,15.10419,0.01559675
初号机（完全体）,4,0.03333334,3.566667,0.3042684,0.4545536,1.554881,3.593997,5.323579,10.80525,0.01559675
初号机（完全体）,4,0.03333334,3.6,0.5630925,0.2850456,1.542436,3.593997,8.947087,8.074336,0.01559675
初号机（完全体）,4,0.03333334,3.633333,0.7253982,0.04455328,1.543355,3.593997,11.21935,6.351832,0.01559675
初号机（完全体）,4,0.03333334,3.666667,0.6567716,-0.3156773,1.557543,3.593997,10.25858,7.080937,0.01559675
初号机（完全体）,4,0.03333334,3.7,0.2322437,-0.524771,1.565348,3.593997,4.31524,11.56094,0.01559675
初号机（完全体）,4,0.03333334,3.733334,-0.1646034,-0.4370518,1.556018,3.593997,-1.24057,15.68218,0.01559675
初号机（完全体）,4,0.03333334,3.766667,-0.4134619,-0.2740704,1.543149,3.593997,-4.724579,18.22132,0.01559675
初号机（完全体）,4,0.03333334,3.8,-0.5695184,-0.1718666,1.535079,3.593997,-6.909332,19.7918,0.01559675
初号机（完全体）,4,0.03333334,3.833333,-0.6673797,0.02642007,1.538741,3.593997,-8.279388,20.76701,0.01559675
初号机（完全体）,4,0.03333334,3.866667,-0.5583406,0.3601839,1.55465,3.593997,-6.752869,19.67992,0.01559675
初号机（完全体）,4,0.03333334,3.9,-0.1084705,0.5526806,1.563534,3.593997,-0.4547119,15.10419,0.01559675
初号机（完全体）,4,0.03333334,3.933334,0.3042684,0.4545536,1.554881,3.593997,5.323579,10.80525,0.01559675
初号机（完全体）,4,0.03333334,3.966667,0.5630925,0.2850456,1.542436,3.593997,8.947087,8.074336,0.01559675
初号机（完全体）,4,0.03333334,4,0.7253982,0.04455328,1.543355,3.593997,11.21935,6.351832,0.01559675
初号机（完全体）,4,0.03333334,4.033334,0.6567716,-0.3156773,1.557543,3.593997,10.25858,7.080937,0.01559675
初号机（完全体）,4,0.03333334,4.066667,0.2322437,-0.524771,1.565348,3.593997,4.31524,11.56094,0.01559675
初号机（完全体）,4,0.03333334,4.1,-0.1646034,-0.4370518,1.556018,3.593997,-1.24057,15.68218,0.01559675
初号机（完全体）,4,0.03333334,4.133334,-0.4134619,-0.2740704,1.543149,3.593997,-4.724579,18.22132,0.01559675
初号机（完全体）,4,0.03333334,4.166667,-0.5695184,-0.1718666,1.535079,3.593997,-6.909332,19.7918,0.01559675
初号机（完全体）,4,0.03333334,4.2,-0.6673797,0.02642007,1.538741,3.593997,-8.279388,20.76701,0.01559675
初号机（完全体）,4,0.03333334,4.233334,-0.5583406,0.3601839,1.55465,3.593997,-6.752838,19.67992,0.01559675
初号机（完全体）,4,0.03333334,4.266667,-0.1084705,0.5526806,1.563534,3.593997,-0.4547119,15.10419,0.01559675
初号机（完全体）,4,0.03333334,4.3,0.3042684,0.4545536,1.554881,3.593997,5.323579,10.80525,0.01559675
初号机（完全体）,4,0.03333334,4.333333,0.5630925,0.2850456,1.542436,3.593997,8.947087,8.074336,0.01559675
初号机（完全体）,4,0.03333334,4.366667,0.7253982,0.04455328,1.543355,3.593997,11.21935,6.351832,0.01559675
初号机（完全体）,4,0.03333334,4.4,0.6567716,-0.3156773,1.557543,3.593997,10.25858,7.080937,0.01559675
初号机（完全体）,4,0.03333334,4.433333,0.2322437,-0.524771,1.565348,3.593997,4.31524,11.56094,0.01559675
初号机（完全体）,4,0.03333334,4.466667,-0.1646034,-0.4370518,1.556018,3.593997,-1.24057,15.68218,0.01559675
初号机（完全体）,4,0.03333334,4.5,-0.4134619,-0.2740704,1.543149,3.593997,-4.724579,18.22132,0.01559675
初号机（完全体）,4,0.03333334,4.533334,-0.5695184,-0.1718666,1.535079,3.593997,-6.909332,19.7918,0.01559675
初号机（完全体）,4,0.03333334,4.566667,-0.6673797,0.02642007,1.538741,3.593997,-8.279388,20.76701,0.01559675
初号机（完全体）,4,0.03333334,4.6,-0.5583406,0.3601839,1.55465,3.593997,-6.752869,19.67992,0.01559675
初号机（完全体）,4,0.03333334,4.633334,-0.1084705,0.5526806,1.563534,3.593997,-0.4547119,15.10419,0.01559675
初号机（完全体）,4,0.03333334,4.666667,0.3042684,0.4545536,1.554881,3.593997,5.323579,10.80525,0.01559675
初号机（完全体）,4,0.03333334,4.7,0.5630925,0.2850456,1.542436,3.593997,8.947087,8.074336,0.01559675
初号机（完全体）,4,0.03333334,4.733334,0.7253982,0.04455328,1.543355,3.593997,11.21935,6.351832,0.01559675
初号机（完全体）,4,0.03333334,4.766667,0.6567716,-0.3156773,1.557543,3.593997,10.25858,7.080937,0.01559675
初号机（完全体）,4,0.03333334,4.8,0.2322437,-0.524771,1.565348,3.593997,4.31524,11.56094,0.01559675
初号机（完全体）,4,0.03333334,4.833333,-0.1646034,-0.4370518,1.556018,3.593997,-1.24057,15.68218,0.01559675
初号机（完全体）,4,0.03333334,4.866667,-0.4134619,-0.2740704,1.543149,3.593997,-4.724579,18.22132,0.01559675
初号机（完全体）,4,0.03333334,4.9,-0.5695184,-0.1718666,1.535079,3.593997,-6.909332,19.7918,0.01559675
初号机（完全体）,4,0.03333334,4.933333,-0.6673797,0.02642007,1.538741,3.593997,-8.279388,20.76701,0.01559675
初号机（完全体）,4,0.03333334,4.966667,-0.5583406,0.3601839,1.55465,3.593997,-6.752869,19.67992,0.01559675
初号机（完全体）,4,0.03333334,5,-0.1084705,0.5526806,1.563534,3.594049,-0.4546814,15.10421,0.01559675
初号机（完全体）,4,0.03333334,5.033334,0.3042684,0.4545536,1.554881,3.594064,5.323622,10.80527,0.01559676
初号机（完全体）,4,0.03333334,5.066667,0.5630925,0.2850456,1.542436,3.594064,8.94713,8.074368,0.01559676
初号机（完全体）,4,0.03333334,5.1,0.7253982,0.04455328,1.543355,3.594057,11.21939,6.351859,0.01559676
初号机（完全体）,4,0.03333334,5.133334,0.6567712,-0.3156773,1.557543,3.594049,10.25861,7.080968,0.01559676
初号机（完全体）,4,0.03333334,5.166667,0.232243,-0.524771,1.565348,3.594043,4.31526,11.56097,0.01559676
初号机（完全体）,4,0.03333334,5.2,-0.1646043,-0.4370518,1.556018,3.594037,-1.24057,15.68221,0.01559676
初号机（完全体）,4,0.03333334,5.233334,-0.4134629,-0.2740704,1.543149,3.594033,-4.724548,18.22134,0.01559676
初号机（完全体）,4,0.03333334,5.266667,-0.5695195,-0.1718666,1.535079,3.59403,-6.909332,19.79183,0.01559676
初号机（完全体）,4,0.03333334,5.3,-0.6673808,0.02642007,1.538741,3.594027,-8.279388,20.76703,0.01559676
初号机（完全体）,4,0.03333334,5.333333,-0.5583404,0.3601839,1.55465,3.594025,-6.752838,19.67994,0.01559676
初号机（完全体）,4,0.03333334,5.366667,-0.1084686,0.5526806,1.563534,3.594024,-0.4546814,15.10418,0.01559676
初号机（完全体）,4,0.03333334,5.4,0.3042723,0.4545536,1.554881,3.594023,5.32365,10.80522,0.01559676
初号机（完全体）,4,0.03333334,5.433333,0.5630976,0.2850456,1.542436,3.594023,8.947175,8.074293,0.01559676
初号机（完全体）,4,0.03333334,5.466667,0.7254041,0.04455328,1.543355,3.594023,11.21945,6.351782,0.01559676
初号机（完全体）,4,0.03333334,5.5,0.6567766,-0.3156773,1.557543,3.594023,10.25867,7.080899,0.01559676
初号机（完全体）,4,0.03333334,5.533334,0.2322455,-0.524771,1.565348,3.594023,4.315282,11.56093,0.01559676
初号机（完全体）,4,0.03333334,5.566667,-0.1646045,-0.4370518,1.556018,3.594023,-1.24057,15.68221,0.01559676
初号机（完全体）,4,0.03333334,5.6,-0.4134648,-0.2740704,1.543149,3.594023,-4.724579,18.22136,0.01559676
初号机（完全体）,4,0.03333334,5.633334,-0.5695224,-0.1718666,1.535079,3.594023,-6.909393,19.79185,0.01559676
初号机（完全体）,4,0.03333334,5.666667,-0.6673844,0.02642007,1.538741,3.594023,-8.279449,20.76706,0.01559676
初号机（完全体）,4,0.03333334,5.7,-0.5583445,0.3601839,1.55465,3.594023,-6.752899,19.67997,0.01559676
初号机（完全体）,4,0.03333334,5.733334,-0.1084712,0.5526806,1.563534,3.594023,-0.4547119,15.10421,0.01559676
初号机（完全体）,4,0.03333334,5.766667,0.3042707,0.4545536,1.554881,3.594023,5.323627,10.80523,0.01559676
初号机（完全体）,4,0.03333334,5.8,0.5630966,0.2850456,1.542436,3.594023,8.947161,8.074306,0.01559676
初号机（完全体）,4,0.03333334,5.833333,0.7254035,0.04455328,1.543355,3.594023,11.21944,6.351788,0.01559676
初号机（完全体）,4,0.03333334,5.866667,0.6567762,-0.3156773,1.557543,3.594023,10.25867,7.080902,0.01559676
初号机（完全体）,4,0.03333334,5.9,0.2322453,-0.524771,1.565348,3.594023,4.315279,11.56094,0.01559676
初号机（完全体）,4,0.03333334,5.933334,-0.1646047,-0.4370518,1.556018,3.594023,-1.24057,15.68221,0.01559676
初号机（完全体）,4,0.03333334,5.966667,-0.4134649,-0.2740704,1.543149,3.594023,-4.724579,18.22136,0.01559676
初号机（完全体）,4,0.03333334,6,-0.5695224,-0.1718666,1.535079,3.594023,-6.909393,19.79185,0.01559676
初号机（完全体）,4,0.03333334,6.033334,-0.6673844,0.02642007,1.538741,3.594023,-8.279449,20.76706,0.01559676
初号机（完全体）,4,0.03333334,6.066667,-0.5583445,0.3601839,1.55465,3.594023,-6.752899,19.67997,0.01559676
初号机（完全体）,4,0.03333334,6.1,-0.1084712,0.5526806,1.563534,3.594023,-0.4547119,15.10421,0.01559676
初号机（完全体）,4,0.03333334,6.133334,0.3042707,0.4545536,1.554881,3.594023,5.323626,10.80523,0.01559676
初号机（完全体）,4,0.03333334,6.166667,0.5630966,0.2850456,1.542436,3.594023,8.947161,8.074306,0.01559676
初号机（完全体）,4,0.03333334,6.2,0.7254035,0.04455328,1.543355,3.594023,11.21944,6.351788,0.01559676
初号机（完全体）,4,0.03333334,6.233334,0.6567762,-0.3156773,1.557543,3.594023,10.25867,7.080902,0.01559676
初号机（完全体）,4,0.03333334,6.266667,0.2322453,-0.524771,1.565348,3.594023,4.315279,11.56094,0.01559676
初号机（完全体）,4,0.03333334,6.3,-0.1646047,-0.4370518,1.556018,3.594023,-1.24057,15.68221,0.01559676
初号机（完全体）,4,0.03333334,6.333333,-0.4134649,-0.2740704,1.543149,3.594023,-4.724579,18.22136,0.01559676
初号机（完全体）,4,0.03333334,6.366667,-0.5695224,-0.1718666,1.535079,3.594023,-6.909393,19.79185,0.01559676
初号机（完全体）,4,0.03333334,6.400001,-0.6673844,0.02642007,1.538741,3.594023,-8.279449,20.76706,0.01559676
初号机（完全体）,4,0.03333334,6.433334,-0.5583445,0.3601839,1.55465,3.594023,-6.752899,19.67997,0.01559676
初号机（完全体）,4,0.03333334,6.466667,-0.1084712,0.5526806,1.563534,3.594023,-0.4547119,15.10421,0.01559676
初号机（完全体）,4,0.03333334,6.5,0.3042707,0.4545536,1.554881,3.594023,5.323626,10.80523,0.01559676
初号机（完全体）,4,0.03333334,6.533334,0.5630966,0.2850456,1.542436,3.594023,8.947161,8.074306,0.01559676
初号机（完全体）,4,0.03333334,6.566667,0.7254035,0.04455328,1.543355,3.594023,11.21944,6.351788,0.01559676
初号机（完全体）,4,0.03333334,6.6,0.6567762,-0.3156773,1.557543,3.594023,10.25867,7.080902,0.01559676
初号机（完全体）,4,0.03333334,6.633334,0.2322453,-0.524771,1.565348,3.594023,4.315279,11.56094,0.01559676
初号机（完全体）,4,0.03333334,6.666667,-0.1646047,-0.4370518,1.556018,3.594023,-1.24057,15.68221,0.01559676
初号机（完全体）,4,0.03333334,6.7,-0.4134649,-0.2740704,1.543149,3.594023,-4.724579,18.22136,0.01559676
初号机（完全体）,4,0.03333334,6.733334,-0.5695224,-0.1718666,1.535079,3.594023,-6.909393,19.79185,0.01559676
初号机（完全体）,4,0.03333334,6.766667,-0.6673844,0.02642007,1.538741,3.594023,-8.279449,20.76706,0.01559676
初号机（完全体）,4,0.03333334,6.8,-0.5583445,0.3601839,1.55465,3.594023,-6.752899,19.67997,0.01559676
初号机（完全体）,4,0.03333334,6.833333,-0.1084712,0.5526806,1.563534,3.594023,-0.4547119,15.10421,0.01559676
初号机（完全体）,4,0.03333334,6.866667,0.3042707,0.4545536,1.554881,3.594023,5.323626,10.80523,0.01559676
初号机（完全体）,4,0.03333334,6.900001,0.5630966,0.2850456,1.542436,3.594023,8.947161,8.074306,0.01559676
初号机（完全体）,4,0.03333334,6.933334,0.7254035,0.04455328,1.543355,3.594023,11.21944,6.351788,0.01559676
初号机（完全体）,4,0.03333334,6.966667,0.6567762,-0.3156773,1.557543,3.594023,10.25867,7.080902,0.01559676
初号机（完全体）,4,0.03333334,7,0.2322453,-0.524771,1.565348,3.594023,4.315279,11.56094,0.01559676
初号机（完全体）,4,0.03333334,7.033334,-0.1646047,-0.4370518,1.556018,3.594023,-1.24057,15.68221,0.01559676
初号机（完全体）,4,0.03333334,7.066667,-0.4134649,-0.2740704,1.543149,3.594023,-4.724579,18.22136,0.01559676
初号机（完全体）,4,0.03333334,7.1,-0.5695224,-0.1718666,1.535079,3.594023,-6.909393,19.79185,0.01559676
初号机（完全体）,4,0.03333334,7.133334,-0.6673844,0.02642007,1.538741,3.594023,-8.279449,20.76706,0.01559676
初号机（完全体）,4,0.03333334,7.166667,-0.5583445,0.3601839,1.55465,3.594023,-6.752899,19.67997,0.01559676
初号机（完全体）,4,0.03333334,7.2,-0.1084712,0.5526806,1.563534,3.594023,-0.4547119,15.10421,0.01559676
初号机（完全体）,4,0.03333334,7.233334,0.3042707,0.4545536,1.554881,3.594023,5.323626,10.80523,0.01559676
初号机（完全体）,4,0.03333334,7.266667,0.5630966,0.2850456,1.542436,3.594023,8.947161,8.074306,0.01559676
初号机（完全体）,4,0.03333334,7.3,0.7254035,0.04455328,1.543355,3.594023,11.21944,6.351788,0.01559676
初号机（完全体）,4,0.03333334,7.333333,0.6567762,-0.3156773,1.557543,3.594023,10.25867,7.080902,0.01559676
初号机（完全体）,4,0.03333334,7.366667,0.2322453,-0.524771,1.565348,3.594023,4.315279,11.56094,0.01559676
初号机（完全体）,4,0.03333334,7.400001,-0.1646047,-0.4370518,1.556018,3.594023,-1.24057,15.68221,0.01559676
初号机（完全体）,4,0.03333334,7.433334,-0.4134649,-0.2740704,1.543149,3.594023,-4.724579,18.22136,0.01559676
初号机（完全体）,4,0.03333334,7.466667,-0.5695224,-0.1718666,1.535079,3.594023,-6.909393,19.79185,0.01559676
初号机（完全体）,4,0.03333334,7.5,-0.6673844,0.02642007,1.538741,3.594023,-8.279449,20.76706,0.01559676
初号机（完全体）,4,0.03333334,7.533334,-0.5583445,0.3601839,1.55465,3.594023,-6.752899,19.67997,0.01559676
初号机（完全体）,4,0.03333334,7.566667,-0.1084712,0.5526806,1.563534,3.594023,-0.4547119,15.10421,0.01559676
初号机（完全体）,4,0.03333334,7.6,0.3042707,0.4545536,1.554881,3.594023,5.323627,10.80523,0.01559676
初号机（完全体）,4,0.03333334,7.633334,0.5630966,0.2850456,1.542436,3.594023,8.947161,8.074306,0.01559676
初号机（完全体）,4,0.03333334,7.666667,0.7254035,0.04455328,1.543355,3.594023,11.21944,6.351788,0.01559676
初号机（完全体）,4,0.03333334,7.7,0.6567762,-0.3156773,1.557543,3.594023,10.25867,7.080902,0.01559676
初号机（完全体）,4,0.03333334,7.733334,0.2322453,-0.524771,1.565348,3.594023,4.315279,11.56094,0.01559676
初号机（完全体）,4,0.03333334,7.766667,-0.1646047,-0.4370518,1.556018,3.594023,-1.24057,15.68221,0.01559676
初号机（完全体）,4,0.03333334,7.8,-0.4134649,-0.2740704,1.543149,3.594023,-4.724579,18.22136,0.01559676
初号机（完全体）,4,0.03333334,7.833334,-0.5695224,-0.1718666,1.535079,3.594023,-6.909393,19.79185,0.01559676
初号机（完全体）,4,0.03333334,7.866667,-0.6673844,0.02642007,1.538741,3.594023,-8.279449,20.76706,0.01559676
初号机（完全体）,4,0.03333334,7.900001,-0.5583445,0.3601839,1.55465,3.594023,-6.752899,19.67997,0.01559676
初号机（完全体）,4,0.03333334,7.933334,-0.1084712,0.5526806,1.563534,3.594023,-0.4547119,15.10421,0.01559676
初号机（完全体）,4,0.03333334,7.966667,0.3042707,0.4545536,1.554881,3.594023,5.323626,10.80523,0.01559676
初号机（完全体）,4,0.03333334,8,0.5630966,0.2850456,1.542436,3.594023,8.947161,8.074306,0.01559676
初号机（完全体）,4,0.03333334,8.033334,0.7254035,0.04455328,1.543355,3.594023,11.21944,6.351788,0.01559676
初号机（完全体）,4,0.03333334,8.066668,0.6567762,-0.3156773,1.557543,3.594023,10.25867,7.080902,0.01559676
初号机（完全体）,4,0.03333334,8.1,0.2322453,-0.524771,1.565348,3.594023,4.315279,11.56094,0.01559676
初号机（完全体）,4,0.03333334,8.133334,-0.1646047,-0.4370518,1.556018,3.594023,-1.24057,15.68221,0.01559676
初号机（完全体）,4,0.03333334,8.166667,-0.4134649,-0.2740704,1.543149,3.594023,-4.724579,18.22136,0.01559676
初号机（完全体）,4,0.03333334,8.200001,-0.5695224,-0.1718666,1.535079,3.594023,-6.909393,19.79185,0.01559676
初号机（完全体）,4,0.03333334,8.233334,-0.6673844,0.02642007,1.538741,3.594023,-8.279449,20.76706,0.01559676
初号机（完全体）,4,0.03333334,8.266667,-0.5583445,0.3601839,1.55465,3.594023,-6.752899,19.67997,0.01559676
初号机（完全体）,4,0.03333334,8.3,-0.1084712,0.5526806,1.563534,3.594023,-0.4547119,15.10421,0.01559676
初号机（完全体）,4,0.03333334,8.333334,0.3042707,0.4545536,1.554881,3.594023,5.323626,10.80523,0.01559676
初号机（完全体）,4,0.03333334,8.366667,0.5630966,0.2850456,1.542436,3.594023,8.947161,8.074306,0.01559676
初号机（完全体）,4,0.03333334,8.400001,0.7254035,0.04455328,1.543355,3.594023,11.21944,6.351788,0.01559676
初号机（完全体）,4,0.03333334,8.433333,0.6567762,-0.3156773,1.557543,3.594023,10.25867,7.080902,0.01559676
初号机（完全体）,4,0.03333334,8.466667,0.2322453,-0.524771,1.565348,3.594023,4.315279,11.56094,0.01559676
初号机（完全体）,4,0.03333334,8.5,-0.1646047,-0.4370518,1.556018,3.594023,-1.24057,15.68221,0.01559676
初号机（完全体）,4,0.03333334,8.533334,-0.4134649,-0.2740704,1.543149,3.594023,-4.724579,18.22136,0.01559676
初号机（完全体）,4,0.03333334,8.566668,-0.5695224,-0.1718666,1.535079,3.594023,-6.909393,19.79185,0.01559676
初号机（完全体）,4,0.03333334,8.6,-0.6673844,0.02642007,1.538741,3.594023,-8.279449,20.76706,0.01559676
初号机（完全体）,4,0.03333334,8.633334,-0.5583445,0.3601839,1.55465,3.594023,-6.752899,19.67997,0.01559676
初号机（完全体）,4,0.03333334,8.666667,-0.1084712,0.5526806,1.563534,3.594023,-0.4547119,15.10421,0.01559676
初号机（完全体）,4,0.03333334,8.700001,0.3042707,0.4545536,1.554881,3.594023,5.323626,10.80523,0.01559676
初号机（完全体）,4,0.03333334,8.733334,0.5630966,0.2850456,1.542436,3.594023,8.947161,8.074306,0.01559676
初号机（完全体）,4,0.03333334,8.766667,0.7254035,0.04455328,1.543355,3.594023,11.21944,6.351788,0.01559676
初号机（完全体）,4,0.03333334,8.8,0.6567762,-0.3156773,1.557543,3.594023,10.25867,7.080902,0.01559676
初号机（完全体）,4,0.03333334,8.833334,0.2322453,-0.524771,1.565348,3.594023,4.315279,11.56094,0.01559676
初号机（完全体）,4,0.03333334,8.866667,-0.1646047,-0.4370518,1.556018,3.594023,-1.24057,15.68221,0.01559676
初号机（完全体）,4,0.03333334,8.900001,-0.4134649,-0.2740704,1.543149,3.594023,-4.724579,18.22136,0.01559676
初号机（完全体）,4,0.03333334,8.933333,-0.5695224,-0.1718666,1.535079,3.594023,-6.909393,19.79185,0.01559676
初号机（完全体）,4,0.03333334,8.966667,-0.6673844,0.02642007,1.538741,3.594023,-8.279449,20.76706,0.01559676
初号机（完全体）,4,0.03333334,9,-0.5583445,0.3601839,1.55465,3.594023,-6.752899,19.67997,0.01559676
初号机（完全体）,4,0.03333334,9.033334,-0.1084721,0.5526806,1.563534,3.593917,-0.4548035,15.10417,0.01559676
初号机（完全体）,4,0.03333334,9.066668,0.3042701,0.4545536,1.554881,3.593886,5.32353,10.80517,0.01559676
初号机（完全体）,4,0.03333334,9.1,0.5630962,0.2850456,1.542436,3.593888,8.947068,8.074245,0.01559676
初号机（完全体）,4,0.03333334,9.133334,0.7254032,0.04455328,1.543355,3.5939,11.21936,6.351735,0.01559676
初号机（完全体）,4,0.03333334,9.166667,0.6567761,-0.3156773,1.557543,3.593916,10.25859,7.080856,0.01559676
初号机（完全体）,4,0.03333334,9.200001,0.2322451,-0.524771,1.565348,3.593929,4.315217,11.56089,0.01559676
初号机（完全体）,4,0.03333334,9.233334,-0.1646038,-0.4370518,1.556018,3.593941,-1.240631,15.68216,0.01559676
初号机（完全体）,4,0.03333334,9.266667,-0.4134635,-0.2740704,1.543149,3.59395,-4.724609,18.22131,0.01559676
初号机（完全体）,4,0.03333334,9.3,-0.5695207,-0.1718666,1.535079,3.593956,-6.909393,19.7918,0.01559676
初号机（完全体）,4,0.03333334,9.333334,-0.6673825,0.02642007,1.538741,3.593961,-8.279449,20.76702,0.01559676
初号机（完全体）,4,0.03333334,9.366667,-0.5583442,0.3601839,1.55465,3.593965,-6.75293,19.67994,0.01559676
初号机（完全体）,4,0.03333334,9.400001,-0.1084754,0.5526806,1.563534,3.593967,-0.4548035,15.10422,0.01559676
初号机（完全体）,4,0.03333334,9.433333,0.3042627,0.4545536,1.554881,3.593969,5.32348,10.80529,0.01559676
初号机（完全体）,4,0.03333334,9.466667,0.5630862,0.2850456,1.542436,3.59397,8.946981,8.074391,0.01559676
初号机（完全体）,4,0.03333334,9.500001,0.7253916,0.04455328,1.543355,3.59397,11.21924,6.351888,0.01559676
初号机（完全体）,4,0.03333334,9.533334,0.6567653,-0.3156773,1.557543,3.593971,10.25848,7.080995,0.01559676
初号机（完全体）,4,0.03333334,9.566668,0.2322402,-0.524771,1.565348,3.593971,4.315175,11.56097,0.01559676
初号机（完全体）,4,0.03333334,9.6,-0.1646034,-0.4370518,1.556018,3.593971,-1.240601,15.68217,0.01559676
初号机（完全体）,4,0.03333334,9.633334,-0.4134597,-0.2740704,1.543149,3.593971,-4.724548,18.22128,0.01559676
初号机（完全体）,4,0.03333334,9.666667,-0.5695148,-0.1718666,1.535079,3.593971,-6.909302,19.79175,0.01559676
初号机（完全体）,4,0.03333334,9.700001,-0.6673751,0.02642007,1.538741,3.593971,-8.279327,20.76695,0.01559676
初号机（完全体）,4,0.03333334,9.733334,-0.558336,0.3601839,1.55465,3.593971,-6.752808,19.67986,0.01559676
初号机（完全体）,4,0.03333334,9.766667,-0.1084685,0.5526806,1.563534,3.593971,-0.4547119,15.10415,0.01559676
初号机（完全体）,4,0.03333334,9.8,0.304267,0.4545536,1.554881,3.593971,5.323542,10.80525,0.01559676
初号机（完全体）,4,0.03333334,9.833334,0.563089,0.2850456,1.542436,3.593971,8.94702,8.074362,0.01559676
初号机（完全体）,4,0.03333334,9.866667,0.7253934,0.04455328,1.543355,3.593971,11.21926,6.351874,0.01559676
初号机（完全体）,4,0.03333334,9.900001,0.6567664,-0.3156773,1.557543,3.593971,10.25849,7.080983,0.01559676
初号机（完全体）,4,0.03333334,9.933333,0.2322408,-0.524771,1.565348,3.593971,4.315183,11.56096,0.01559676
初号机（完全体）,4,0.03333334,9.966667,-0.164603,-0.4370518,1.556018,3.593971,-1.240601,15.68216,0.01559676
初号机（完全体）,4,0.01666667,0,-3.160697E-19,-1.924666E-19,1.661509,-3.94826E-18,-1.272217,12.36129,6.53616E-07
初号机（完全体）,4,0.01666667,0.01666667,-2.502923E-19,-1.524123E-19,1.661509,0.06568072,-1.229523,12.39102,1.610677E-05
初号机（完全体）,4,0.01666667,0.03333334,-1.982038E-19,-1.206937E-19,1.661509,0.13985,-1.181335,12.42458,1.610677E-05
初号机（完全体）,4,0.01666667,0.05,-1.569556E-19,-9.557609E-20,1.661509,0.217528,-1.130829,12.45973,3.064493E-05
初号机（完全体）,4,0.01666667,0.06666667,-1.242915E-19,-7.568571E-20,1.661509,0.2954129,-1.0802,12.49497,3.084219E-05
初号机（完全体）,4,0.01666667,0.08333334,8.75353E-05,0.01017702,1.650504,0.3714032,-1.029602,12.52843,3.137657E-05
初号机（完全体）,4,0.01666667,0.1,0.001057932,0.03407288,1.650197,0.4442457,-0.9686584,12.55124,3.786101E-05
初号机（完全体）,4,0.01666667,0.1166667,0.004306163,0.0729235,1.648073,0.5132763,-0.8783264,12.54856,3.786101E-05
初号机（完全体）,4,0.01666667,0.1333333,0.01136198,0.1250257,1.64225,0.5782319,-0.7373047,12.50429,6.329128E-05
初号机（完全体）,4,0.01666667,0.15,0.02352181,0.1857193,1.632093,0.6391145,-0.5274963,12.40488,6.329128E-05
初号机（完全体）,4,0.01666667,0.1666667,0.0415572,0.2479867,1.619096,0.696094,-0.2379761,12.24226,6.329128E-05
初号机（完全体）,4,0.01666667,0.1833333,0.06548402,0.303575,1.605751,0.7494391,0.1316751,12.01628,6.329128E-05
初号机（完全体）,4,0.01666667,0.2,0.09437966,0.3444531,1.593303,0.7994707,0.5687312,11.73657,0.00228882
初号机（完全体）,4,0.01666667,0.2166667,0.1262382,0.364362,1.581164,0.8465288,1.045335,11.42416,0.009430641
初号机（完全体）,4,0.01666667,0.2333333,0.1580642,0.3601896,1.568399,0.8909516,1.51977,11.11052,0.01416192
初号机（完全体）,4,0.01666667,0.25,0.1890766,0.3329224,1.554815,0.933062,1.981312,10.80403,0.01553598
初号机（完全体）,4,0.01666667,0.2666667,0.2194448,0.287982,1.540228,0.9731598,2.432526,10.50308,0.01553598
初号机（完全体）,4,0.01666667,0.2833334,0.243493,0.2343253,1.53674,1.011518,2.794132,10.26755,0.01553598
初号机（完全体）,4,0.01666667,0.3,0.2625366,0.1855597,1.53357,1.04838,3.0847,10.08387,0.01553598
初号机（完全体）,4,0.01666667,0.3166667,0.277617,0.1395109,1.531543,1.083963,3.318952,9.941253,0.01553598
初号机（完全体）,4,0.01666667,0.3333333,0.289559,0.08181141,1.531318,1.118455,3.508558,9.831156,0.01553598
初号机（完全体）,4,0.01666667,0.35,0.2990157,0.004116798,1.53322,1.15202,3.662769,9.746804,0.01553598
初号机（完全体）,4,0.01666667,0.3666667,0.306501,-0.0956092,1.53721,1.184801,3.788869,9.682858,0.01553598
初号机（完全体）,4,0.01666667,0.3833334,0.3095287,-0.2135224,1.5429,1.216918,3.852133,9.665607,0.01553598
初号机（完全体）,4,0.01666667,0.4,0.3045443,-0.3410162,1.549623,1.248475,3.802863,9.732584,0.01553598
初号机（完全体）,4,0.01666667,0.4166667,0.2901068,-0.4664011,1.556535,1.279559,3.620944,9.898959,0.01553598
初号机（完全体）,4,0.01666667,0.4333334,0.2664491,-0.5769317,1.56274,1.310246,3.309686,10.16216,0.01553598
初号机（完全体）,4,0.01666667,0.45,0.2351297,-0.6609094,1.567422,1.340597,2.890945,10.50557,0.01553598
初号机（完全体）,4,0.01666667,0.4666667,0.1987568,-0.7095774,1.569971,1.370666,2.401274,10.90154,0.01553598
初号机（完全体）,4,0.01666667,0.4833333,0.1607697,-0.7185487,1.570067,1.400496,1.888848,11.31379,0.01553598
初号机（完全体）,4,0.01666667,0.5,0.125266,-0.6885728,1.567733,1.430125,1.411059,11.69932,0.01553598
初号机（完全体）,4,0.01666667,0.5166667,0.09626982,-0.6255401,1.563331,1.459582,1.024262,12.01615,0.01553598
初号机（完全体）,4,0.01666667,0.5333334,0.07330804,-0.5397282,1.557511,1.488895,0.7218529,12.26947,0.01553598
初号机（完全体）,4,0.01666667,0.55,0.05512485,-0.4444033,1.551123,1.518083,0.4862626,12.4726,0.01553598
初号机（完全体）,4,0.01666667,0.5666667,0.04072577,-0.3539809,1.545094,1.547167,0.3035812,12.63603,0.01553598
初号机（完全体）,4,0.01666667,0.5833334,0.02932329,-0.2803138,1.540186,1.576158,0.1627917,12.76807,0.01553598
初号机（完全体）,4,0.01666667,0.6,0.02029378,-0.2219775,1.536299,1.605069,0.0551717,12.87526,0.01553598
初号机（完全体）,4,0.01666667,0.6166667,0.01314341,-0.1671187,1.533784,1.633911,-0.02618408,12.9628,0.01553598
初号机（完全体）,4,0.01666667,0.6333334,0.007481105,-0.0991301,1.533388,1.662691,-0.08676147,13.03477,0.01553598
初号机（完全体）,4,0.01666667,0.65,0.002997185,-0.008947806,1.535437,1.691417,-0.1308594,13.09443,0.01553598
初号机（完全体）,4,0.01666667,0.6666667,2.390088E-05,0.1045544,1.539795,1.720094,-0.1538391,13.13833,0.01553598
初号机（完全体）,4,0.01666667,0.6833334,0.005646206,0.2352605,1.5459,1.748726,-0.05651855,13.0927,0.01553598
初号机（完全体）,4,0.01666667,0.7,0.0253135,0.3715296,1.552863,1.777316,0.2374072,12.90074,0.01553598
初号机（完全体）,4,0.01666667,0.7166667,0.06060448,0.4986879,1.559629,1.80587,0.7500362,12.54558,0.01553598
初号机（完全体）,4,0.01666667,0.7333333,0.1100326,0.6019104,1.565151,1.83439,1.460563,12.04207,0.01553598
初号机（完全体）,4,0.01666667,0.7500001,0.1696841,0.6690366,1.568574,1.862877,2.314194,11.4304,0.01553598
初号机（完全体）,4,0.01666667,0.7666667,0.233723,0.69287,1.569379,1.891331,3.229226,10.77124,0.01553598
初号机（完全体）,4,0.01666667,0.7833334,0.2947911,0.6725946,1.567471,1.919755,4.10265,10.14184,0.01553598
初号机（完全体）,4,0.01666667,0.8000001,0.3451344,0.6140825,1.563201,1.948153,4.825907,9.624281,0.01553598
初号机（完全体）,4,0.01666667,0.8166667,0.3850007,0.5290531,1.557304,1.976522,5.402472,9.216546,0.01553598
初号机（完全体）,4,0.01666667,0.8333334,0.4165704,0.4332298,1.550783,2.004865,5.862867,8.896012,0.01553598
初号机（完全体）,4,0.01666667,0.85,0.4415701,0.3438074,1.544739,2.033181,6.231265,8.644677,0.01553598
初号机（完全体）,4,0.01666667,0.8666667,0.4613671,0.2722575,1.539904,2.061472,6.526808,8.448215,0.01553598
初号机（完全体）,4,0.01666667,0.8833334,0.4770442,0.205782,1.536714,2.089736,6.764657,8.295256,0.01553598
初号机（完全体）,4,0.01666667,0.9,0.4894587,0.125545,1.535981,2.117975,6.956815,8.176777,0.01553598
初号机（完全体）,4,0.01666667,0.9166667,0.4992896,0.02183707,1.538012,2.146191,7.112787,8.085613,0.01553598
初号机（完全体）,4,0.01666667,0.9333334,0.5032055,-0.1054522,1.542556,2.174382,7.185934,8.057074,0.01553598
初号机（完全体）,4,0.01666667,0.95,0.4827194,-0.2478891,1.548861,2.202546,6.917436,8.286928,0.01553598
初号机（完全体）,4,0.01666667,0.9666667,0.4275517,-0.3909395,1.55582,2.230689,6.163388,8.883379,0.01553598
初号机（完全体）,4,0.01666667,0.9833334,0.3366231,-0.5173858,1.562187,2.258809,4.908674,9.855938,0.01553598
初号机（完全体）,4,0.01666667,1,0.2161395,-0.6111092,1.566812,2.286905,3.240181,11.13588,0.01553598
初号机（完全体）,4,0.01666667,1.016667,0.07807608,-0.6605546,1.568865,2.314974,1.325552,12.59347,0.01553598
初号机（完全体）,4,0.01666667,1.033333,-0.06102357,-0.6612456,1.56799,2.34302,-0.6036072,14.05302,0.01553598
初号机（完全体）,4,0.01666667,1.05,-0.181115,-0.6168941,1.564378,2.371042,-2.266663,15.30672,0.01553598
初号机（完全体）,4,0.01666667,1.066667,-0.2762141,-0.5389104,1.558733,2.399044,-3.579834,16.29621,0.01553598
初号机（完全体）,4,0.01666667,1.083333,-0.3515221,-0.4444172,1.552134,2.427022,-4.615936,17.07832,0.01553598
初号机（完全体）,4,0.01666667,1.1,-0.4111578,-0.3531501,1.54584,2.454976,-5.432678,17.69754,0.01553598
初号机（完全体）,4,0.01666667,1.116667,-0.4583826,-0.2796559,1.540776,2.482903,-6.075653,18.18866,0.01553598
初号机（完全体）,4,0.01666667,1.133333,-0.4957794,-0.2214566,1.536767,2.510808,-6.581085,18.57893,0.01553598
初号机（完全体）,4,0.01666667,1.15,-0.5253936,-0.1643488,1.534308,2.538689,-6.977539,18.88975,0.01553598
初号机（完全体）,4,0.01666667,1.166667,-0.5488448,-0.08839884,1.534358,2.56655,-7.28775,19.1379,0.01553598
初号机（完全体）,4,0.01666667,1.183333,-0.5674155,0.0156699,1.537252,2.594389,-7.529633,19.3366,0.01553598
初号机（完全体）,4,0.01666667,1.2,-0.5726312,0.1458995,1.542653,2.622203,-7.584595,19.40105,0.01553598
初号机（完全体）,4,0.01666667,1.216667,-0.5400563,0.2906107,1.549632,2.649989,-7.110474,19.08588,0.01553598
初号机（完全体）,4,0.01666667,1.233333,-0.4594645,0.4317466,1.556885,2.677756,-5.964142,18.28505,0.01553598
初号机（完全体）,4,0.01666667,1.25,-0.3330082,0.5493863,1.563009,2.705497,-4.175751,17.01258,0.01553598
初号机（完全体）,4,0.01666667,1.266667,-0.1726426,0.6265101,1.566817,2.733219,-1.912628,15.3811,0.01553598
初号机（完全体）,4,0.01666667,1.283333,0.001914358,0.6530366,1.567587,2.760918,0.5491574,13.58775,0.01553598
初号机（完全体）,4,0.01666667,1.3,0.1647976,0.6283001,1.565224,2.788591,2.847492,11.90172,0.01553598
初号机（完全体）,4,0.01666667,1.316667,0.2951843,0.5614625,1.560281,2.816244,4.690866,10.54648,0.01553598
初号机（完全体）,4,0.01666667,1.333333,0.3984362,0.4697871,1.553848,2.843873,6.15434,9.471455,0.01553598
初号机（完全体）,4,0.01666667,1.35,0.4802002,0.3751522,1.547322,2.871476,7.316968,8.620308,0.01553598
初号机（完全体）,4,0.01666667,1.366667,0.5449483,0.2970791,1.54195,2.899059,8.241363,7.947536,0.01553598
初号机（完全体）,4,0.01666667,1.383333,0.5962217,0.2231398,1.538483,2.926617,8.977098,7.416607,0.01553598
初号机（完全体）,4,0.01666667,1.4,0.6368245,0.1310663,1.537917,2.954156,9.563434,6.998345,0.01553598
初号机（完全体）,4,0.01666667,1.416667,0.6689775,0.01103035,1.540532,2.981665,10.03145,6.669487,0.01553598
初号机（完全体）,4,0.01666667,1.433333,0.6777449,-0.1337789,1.545836,3.009157,10.17206,6.58898,0.01553598
初号机（完全体）,4,0.01666667,1.45,0.6355518,-0.2892512,1.552689,3.036621,9.599218,7.0498,0.01553598
初号机（完全体）,4,0.01666667,1.466667,0.5337044,-0.4347131,1.559568,3.06407,8.191206,8.142377,0.01553598
初号机（完全体）,4,0.01666667,1.483333,0.3786616,-0.5485907,1.56493,3.091499,6.038454,9.793171,0.01553598
初号机（完全体）,4,0.01666667,1.5,0.1888809,-0.6141054,1.567573,3.118888,3.399348,11.79946,0.01553598
初号机（完全体）,4,0.01666667,1.516667,-0.007678004,-0.623713,1.566918,3.14627,0.6653426,13.86074,0.01553598
初号机（完全体）,4,0.01666667,1.533333,-0.1764574,-0.5812824,1.563147,3.173623,-1.679779,15.61676,0.01553598
初号机（完全体）,4,0.01666667,1.55,-0.3101121,-0.5015279,1.557161,3.200946,-3.533173,16.99802,0.01553598
初号机（完全体）,4,0.01666667,1.566667,-0.4159518,-0.4068485,1.550371,3.228252,-4.997162,18.08605,0.01553598
初号机（完全体）,4,0.01666667,1.583333,-0.4997652,-0.322179,1.544365,3.255537,-6.152802,18.94448,0.01553598
初号机（完全体）,4,0.01666667,1.6,-0.5661361,-0.2551302,1.539608,3.282796,-7.06427,19.62294,0.01553598
初号机（完全体）,4,0.01666667,1.616667,-0.6186945,-0.1887923,1.536702,3.310044,-7.782379,20.16014,0.01553598
初号机（完全体）,4,0.01666667,1.633333,-0.660315,-0.09990269,1.536764,3.337258,-8.347351,20.58633,0.01553598
初号机（完全体）,4,0.01666667,1.65,-0.6932239,0.02070595,1.540078,3.364453,-8.790405,20.92468,0.01553598
初号机（完全体）,4,0.01666667,1.666667,-0.6934218,0.1675111,1.546036,3.391625,-8.775513,20.93831,0.01553598
初号机（完全体）,4,0.01666667,1.683333,-0.6317043,0.323083,1.55331,3.418771,-7.893829,20.33679,0.01553598
初号机（完全体）,4,0.01666667,1.7,-0.5016192,0.4636114,1.560196,3.445903,-6.055023,19.04617,0.01553598
初号机（完全体）,4,0.01666667,1.716667,-0.3147309,0.5658295,1.56506,3.473001,-3.42099,17.16533,0.01553598
初号机（完全体）,4,0.01666667,1.733333,-0.09687161,0.61362,1.566757,3.500081,-0.3533936,14.94253,0.01553598
初号机（完全体）,4,0.01666667,1.75,0.1148284,0.6026585,1.564929,3.527138,2.627981,12.75803,0.01553598
初号机（完全体）,4,0.01666667,1.766667,0.2858536,0.5419436,1.560098,3.554182,5.039892,10.98053,0.01553598
初号机（完全体）,4,0.01666667,1.783333,0.4212866,0.4518453,1.553542,3.581193,6.953498,9.56746,0.01553598
初号机（完全体）,4,0.01666667,1.8,0.5285346,0.3591897,1.546965,3.608186,8.472503,8.446699,0.01553598
初号机（完全体）,4,0.01666667,1.816667,0.6134632,0.2844386,1.541667,3.635155,9.679025,7.559392,0.01553598
初号机（完全体）,4,0.01666667,1.833333,0.6807172,0.2093879,1.538503,3.662098,10.63808,6.858005,0.01553598
初号机（完全体）,4,0.01666667,1.85,0.733975,0.1072202,1.538775,3.689014,11.40118,6.304416,0.01553598
初号机（完全体）,4,0.01666667,1.866667,0.7731017,-0.03027673,1.542668,3.715914,11.96644,5.900625,0.01553598
初号机（完全体）,4,0.01666667,1.883333,0.7576674,-0.192359,1.54921,3.742793,11.76783,6.077227,0.01553598
初号机（完全体）,4,0.01666667,1.9,0.6611833,-0.3543055,1.556574,3.769648,10.43452,7.114907,0.01553598
初号机（完全体）,4,0.01666667,1.916667,0.4860789,-0.4863011,1.562649,3.79649,8.000525,8.981915,0.01553598
初号机（完全体）,4,0.01666667,1.933333,0.2576833,-0.5635923,1.565689,3.823298,4.820437,11.39845,0.01553598
初号机（完全体）,4,0.01666667,1.95,0.01946036,-0.5748769,1.564852,3.850086,1.502754,13.89561,0.01553598
初号机（完全体）,4,0.01666667,1.966667,-0.1784594,-0.5264192,1.560459,3.876852,-1.250702,15.95044,0.01553598
初号机（完全体）,4,0.01666667,1.983333,-0.33519,-0.4406713,1.5539,3.903591,-3.427521,17.56348,0.01553598
初号机（完全体）,4,0.01666667,2,-0.4593033,-0.3498508,1.547217,3.930315,-5.147736,18.83145,0.01553598
初号机（完全体）,4,0.01666667,2.016667,-0.5575874,-0.2770432,1.541867,3.957005,-6.506348,19.8298,0.01553598
初号机（完全体）,4,0.01666667,2.033334,-0.6354175,-0.2193876,1.53763,3.983689,-7.578613,20.61729,0.01553598
初号机（完全体）,4,0.01666667,2.05,-0.6970504,-0.1542007,1.535545,4.010358,-8.424133,21.2396,0.01553598
初号机（完全体）,4,0.01666667,2.066667,-0.7458568,-0.05132088,1.537225,4.036979,-9.090118,21.73235,0.01553598
初号机（完全体）,4,0.01666667,2.083333,-0.7708276,0.093895,1.542699,4.063584,-9.422424,21.98911,0.01553598
初号机（完全体）,4,0.01666667,2.1,-0.7163702,0.2611947,1.550434,4.071853,-8.654633,21.4567,0.01553598
初号机（完全体）,4,0.01666667,2.116667,-0.5638431,0.4149067,1.557939,4.057326,-6.528717,19.9358,0.01553598
初号机（完全体）,4,0.01666667,2.133333,-0.3321358,0.5188139,1.562724,4.028964,-3.303284,17.58765,0.01553598
初号机（完全体）,4,0.01666667,2.15,-0.06985758,0.5509244,1.563252,3.993017,0.3452166,14.88417,0.01553598
初号机（完全体）,4,0.01666667,2.166667,0.152791,0.5126563,1.55953,3.953762,3.436756,12.55485,0.01553598
初号机（完全体）,4,0.01666667,2.183333,0.329104,0.4290431,1.553117,3.914045,5.879303,10.69,0.01553598
初号机（完全体）,4,0.01666667,2.2,0.4687245,0.3399193,1.54655,3.875688,7.809043,9.201481,0.01553598
初号机（完全体）,4,0.01666667,2.216667,0.5792885,0.2691786,1.541338,3.839789,9.333592,8.0156,0.01553598
初号机（完全体）,4,0.01666667,2.233333,0.6668429,0.1923242,1.538566,3.806941,10.53799,7.071983,0.01553598
初号机（完全体）,4,0.01666667,2.25,0.7361764,0.0773016,1.539891,3.777394,11.48945,6.321733,0.01553598
初号机（完全体）,4,0.01666667,2.266667,0.7756559,-0.07958263,1.545217,3.751168,12.02511,5.889702,0.01553598
初号机（完全体）,4,0.01666667,2.283334,0.7247232,-0.2549027,1.552756,3.728137,11.29709,6.420805,0.01553598
初号机（完全体）,4,0.01666667,2.3,0.5697326,-0.4096499,1.559759,3.708089,9.114207,8.056371,0.01553598
初号机（完全体）,4,0.01666667,2.316667,0.3368055,-0.506561,1.56364,3.690765,5.841992,10.50731,0.01553598
初号机（完全体）,4,0.01666667,2.333333,0.08355422,-0.5263924,1.563013,3.675887,2.286832,13.15104,0.01553598
初号机（完全体）,4,0.01666667,2.35,-0.1246628,-0.4766964,1.558266,3.66318,-0.6364441,15.30199,0.01559721
初号机（完全体）,4,0.01666667,2.366667,-0.2895477,-0.3896445,1.551407,3.652375,-2.951843,16.98779,0.01559721
初号机（完全体）,4,0.01666667,2.383333,-0.4201183,-0.3085554,1.545184,3.643226,-4.785767,18.31025,0.01559721
初号机（完全体）,4,0.01666667,2.4,-0.5235158,-0.2443418,1.540257,3.635505,-6.238342,19.3488,0.01559721
初号机（完全体）,4,0.01666667,2.416667,-0.6053952,-0.1726563,1.53771,3.629013,-7.388855,20.16536,0.01559721
初号机（完全体）,4,0.01666667,2.433333,-0.6702346,-0.06172675,1.539213,3.623567,-8.30014,20.80806,0.01559721
初号机（完全体）,4,0.01666667,2.45,-0.703999,0.0919162,1.54468,3.619012,-8.775787,21.14062,0.01559721
初号机（完全体）,4,0.01666667,2.466667,-0.6527536,0.2646695,1.55233,3.61521,-8.060852,20.63089,0.01559721
初号机（完全体）,4,0.01666667,2.483333,-0.5033923,0.4173841,1.559423,3.612044,-5.971863,19.13641,0.01559721
初号机（完全体）,4,0.01666667,2.5,-0.280571,0.5126857,1.563373,3.609413,-2.854095,16.87718,0.01559721
初号机（完全体）,4,0.01666667,2.516667,-0.03884866,0.5312425,1.562802,3.60723,0.5285782,14.39079,0.01559721
初号机（完全体）,4,0.01666667,2.533334,0.1598456,0.4805371,1.558099,3.605421,3.3091,12.32358,0.01559721
初号机（完全体）,4,0.01666667,2.55,0.3171895,0.392686,1.551274,3.603926,5.510926,10.67398,0.01559721
初号机（完全体）,4,0.01666667,2.566667,0.4417885,0.3109639,1.54508,3.60269,7.254495,9.360962,0.01559721
初号机（完全体）,4,0.01666667,2.583333,0.5404572,0.2254136,1.541529,3.601671,8.635183,8.317531,0.01559721
初号机（完全体）,4,0.01666667,2.6,0.6185918,0.1035047,1.542237,3.600831,9.728515,7.489225,0.01559721
初号机（完全体）,4,0.01666667,2.616667,0.6636933,-0.05883264,1.547075,3.600141,10.35948,7.010279,0.01559721
初号机（完全体）,4,0.01666667,2.633333,0.6250131,-0.238471,1.554227,3.599573,9.817593,7.420532,0.01559721
初号机（完全体）,4,0.01666667,2.65,0.4906063,-0.3966378,1.560925,3.599106,7.935608,8.843672,0.01559721
初号机（完全体）,4,0.01666667,2.666667,0.2844365,-0.4962569,1.564562,3.598723,5.049006,11.01568,0.01559721
初号机（完全体）,4,0.01666667,2.683333,0.05890304,-0.5182326,1.563744,3.598409,1.891358,13.3726,0.01559721
初号机（完全体）,4,0.01666667,2.7,-0.1266366,-0.4702348,1.558845,3.598152,-0.7063293,15.29329,0.01559721
初号机（完全体）,4,0.01666667,2.716667,-0.2735635,-0.3845276,1.551865,3.597942,-2.763428,16.80055,0.01559721
初号机（完全体）,4,0.01666667,2.733334,-0.3899134,-0.3045034,1.545547,3.59777,-4.392426,17.98446,0.01559721
初号机（完全体）,4,0.01666667,2.75,-0.4820497,-0.2411331,1.540545,3.597629,-5.682434,18.91537,0.01559721
初号机（完全体）,4,0.01666667,2.766667,-0.5550114,-0.1701153,1.537937,3.597514,-6.703949,19.64811,0.01559721
初号机（完全体）,4,0.01666667,2.783334,-0.612789,-0.05971457,1.539393,3.597421,-7.512909,20.22543,0.01559721
初号机（完全体）,4,0.01666667,2.8,-0.64177,0.09350961,1.544823,3.597344,-7.918671,20.514,0.01559721
初号机（完全体）,4,0.01666667,2.816667,-0.5903242,0.2659313,1.552444,3.597281,-7.198486,20.0012,0.01559721
初号机（完全体）,4,0.01666667,2.833333,-0.4458083,0.4183834,1.559512,3.59723,-5.175323,18.54972,0.01559721
初号机（完全体）,4,0.01666667,2.85,-0.2316333,0.513477,1.563444,3.597189,-2.17691,16.37138,0.01559721
初号机（完全体）,4,0.01666667,2.866667,0.0002393647,0.5318691,1.562858,3.597155,1.069258,13.98129,0.01559721
初号机（完全体）,4,0.01666667,2.883333,0.190799,0.4810333,1.558143,3.597128,3.737054,11.99625,0.01559721
初号机（完全体）,4,0.01666667,2.9,0.3417012,0.3930789,1.551309,3.597105,5.849653,10.41312,0.01559721
初号机（完全体）,4,0.01666667,2.916667,0.461199,0.3112751,1.545107,3.597087,7.522599,9.153459,0.01559721
初号机（完全体）,4,0.01666667,2.933333,0.5558282,0.22566,1.541551,3.597073,8.847387,8.152684,0.01559721
初号机（完全体）,4,0.01666667,2.95,0.6307639,0.1036999,1.542255,3.59706,9.896471,7.358369,0.01559721
初号机（完全体）,4,0.01666667,2.966667,0.6733323,-0.05867813,1.547089,3.597051,10.49242,6.906499,0.01559721
初号机（完全体）,4,0.01666667,2.983334,0.6326461,-0.2383486,1.554238,3.597043,9.92281,7.33839,0.01559721
初号机（完全体）,4,0.01666667,3,0.4966508,-0.3965409,1.560933,3.597037,8.018888,8.778829,0.01559721
初号机（完全体）,4,0.01666667,3.016667,0.289223,-0.4961802,1.564569,3.597031,5.114917,10.96465,0.01559721
初号机（完全体）,4,0.01666667,3.033334,0.0626936,-0.5181719,1.563749,3.597027,1.943527,13.33255,0.01559721
初号机（完全体）,4,0.01666667,3.05,-0.1236349,-0.4701867,1.558849,3.597023,-0.6650696,15.26186,0.01559721
初号机（完全体）,4,0.01666667,3.066667,-0.2711865,-0.3844895,1.551868,3.59702,-2.730774,16.77586,0.01559721
初号机（完全体）,4,0.01666667,3.083333,-0.3880311,-0.3044733,1.54555,3.597018,-4.366577,17.96504,0.01559721
初号机（完全体）,4,0.01666667,3.1,-0.4805591,-0.2411092,1.540547,3.597016,-5.661957,18.90009,0.01559721
初号机（完全体）,4,0.01666667,3.116667,-0.553831,-0.1700964,1.537939,3.597014,-6.687744,19.63607,0.01559721
初号机（完全体）,4,0.01666667,3.133333,-0.6118543,-0.0596996,1.539395,3.597013,-7.500092,20.21594,0.01559721
初号机（完全体）,4,0.01666667,3.15,-0.64103,0.09352147,1.544824,3.597012,-7.908539,20.5065,0.01559721
初号机（完全体）,4,0.01666667,3.166667,-0.589738,0.2659407,1.552444,3.597012,-7.19046,19.99523,0.01559721
初号机（完全体）,4,0.01666667,3.183333,-0.4453439,0.4183908,1.559513,3.597011,-5.168945,18.54494,0.01559721
初号机（完全体）,4,0.01666667,3.2,-0.2312653,0.5134829,1.563445,3.597011,-2.171875,16.36753,0.01559721
初号机（完全体）,4,0.01666667,3.216667,0.0005309152,0.5318738,1.562859,3.59701,1.073246,13.9782,0.01559721
初号机（完全体）,4,0.01666667,3.233334,0.1910301,0.481037,1.558144,3.59701,3.740213,11.99378,0.01559721
初号机（完全体）,4,0.01666667,3.25,0.3418845,0.3930818,1.55131,3.59701,5.852158,10.41114,0.01559721
初号机（完全体）,4,0.01666667,3.266667,0.4613444,0.3112774,1.545108,3.59701,7.524584,9.151888,0.01559721
初号机（完全体）,4,0.01666667,3.283334,0.5559435,0.2256618,1.541551,3.597009,8.848959,8.15143,0.01559721
初号机（完全体）,4,0.01666667,3.3,0.6308556,0.1037013,1.542255,3.597009,9.897721,7.357372,0.01559721
初号机（完全体）,4,0.01666667,3.316667,0.6734052,-0.05867698,1.547089,3.597009,10.49341,6.905706,0.01559721
初号机（完全体）,4,0.01666667,3.333333,0.632704,-0.2383477,1.554238,3.597009,9.923597,7.33776,0.01559721
初号机（完全体）,4,0.01666667,3.35,0.4966966,-0.3965402,1.560933,3.597009,8.01951,8.778329,0.01559721
初号机（完全体）,4,0.01666667,3.366667,0.2892593,-0.4961796,1.564569,3.597009,5.11541,10.96426,0.01559721
初号机（完全体）,4,0.01666667,3.383333,0.06272235,-0.5181715,1.563749,3.597009,1.943918,13.33225,0.01559721
初号机（完全体）,4,0.01666667,3.4,-0.1236122,-0.4701863,1.558849,3.597009,-0.6647339,15.26162,0.01559721
初号机（完全体）,4,0.01666667,3.416667,-0.2711685,-0.3844893,1.551868,3.597009,-2.73053,16.77567,0.01559721
初号机（完全体）,4,0.01666667,3.433333,-0.3880168,-0.304473,1.54555,3.597009,-4.366394,17.9649,0.01559721
初号机（完全体）,4,0.01666667,3.45,-0.4805478,-0.241109,1.540547,3.597009,-5.661804,18.89997,0.01559721
初号机（完全体）,4,0.01666667,3.466667,-0.5538221,-0.1700962,1.537939,3.597009,-6.687622,19.63598,0.01559721
初号机（完全体）,4,0.01666667,3.483334,-0.6118473,-0.05969949,1.539395,3.597009,-7.499969,20.21587,0.01559721
初号机（完全体）,4,0.01666667,3.5,-0.6410244,0.09352156,1.544824,3.597009,-7.908447,20.50644,0.01559721
初号机（完全体）,4,0.01666667,3.516667,-0.5897338,0.2659408,1.552444,3.597009,-7.190399,19.99519,0.01559721
初号机（完全体）,4,0.01666667,3.533334,-0.4453408,0.4183909,1.559513,3.597009,-5.168915,18.54491,0.01559721
初号机（完全体）,4,0.01666667,3.55,-0.2312631,0.5134829,1.563445,3.597009,-2.171844,16.36751,0.01559721
初号机（完全体）,4,0.01666667,3.566667,0.0005324135,0.5318738,1.562859,3.597009,1.073266,13.97819,0.01559721
初号机（完全体）,4,0.01666667,3.583333,0.1910311,0.481037,1.558144,3.597009,3.740226,11.99377,0.01559721
初号机（完全体）,4,0.01666667,3.6,0.341885,0.3930818,1.55131,3.597009,5.852164,10.41114,0.01559721
初号机（完全体）,4,0.01666667,3.616667,0.4613446,0.3112774,1.545108,3.597009,7.524586,9.151887,0.01559721
初号机（完全体）,4,0.01666667,3.633333,0.5559434,0.2256618,1.541551,3.597009,8.848958,8.151432,0.01559721
初号机（完全体）,4,0.01666667,3.65,0.6308553,0.1037013,1.542255,3.597009,9.897717,7.357375,0.01559721
初号机（完全体）,4,0.01666667,3.666667,0.6734048,-0.05867698,1.547089,3.597009,10.4934,6.905711,0.01559721
初号机（完全体）,4,0.01666667,3.683334,0.6327037,-0.2383477,1.554238,3.597009,9.923594,7.337764,0.01559721
初号机（完全体）,4,0.01666667,3.7,0.4966964,-0.3965402,1.560933,3.597009,8.019507,8.778333,0.01559721
初号机（完全体）,4,0.01666667,3.716667,0.2892591,-0.4961796,1.564569,3.597009,5.115407,10.96426,0.01559721
初号机（完全体）,4,0.01666667,3.733334,0.06272218,-0.5181715,1.563749,3.597009,1.943916,13.33225,0.01559721
初号机（完全体）,4,0.01666667,3.75,-0.1236123,-0.4701863,1.558849,3.597009,-0.6647339,15.26162,0.01559721
初号机（完全体）,4,0.01666667,3.766667,-0.2711686,-0.3844893,1.551868,3.597009,-2.73053,16.77567,0.01559721
初号机（完全体）,4,0.01666667,3.783334,-0.3880169,-0.304473,1.54555,3.597009,-4.366394,17.9649,0.01559721
初号机（完全体）,4,0.01666667,3.8,-0.4805478,-0.241109,1.540547,3.597009,-5.661804,18.89997,0.01559721
初号机（完全体）,4,0.01666667,3.816667,-0.5538222,-0.1700962,1.537939,3.597009,-6.687622,19.63598,0.01559721
初号机（完全体）,4,0.01666667,3.833333,-0.6118473,-0.05969949,1.539395,3.597009,-7.499969,20.21587,0.01559721
初号机（完全体）,4,0.01666667,3.85,-0.6410244,0.09352156,1.544824,3.597009,-7.908447,20.50644,0.01559721
初号机（完全体）,4,0.01666667,3.866667,-0.5897338,0.2659408,1.552444,3.597009,-7.190399,19.99519,0.01559721
初号机（完全体）,4,0.01666667,3.883333,-0.4453408,0.4183909,1.559513,3.597009,-5.168915,18.54491,0.01559721
初号机（完全体）,4,0.01666667,3.9,-0.2312631,0.5134829,1.563445,3.597009,-2.171844,16.36751,0.01559721
初号机（完全体）,4,0.01666667,3.916667,0.0005324135,0.5318738,1.562859,3.597009,1.073266,13.97819,0.01559721
初号机（完全体）,4,0.01666667,3.933334,0.1910311,0.481037,1.558144,3.597009,3.740226,11.99377,0.01559721
初号机（完全体）,4,0.01666667,3.95,0.341885,0.3930818,1.55131,3.597009,5.852164,10.41114,0.01559721
初号机（完全体）,4,0.01666667,3.966667,0.4613446,0.3112774,1.545108,3.597009,7.524586,9.151887,0.01559721
初号机（完全体）,4,0.01666667,3.983334,0.5559434,0.2256618,1.541551,3.597009,8.848958,8.151432,0.01559721
初号机（完全体）,4,0.01666667,4,0.6308553,0.1037013,1.542255,3.597009,9.897717,7.357375,0.01559721
初号机（完全体）,4,0.01666667,4.016667,0.6734048,-0.05867698,1.547089,3.597009,10.4934,6.905711,0.01559721
初号机（完全体）,4,0.01666667,4.033334,0.6327037,-0.2383477,1.554238,3.597009,9.923594,7.337764,0.01559721
初号机（完全体）,4,0.01666667,4.05,0.4966964,-0.3965402,1.560933,3.597009,8.019507,8.778333,0.01559721
初号机（完全体）,4,0.01666667,4.066667,0.2892591,-0.4961796,1.564569,3.597009,5.115407,10.96426,0.01559721
初号机（完全体）,4,0.01666667,4.083333,0.06272218,-0.5181715,1.563749,3.597009,1.943916,13.33225,0.01559721
初号机（完全体）,4,0.01666667,4.1,-0.1236123,-0.4701863,1.558849,3.597009,-0.6647339,15.26162,0.01559721
初号机（完全体）,4,0.01666667,4.116667,-0.2711686,-0.3844893,1.551868,3.597009,-2.73053,16.77567,0.01559721
初号机（完全体）,4,0.01666667,4.133334,-0.3880169,-0.304473,1.54555,3.597009,-4.366394,17.9649,0.01559721
初号机（完全体）,4,0.01666667,4.15,-0.4805478,-0.241109,1.540547,3.597009,-5.661804,18.89997,0.01559721
初号机（完全体）,4,0.01666667,4.166667,-0.5538222,-0.1700962,1.537939,3.597009,-6.687622,19.63598,0.01559721
初号机（完全体）,4,0.01666667,4.183333,-0.6118473,-0.05969949,1.539395,3.597009,-7.499969,20.21587,0.01559721
初号机（完全体）,4,0.01666667,4.2,-0.6410244,0.09352156,1.544824,3.597009,-7.908447,20.50644,0.01559721
初号机（完全体）,4,0.01666667,4.216667,-0.5897338,0.2659408,1.552444,3.597009,-7.190399,19.99519,0.01559721
初号机（完全体）,4,0.01666667,4.233334,-0.4453408,0.4183909,1.559513,3.597009,-5.168915,18.54491,0.01559721
初号机（完全体）,4,0.01666667,4.25,-0.2312631,0.5134829,1.563445,3.597009,-2.171844,16.36751,0.01559721
初号机（完全体）,4,0.01666667,4.266667,0.0005324135,0.5318738,1.562859,3.597009,1.073266,13.97819,0.01559721
初号机（完全体）,4,0.01666667,4.283334,0.1910311,0.481037,1.558144,3.597009,3.740226,11.99377,0.01559721
初号机（完全体）,4,0.01666667,4.3,0.341885,0.3930818,1.55131,3.597009,5.852164,10.41114,0.01559721
初号机（完全体）,4,0.01666667,4.316667,0.4613446,0.3112774,1.545108,3.597009,7.524586,9.151887,0.01559721
初号机（完全体）,4,0.01666667,4.333333,0.5559434,0.2256618,1.541551,3.597009,8.848958,8.151432,0.01559721
初号机（完全体）,4,0.01666667,4.35,0.6308553,0.1037013,1.542255,3.597009,9.897717,7.357375,0.01559721
初号机（完全体）,4,0.01666667,4.366667,0.6734048,-0.05867698,1.547089,3.597009,10.4934,6.905711,0.01559721
初号机（完全体）,4,0.01666667,4.383334,0.6327037,-0.2383477,1.554238,3.597009,9.923594,7.337764,0.01559721
初号机（完全体）,4,0.01666667,4.4,0.4966964,-0.3965402,1.560933,3.597009,8.019507,8.778333,0.01559721
初号机（完全体）,4,0.01666667,4.416667,0.2892591,-0.4961796,1.564569,3.597009,5.115408,10.96426,0.01559721
初号机（完全体）,4,0.01666667,4.433333,0.06272218,-0.5181715,1.563749,3.597009,1.943916,13.33225,0.01559721
初号机（完全体）,4,0.01666667,4.45,-0.1236123,-0.4701863,1.558849,3.597009,-0.6647339,15.26162,0.01559721
初号机（完全体）,4,0.01666667,4.466667,-0.2711686,-0.3844893,1.551868,3.597009,-2.73053,16.77567,0.01559721
初号机（完全体）,4,0.01666667,4.483334,-0.3880169,-0.304473,1.54555,3.597009,-4.366394,17.9649,0.01559721
初号机（完全体）,4,0.01666667,4.5,-0.4805478,-0.241109,1.540547,3.597009,-5.661804,18.89997,0.01559721
初号机（完全体）,4,0.01666667,4.516667,-0.5538222,-0.1700962,1.537939,3.597009,-6.687622,19.63598,0.01559721
初号机（完全体）,4,0.01666667,4.533334,-0.6118473,-0.05969949,1.539395,3.597009,-7.499969,20.21587,0.01559721
初号机（完全体）,4,0.01666667,4.55,-0.6410244,0.09352156,1.544824,3.597009,-7.908447,20.50644,0.01559721
初号机（完全体）,4,0.01666667,4.566667,-0.5897338,0.2659408,1.552444,3.597009,-7.190399,19.99519,0.01559721
初号机（完全体）,4,0.01666667,4.583333,-0.4453408,0.4183909,1.559513,3.597009,-5.168915,18.54491,0.01559721
初号机（完全体）,4,0.01666667,4.6,-0.2312631,0.5134829,1.563445,3.597009,-2.171844,16.36751,0.01559721
初号机（完全体）,4,0.01666667,4.616667,0.0005324135,0.5318738,1.562859,3.597009,1.073266,13.97819,0.01559721
初号机（完全体）,4,0.01666667,4.633334,0.1910311,0.481037,1.558144,3.597009,3.740226,11.99377,0.01559721
初号机（完全体）,4,0.01666667,4.65,0.341885,0.3930818,1.55131,3.597009,5.852164,10.41114,0.01559721
初号机（完全体）,4,0.01666667,4.666667,0.4613446,0.3112774,1.545108,3.597009,7.524586,9.151887,0.01559721
初号机（完全体）,4,0.01666667,4.683333,0.5559434,0.2256618,1.541551,3.597009,8.848958,8.151432,0.01559721
初号机（完全体）,4,0.01666667,4.7,0.6308553,0.1037013,1.542255,3.597009,9.897717,7.357375,0.01559721
初号机（完全体）,4,0.01666667,4.716667,0.6734048,-0.05867698,1.547089,3.597009,10.4934,6.905711,0.01559721
初号机（完全体）,4,0.01666667,4.733334,0.6327037,-0.2383477,1.554238,3.597009,9.923594,7.337764,0.01559721
初号机（完全体）,4,0.01666667,4.75,0.4966964,-0.3965402,1.560933,3.597009,8.019507,8.778333,0.01559721
初号机（完全体）,4,0.01666667,4.766667,0.2892591,-0.4961796,1.564569,3.597009,5.115407,10.96426,0.01559721
初号机（完全体）,4,0.01666667,4.783334,0.06272218,-0.5181715,1.563749,3.597009,1.943916,13.33225,0.01559721
初号机（完全体）,4,0.01666667,4.8,-0.1236123,-0.4701863,1.558849,3.597009,-0.6647339,15.26162,0.01559721
初号机（完全体）,4,0.01666667,4.816667,-0.2711686,-0.3844893,1.551868,3.597009,-2.73053,16.77567,0.01559721
初号机（完全体）,4,0.01666667,4.833333,-0.3880169,-0.304473,1.54555,3.597009,-4.366394,17.9649,0.01559721
初号机（完全体）,4,0.01666667,4.85,-0.4805478,-0.241109,1.540547,3.597009,-5.661804,18.89997,0.01559721
初号机（完全体）,4,0.01666667,4.866667,-0.5538222,-0.1700962,1.537939,3.597009,-6.687653,19.63598,0.01559721
初号机（完全体）,4,0.01666667,4.883334,-0.6118473,-0.05969949,1.539395,3.597009,-7.499969,20.21587,0.01559721
初号机（完全体）,4,0.01666667,4.9,-0.6410244,0.09352156,1.544824,3.597009,-7.908447,20.50644,0.01559721
初号机（完全体）,4,0.01666667,4.916667,-0.5897338,0.2659408,1.552444,3.597009,-7.190399,19.99519,0.01559721
初号机（完全体）,4,0.01666667,4.933333,-0.4453408,0.4183909,1.559513,3.597009,-5.168915,18.54491,0.01559721
初号机（完全体）,4,0.01666667,4.95,-0.2312633,0.5134829,1.563445,3.597009,-2.171844,16.36751,0.01559721
初号机（完全体）,4,0.01666667,4.966667,0.0005322129,0.5318738,1.562859,3.597009,1.073263,13.97819,0.01559721
初号机（完全体）,4,0.01666667,4.983334,0.1910307,0.481037,1.558144,3.597009,3.74022,11.99377,0.01559721
初号机（完全体）,4,0.01666667,5,0.3418844,0.3930818,1.55131,3.597009,5.852156,10.41115,0.01559721
初号机（完全体）,4,0.01666667,5.016667,0.4613439,0.3112774,1.545108,3.597009,7.524576,9.151895,0.01559721
初号机（完全体）,4,0.01666667,5.033334,0.5559426,0.2256618,1.541551,3.596953,8.84891,8.151415,0.01559721
初号机（完全体）,4,0.01666667,5.05,0.6308543,0.1037013,1.542255,3.596918,9.897644,7.357344,0.01559721
初号机（完全体）,4,0.01666667,5.066667,0.6734037,-0.05867698,1.547089,3.596898,10.49332,6.905669,0.01559721
初号机（完全体）,4,0.01666667,5.083333,0.6327026,-0.2383477,1.554238,3.596887,9.923498,7.337718,0.01559721
初号机（完全体）,4,0.01666667,5.1,0.4966955,-0.3965402,1.560933,3.596883,8.019412,8.778281,0.01559721
初号机（完全体）,4,0.01666667,5.116667,0.2892585,-0.4961796,1.564569,3.596883,5.115316,10.96421,0.01559721
初号机（完全体）,4,0.01666667,5.133334,0.06272139,-0.5181715,1.563749,3.596887,1.943826,13.3322,0.01559721
初号机（完全体）,4,0.01666667,5.15,-0.1236129,-0.4701863,1.558849,3.596893,-0.6648254,15.26157,0.01559721
初号机（完全体）,4,0.01666667,5.166667,-0.2711691,-0.3844893,1.551868,3.596899,-2.730591,16.77563,0.01559721
初号机（完全体）,4,0.01666667,5.183333,-0.3880173,-0.304473,1.54555,3.596905,-4.366455,17.96486,0.01559721
初号机（完全体）,4,0.01666667,5.2,-0.4805482,-0.241109,1.540547,3.596911,-5.661865,18.89993,0.01559721
初号机（完全体）,4,0.01666667,5.216667,-0.5538224,-0.1700962,1.537939,3.596917,-6.687714,19.63594,0.01559721
初号机（完全体）,4,0.01666667,5.233334,-0.6118475,-0.05969949,1.539395,3.596923,-7.500031,20.21583,0.01559721
初号机（完全体）,4,0.01666667,5.25,-0.6410248,0.09352156,1.544824,3.596927,-7.908508,20.5064,0.01559721
初号机（完全体）,4,0.01666667,5.266667,-0.5897346,0.2659408,1.552444,3.596932,-7.19046,19.99516,0.01559721
初号机（完全体）,4,0.01666667,5.283334,-0.4453427,0.4183909,1.559513,3.596935,-5.168976,18.54489,0.01559721
初号机（完全体）,4,0.01666667,5.3,-0.2312668,0.5134829,1.563445,3.596939,-2.171936,16.36751,0.01559721
初号机（完全体）,4,0.01666667,5.316667,0.0005269708,0.5318738,1.562859,3.596942,1.073146,13.97821,0.01559721
初号机（完全体）,4,0.01666667,5.333333,0.191024,0.481037,1.558144,3.596944,3.740085,11.99381,0.01559721
初号机（完全体）,4,0.01666667,5.35,0.3418767,0.3930818,1.55131,3.596946,5.852007,10.4112,0.01559721
初号机（完全体）,4,0.01666667,5.366667,0.4613353,0.3112774,1.545108,3.596948,7.524415,9.151957,0.01559721
初号机（完全体）,4,0.01666667,5.383334,0.5559333,0.2256618,1.541551,3.59695,8.848778,8.15151,0.01559721
初号机（完全体）,4,0.01666667,5.4,0.6308445,0.1037013,1.542255,3.596951,9.897529,7.357464,0.01559721
初号机（完全体）,4,0.01666667,5.416667,0.6733937,-0.05867698,1.547089,3.596953,10.49321,6.905804,0.01559721
初号机（完全体）,4,0.01666667,5.433333,0.6326932,-0.2383477,1.554238,3.596954,9.92341,7.337848,0.01559721
初号机（完全体）,4,0.01666667,5.45,0.496688,-0.3965402,1.560933,3.596955,8.019355,8.778393,0.01559721
初号机（完全体）,4,0.01666667,5.466667,0.289254,-0.4961796,1.564569,3.596956,5.115302,10.96429,0.01559721
初号机（完全体）,4,0.01666667,5.483334,0.06272038,-0.5181715,1.563749,3.596956,1.943856,13.33224,0.01559721
初号机（完全体）,4,0.01666667,5.5,-0.1236112,-0.4701863,1.558849,3.596957,-0.6647644,15.26159,0.01559721
初号机（完全体）,4,0.01666667,5.516667,-0.2711653,-0.3844893,1.551868,3.596957,-2.730499,16.77561,0.01559721
初号机（完全体）,4,0.01666667,5.533334,-0.3880118,-0.304473,1.54555,3.596957,-4.366333,17.96482,0.01559721
初号机（完全体）,4,0.01666667,5.55,-0.4805413,-0.241109,1.540547,3.596957,-5.661743,18.89988,0.01559721
初号机（完全体）,4,0.01666667,5.566667,-0.5538145,-0.1700962,1.537939,3.596958,-6.687561,19.63588,0.01559721
初号机（完全体）,4,0.01666667,5.583333,-0.6118388,-0.05969949,1.539395,3.596958,-7.499908,20.21576,0.01559721
初号机（完全体）,4,0.01666667,5.6,-0.6410154,0.09352156,1.544824,3.596958,-7.908356,20.50633,0.01559721
初号机（完全体）,4,0.01666667,5.616667,-0.5897253,0.2659408,1.552444,3.596958,-7.190308,19.99508,0.01559721
初号机（完全体）,4,0.01666667,5.633334,-0.4453343,0.4183909,1.559513,3.596958,-5.168854,18.54482,0.01559721
初号机（完全体）,4,0.01666667,5.65,-0.2312597,0.5134829,1.563445,3.596958,-2.171844,16.36745,0.01559721
初号机（完全体）,4,0.01666667,5.666667,0.0005326348,0.5318738,1.562859,3.596958,1.073235,13.97816,0.01559721
初号机（完全体）,4,0.01666667,5.683333,0.1910285,0.481037,1.558144,3.596958,3.740156,11.99377,0.01559721
初号机（完全体）,4,0.01666667,5.7,0.3418802,0.3930818,1.55131,3.596958,5.852064,10.41116,0.01559721
初号机（完全体）,4,0.01666667,5.716667,0.4613381,0.3112774,1.545108,3.596958,7.524462,9.151932,0.01559721
初号机（完全体）,4,0.01666667,5.733334,0.5559355,0.2256618,1.541551,3.596958,8.848815,8.151494,0.01559721
初号机（完全体）,4,0.01666667,5.75,0.6308463,0.1037013,1.542255,3.596958,9.897556,7.357448,0.01559721
初号机（完全体）,4,0.01666667,5.766667,0.6733951,-0.05867698,1.547089,3.596958,10.49324,6.905792,0.01559721
初号机（完全体）,4,0.01666667,5.783334,0.6326942,-0.2383477,1.554238,3.596958,9.923428,7.337841,0.01559721
初号机（完全体）,4,0.01666667,5.8,0.4966889,-0.3965402,1.560933,3.596958,8.019369,8.778386,0.01559721
初号机（完全体）,4,0.01666667,5.816667,0.2892547,-0.4961796,1.564569,3.596958,5.115312,10.96428,0.01559721
初号机（完全体）,4,0.01666667,5.833333,0.0627209,-0.5181715,1.563749,3.596958,1.943864,13.33224,0.01559721
初号机（完全体）,4,0.01666667,5.85,-0.1236108,-0.4701863,1.558849,3.596958,-0.6647644,15.26159,0.01559721
初号机（完全体）,4,0.01666667,5.866667,-0.271165,-0.3844893,1.551868,3.596958,-2.730499,16.77561,0.01559721
初号机（完全体）,4,0.01666667,5.883334,-0.3880115,-0.304473,1.54555,3.596958,-4.366333,17.96482,0.01559721
初号机（完全体）,4,0.01666667,5.9,-0.4805411,-0.241109,1.540547,3.596958,-5.661743,18.89988,0.01559721
初号机（完全体）,4,0.01666667,5.916667,-0.5538144,-0.1700962,1.537939,3.596958,-6.687561,19.63588,0.01559721
初号机（完全体）,4,0.01666667,5.933334,-0.6118386,-0.05969949,1.539395,3.596958,-7.499908,20.21576,0.01559721
初号机（完全体）,4,0.01666667,5.95,-0.6410153,0.09352156,1.544824,3.596958,-7.908356,20.50633,0.01559721
初号机（完全体）,4,0.01666667,5.966667,-0.5897251,0.2659408,1.552444,3.596958,-7.190308,19.99508,0.01559721
初号机（完全体）,4,0.01666667,5.983334,-0.4453342,0.4183909,1.559513,3.596958,-5.168854,18.54482,0.01559721
初号机（完全体）,4,0.01666667,6,-0.2312596,0.5134829,1.563445,3.596958,-2.171844,16.36745,0.01559721
初号机（完全体）,4,0.01666667,6.016667,0.0005326821,0.5318738,1.562859,3.596958,1.073236,13.97816,0.01559721
初号机（完全体）,4,0.01666667,6.033334,0.1910286,0.481037,1.558144,3.596958,3.740157,11.99377,0.01559721
初号机（完全体）,4,0.01666667,6.05,0.3418802,0.3930818,1.55131,3.596958,5.852065,10.41116,0.01559721
初号机（完全体）,4,0.01666667,6.066667,0.4613381,0.3112774,1.545108,3.596958,7.524462,9.151931,0.01559721
初号机（完全体）,4,0.01666667,6.083333,0.5559356,0.2256618,1.541551,3.596958,8.848816,8.151493,0.01559721
初号机（完全体）,4,0.01666667,6.1,0.6308463,0.1037013,1.542255,3.596958,9.897557,7.357448,0.01559721
初号机（完全体）,4,0.01666667,6.116667,0.6733951,-0.05867698,1.547089,3.596958,10.49323,6.905792,0.01559721
初号机（完全体）,4,0.01666667,6.133334,0.6326942,-0.2383477,1.554238,3.596958,9.923428,7.337841,0.01559721
初号机（完全体）,4,0.01666667,6.15,0.4966889,-0.3965402,1.560933,3.596958,8.019369,8.778386,0.01559721
初号机（完全体）,4,0.01666667,6.166667,0.2892547,-0.4961796,1.564569,3.596958,5.115312,10.96428,0.01559721
初号机（完全体）,4,0.01666667,6.183334,0.0627209,-0.5181715,1.563749,3.596958,1.943864,13.33224,0.01559721
初号机（完全体）,4,0.01666667,6.2,-0.1236108,-0.4701863,1.558849,3.596958,-0.6647644,15.26159,0.01559721
初号机（完全体）,4,0.01666667,6.216667,-0.271165,-0.3844893,1.551868,3.596958,-2.730499,16.77561,0.01559721
初号机（完全体）,4,0.01666667,6.233334,-0.3880115,-0.304473,1.54555,3.596958,-4.366333,17.96482,0.01559721
初号机（完全体）,4,0.01666667,6.25,-0.4805411,-0.241109,1.540547,3.596958,-5.661743,18.89988,0.01559721
初号机（完全体）,4,0.01666667,6.266667,-0.5538144,-0.1700962,1.537939,3.596958,-6.687561,19.63588,0.01559721
初号机（完全体）,4,0.01666667,6.283334,-0.6118386,-0.05969949,1.539395,3.596958,-7.499908,20.21576,0.01559721
初号机（完全体）,4,0.01666667,6.3,-0.6410153,0.09352156,1.544824,3.596958,-7.908356,20.50633,0.01559721
初号机（完全体）,4,0.01666667,6.316667,-0.5897251,0.2659408,1.552444,3.596958,-7.190308,19.99508,0.01559721
初号机（完全体）,4,0.01666667,6.333333,-0.4453342,0.4183909,1.559513,3.596958,-5.168854,18.54482,0.01559721
初号机（完全体）,4,0.01666667,6.35,-0.2312596,0.5134829,1.563445,3.596958,-2.171844,16.36745,0.01559721
初号机（完全体）,4,0.01666667,6.366667,0.0005326821,0.5318738,1.562859,3.596958,1.073236,13.97816,0.01559721
初号机（完全体）,4,0.01666667,6.383334,0.1910286,0.481037,1.558144,3.596958,3.740157,11.99377,0.01559721
初号机（完全体）,4,0.01666667,6.400001,0.3418802,0.3930818,1.55131,3.596958,5.852065,10.41116,0.01559721
初号机（完全体）,4,0.01666667,6.416667,0.4613381,0.3112774,1.545108,3.596958,7.524462,9.151931,0.01559721
初号机（完全体）,4,0.01666667,6.433334,0.5559356,0.2256618,1.541551,3.596958,8.848815,8.151493,0.01559721
初号机（完全体）,4,0.01666667,6.45,0.6308463,0.1037013,1.542255,3.596958,9.897557,7.357448,0.01559721
初号机（完全体）,4,0.01666667,6.466667,0.6733951,-0.05867698,1.547089,3.596958,10.49323,6.905792,0.01559721
初号机（完全体）,4,0.01666667,6.483334,0.6326942,-0.2383477,1.554238,3.596958,9.923428,7.337841,0.01559721
初号机（完全体）,4,0.01666667,6.5,0.4966889,-0.3965402,1.560933,3.596958,8.019369,8.778386,0.01559721
初号机（完全体）,4,0.01666667,6.516667,0.2892547,-0.4961796,1.564569,3.596958,5.115312,10.96428,0.01559721
初号机（完全体）,4,0.01666667,6.533334,0.0627209,-0.5181715,1.563749,3.596958,1.943864,13.33224,0.01559721
初号机（完全体）,4,0.01666667,6.55,-0.1236108,-0.4701863,1.558849,3.596958,-0.6647644,15.26159,0.01559721
初号机（完全体）,4,0.01666667,6.566667,-0.271165,-0.3844893,1.551868,3.596958,-2.730499,16.77561,0.01559721
初号机（完全体）,4,0.01666667,6.583333,-0.3880115,-0.304473,1.54555,3.596958,-4.366333,17.96482,0.01559721
初号机（完全体）,4,0.01666667,6.6,-0.4805411,-0.241109,1.540547,3.596958,-5.661743,18.89988,0.01559721
初号机（完全体）,4,0.01666667,6.616667,-0.5538144,-0.1700962,1.537939,3.596958,-6.687561,19.63588,0.01559721
初号机（完全体）,4,0.01666667,6.633334,-0.6118386,-0.05969949,1.539395,3.596958,-7.499908,20.21576,0.01559721
初号机（完全体）,4,0.01666667,6.650001,-0.6410153,0.09352156,1.544824,3.596958,-7.908356,20.50633,0.01559721
初号机（完全体）,4,0.01666667,6.666667,-0.5897251,0.2659408,1.552444,3.596958,-7.190308,19.99508,0.01559721
初号机（完全体）,4,0.01666667,6.683334,-0.4453342,0.4183909,1.559513,3.596958,-5.168854,18.54482,0.01559721
初号机（完全体）,4,0.01666667,6.7,-0.2312596,0.5134829,1.563445,3.596958,-2.171844,16.36745,0.01559721
初号机（完全体）,4,0.01666667,6.716667,0.0005326821,0.5318738,1.562859,3.596958,1.073236,13.97816,0.01559721
初号机（完全体）,4,0.01666667,6.733334,0.1910286,0.481037,1.558144,3.596958,3.740157,11.99377,0.01559721
初号机（完全体）,4,0.01666667,6.75,0.3418802,0.3930818,1.55131,3.596958,5.852065,10.41116,0.01559721
初号机（完全体）,4,0.01666667,6.766667,0.4613381,0.3112774,1.545108,3.596958,7.524462,9.151931,0.01559721
初号机（完全体）,4,0.01666667,6.783334,0.5559356,0.2256618,1.541551,3.596958,8.848815,8.151493,0.01559721
初号机（完全体）,4,0.01666667,6.8,0.6308463,0.1037013,1.542255,3.596958,9.897557,7.357448,0.01559721
初号机（完全体）,4,0.01666667,6.816667,0.6733951,-0.05867698,1.547089,3.596958,10.49323,6.905792,0.01559721
初号机（完全体）,4,0.01666667,6.833333,0.6326942,-0.2383477,1.554238,3.596958,9.923428,7.337841,0.01559721
初号机（完全体）,4,0.01666667,6.85,0.4966889,-0.3965402,1.560933,3.596958,8.019369,8.778386,0.01559721
初号机（完全体）,4,0.01666667,6.866667,0.2892547,-0.4961796,1.564569,3.596958,5.115312,10.96428,0.01559721
初号机（完全体）,4,0.01666667,6.883334,0.0627209,-0.5181715,1.563749,3.596958,1.943864,13.33224,0.01559721
初号机（完全体）,4,0.01666667,6.900001,-0.1236108,-0.4701863,1.558849,3.596958,-0.6647644,15.26159,0.01559721
初号机（完全体）,4,0.01666667,6.916667,-0.271165,-0.3844893,1.551868,3.596958,-2.730499,16.77561,0.01559721
初号机（完全体）,4,0.01666667,6.933334,-0.3880115,-0.304473,1.54555,3.596958,-4.366333,17.96482,0.01559721
初号机（完全体）,4,0.01666667,6.95,-0.4805411,-0.241109,1.540547,3.596958,-5.661743,18.89988,0.01559721
初号机（完全体）,4,0.01666667,6.966667,-0.5538144,-0.1700962,1.537939,3.596958,-6.687561,19.63588,0.01559721
初号机（完全体）,4,0.01666667,6.983334,-0.6118386,-0.05969949,1.539395,3.596958,-7.499908,20.21576,0.01559721
初号机（完全体）,4,0.01666667,7,-0.6410153,0.09352156,1.544824,3.596958,-7.908356,20.50633,0.01559721
初号机（完全体）,4,0.01666667,7.016667,-0.5897251,0.2659408,1.552444,3.596958,-7.190308,19.99508,0.01559721
初号机（完全体）,4,0.01666667,7.033334,-0.4453342,0.4183909,1.559513,3.596958,-5.168854,18.54482,0.01559721
初号机（完全体）,4,0.01666667,7.05,-0.2312596,0.5134829,1.563445,3.596958,-2.171844,16.36745,0.01559721
初号机（完全体）,4,0.01666667,7.066667,0.0005326821,0.5318738,1.562859,3.596958,1.073236,13.97816,0.01559721
初号机（完全体）,4,0.01666667,7.083333,0.1910286,0.481037,1.558144,3.596958,3.740157,11.99377,0.01559721
初号机（完全体）,4,0.01666667,7.1,0.3418802,0.3930818,1.55131,3.596958,5.852064,10.41116,0.01559721
初号机（完全体）,4,0.01666667,7.116667,0.4613381,0.3112774,1.545108,3.596958,7.524462,9.151931,0.01559721
初号机（完全体）,4,0.01666667,7.133334,0.5559356,0.2256618,1.541551,3.596958,8.848815,8.151493,0.01559721
初号机（完全体）,4,0.01666667,7.150001,0.6308463,0.1037013,1.542255,3.596958,9.897557,7.357448,0.01559721
初号机（完全体）,4,0.01666667,7.166667,0.6733951,-0.05867698,1.547089,3.596958,10.49323,6.905792,0.01559721
初号机（完全体）,4,0.01666667,7.183334,0.6326942,-0.2383477,1.554238,3.596958,9.923428,7.337841,0.01559721
初号机（完全体）,4,0.01666667,7.2,0.4966889,-0.3965402,1.560933,3.596958,8.019369,8.778386,0.01559721
初号机（完全体）,4,0.01666667,7.216667,0.2892547,-0.4961796,1.564569,3.596958,5.115312,10.96428,0.01559721
初号机（完全体）,4,0.01666667,7.233334,0.0627209,-0.5181715,1.563749,3.596958,1.943864,13.33224,0.01559721
初号机（完全体）,4,0.01666667,7.25,-0.1236108,-0.4701863,1.558849,3.596958,-0.6647644,15.26159,0.01559721
初号机（完全体）,4,0.01666667,7.266667,-0.271165,-0.3844893,1.551868,3.596958,-2.730499,16.77561,0.01559721
初号机（完全体）,4,0.01666667,7.283334,-0.3880115,-0.304473,1.54555,3.596958,-4.366333,17.96482,0.01559721
初号机（完全体）,4,0.01666667,7.3,-0.4805411,-0.241109,1.540547,3.596958,-5.661743,18.89988,0.01559721
初号机（完全体）,4,0.01666667,7.316667,-0.5538144,-0.1700962,1.537939,3.596958,-6.687561,19.63588,0.01559721
初号机（完全体）,4,0.01666667,7.333333,-0.6118386,-0.05969949,1.539395,3.596958,-7.499908,20.21576,0.01559721
初号机（完全体）,4,0.01666667,7.35,-0.6410153,0.09352156,1.544824,3.596958,-7.908356,20.50633,0.01559721
初号机（完全体）,4,0.01666667,7.366667,-0.5897251,0.2659408,1.552444,3.596958,-7.190308,19.99508,0.01559721
初号机（完全体）,4,0.01666667,7.383334,-0.4453342,0.4183909,1.559513,3.596958,-5.168854,18.54482,0.01559721
初号机（完全体）,4,0.01666667,7.400001,-0.2312596,0.5134829,1.563445,3.596958,-2.171844,16.36745,0.01559721
初号机（完全体）,4,0.01666667,7.416667,0.0005326821,0.5318738,1.562859,3.596958,1.073236,13.97816,0.01559721
初号机（完全体）,4,0.01666667,7.433334,0.1910286,0.481037,1.558144,3.596958,3.740157,11.99377,0.01559721
初号机（完全体）,4,0.01666667,7.45,0.3418802,0.3930818,1.55131,3.596958,5.852064,10.41116,0.01559721
初号机（完全体）,4,0.01666667,7.466667,0.4613381,0.3112774,1.545108,3.596958,7.524462,9.151931,0.01559721
初号机（完全体）,4,0.01666667,7.483334,0.5559356,0.2256618,1.541551,3.596958,8.848815,8.151493,0.01559721
初号机（完全体）,4,0.01666667,7.5,0.6308463,0.1037013,1.542255,3.596958,9.897557,7.357448,0.01559721
初号机（完全体）,4,0.01666667,7.516667,0.6733951,-0.05867698,1.547089,3.596958,10.49323,6.905792,0.01559721
初号机（完全体）,4,0.01666667,7.533334,0.6326942,-0.2383477,1.554238,3.596958,9.923428,7.337841,0.01559721
初号机（完全体）,4,0.01666667,7.55,0.4966889,-0.3965402,1.560933,3.596958,8.019369,8.778386,0.01559721
初号机（完全体）,4,0.01666667,7.566667,0.2892547,-0.4961796,1.564569,3.596958,5.115312,10.96428,0.01559721
初号机（完全体）,4,0.01666667,7.583333,0.0627209,-0.5181715,1.563749,3.596958,1.943864,13.33224,0.01559721
初号机（完全体）,4,0.01666667,7.6,-0.1236108,-0.4701863,1.558849,3.596958,-0.6647644,15.26159,0.01559721
初号机（完全体）,4,0.01666667,7.616667,-0.271165,-0.3844893,1.551868,3.596958,-2.730499,16.77561,0.01559721
初号机（完全体）,4,0.01666667,7.633334,-0.3880115,-0.304473,1.54555,3.596958,-4.366333,17.96482,0.01559721
初号机（完全体）,4,0.01666667,7.650001,-0.4805411,-0.241109,1.540547,3.596958,-5.661743,18.89988,0.01559721
初号机（完全体）,4,0.01666667,7.666667,-0.5538144,-0.1700962,1.537939,3.596958,-6.687561,19.63588,0.01559721
初号机（完全体）,4,0.01666667,7.683334,-0.6118386,-0.05969949,1.539395,3.596958,-7.499908,20.21576,0.01559721
初号机（完全体）,4,0.01666667,7.7,-0.6410153,0.09352156,1.544824,3.596958,-7.908356,20.50633,0.01559721
初号机（完全体）,4,0.01666667,7.716667,-0.5897251,0.2659408,1.552444,3.596958,-7.190308,19.99508,0.01559721
初号机（完全体）,4,0.01666667,7.733334,-0.4453342,0.4183909,1.559513,3.596958,-5.168854,18.54482,0.01559721
初号机（完全体）,4,0.01666667,7.75,-0.2312596,0.5134829,1.563445,3.596958,-2.171844,16.36745,0.01559721
初号机（完全体）,4,0.01666667,7.766667,0.0005326821,0.5318738,1.562859,3.596958,1.073236,13.97816,0.01559721
初号机（完全体）,4,0.01666667,7.783334,0.1910286,0.481037,1.558144,3.596958,3.740157,11.99377,0.01559721
初号机（完全体）,4,0.01666667,7.8,0.3418802,0.3930818,1.55131,3.596958,5.852064,10.41116,0.01559721
初号机（完全体）,4,0.01666667,7.816667,0.4613381,0.3112774,1.545108,3.596958,7.524462,9.151931,0.01559721
初号机（完全体）,4,0.01666667,7.833334,0.5559356,0.2256618,1.541551,3.596958,8.848815,8.151493,0.01559721
初号机（完全体）,4,0.01666667,7.85,0.6308463,0.1037013,1.542255,3.596958,9.897557,7.357448,0.01559721
初号机（完全体）,4,0.01666667,7.866667,0.6733951,-0.05867698,1.547089,3.596958,10.49323,6.905792,0.01559721
初号机（完全体）,4,0.01666667,7.883334,0.6326942,-0.2383477,1.554238,3.596958,9.923428,7.337841,0.01559721
初号机（完全体）,4,0.01666667,7.900001,0.4966889,-0.3965402,1.560933,3.596958,8.019369,8.778386,0.01559721
初号机（完全体）,4,0.01666667,7.916667,0.2892547,-0.4961796,1.564569,3.596958,5.115312,10.96428,0.01559721
初号机（完全体）,4,0.01666667,7.933334,0.0627209,-0.5181715,1.563749,3.596958,1.943865,13.33224,0.01559721
初号机（完全体）,4,0.01666667,7.95,-0.1236108,-0.4701863,1.558849,3.596958,-0.6647644,15.26159,0.01559721
初号机（完全体）,4,0.01666667,7.966667,-0.271165,-0.3844893,1.551868,3.596958,-2.730499,16.77561,0.01559721
初号机（完全体）,4,0.01666667,7.983334,-0.3880115,-0.304473,1.54555,3.596958,-4.366333,17.96482,0.01559721
初号机（完全体）,4,0.01666667,8,-0.4805411,-0.241109,1.540547,3.596958,-5.661743,18.89988,0.01559721
初号机（完全体）,4,0.01666667,8.016667,-0.5538144,-0.1700962,1.537939,3.596958,-6.687561,19.63588,0.01559721
初号机（完全体）,4,0.01666667,8.033334,-0.6118386,-0.05969949,1.539395,3.596958,-7.499908,20.21576,0.01559721
初号机（完全体）,4,0.01666667,8.05,-0.6410153,0.09352156,1.544824,3.596958,-7.908356,20.50633,0.01559721
初号机（完全体）,4,0.01666667,8.066668,-0.5897251,0.2659408,1.552444,3.596958,-7.190308,19.99508,0.01559721
初号机（完全体）,4,0.01666667,8.083334,-0.4453342,0.4183909,1.559513,3.596958,-5.168854,18.54482,0.01559721
初号机（完全体）,4,0.01666667,8.1,-0.2312596,0.5134829,1.563445,3.596958,-2.171844,16.36745,0.01559721
初号机（完全体）,4,0.01666667,8.116667,0.0005326821,0.5318738,1.562859,3.596958,1.073236,13.97816,0.01559721
初号机（完全体）,4,0.01666667,8.133334,0.1910286,0.481037,1.558144,3.596958,3.740157,11.99377,0.01559721
初号机（完全体）,4,0.01666667,8.150001,0.3418802,0.3930818,1.55131,3.596958,5.852064,10.41116,0.01559721
初号机（完全体）,4,0.01666667,8.166667,0.4613381,0.3112774,1.545108,3.596958,7.524462,9.151931,0.01559721
初号机（完全体）,4,0.01666667,8.183333,0.5559356,0.2256618,1.541551,3.596958,8.848815,8.151493,0.01559721
初号机（完全体）,4,0.01666667,8.200001,0.6308463,0.1037013,1.542255,3.596958,9.897557,7.357448,0.01559721
初号机（完全体）,4,0.01666667,8.216667,0.6733951,-0.05867698,1.547089,3.596958,10.49323,6.905792,0.01559721
初号机（完全体）,4,0.01666667,8.233334,0.6326942,-0.2383477,1.554238,3.596958,9.923428,7.337841,0.01559721
初号机（完全体）,4,0.01666667,8.25,0.4966889,-0.3965402,1.560933,3.596958,8.019369,8.778386,0.01559721
初号机（完全体）,4,0.01666667,8.266667,0.2892547,-0.4961796,1.564569,3.596958,5.115312,10.96428,0.01559721
初号机（完全体）,4,0.01666667,8.283334,0.0627209,-0.5181715,1.563749,3.596958,1.943865,13.33224,0.01559721
初号机（完全体）,4,0.01666667,8.3,-0.1236108,-0.4701863,1.558849,3.596958,-0.6647644,15.26159,0.01559721
初号机（完全体）,4,0.01666667,8.316668,-0.271165,-0.3844893,1.551868,3.596958,-2.730499,16.77561,0.01559721
初号机（完全体）,4,0.01666667,8.333334,-0.3880115,-0.304473,1.54555,3.596958,-4.366333,17.96482,0.01559721
初号机（完全体）,4,0.01666667,8.35,-0.4805411,-0.241109,1.540547,3.596958,-5.661743,18.89988,0.01559721
初号机（完全体）,4,0.01666667,8.366667,-0.5538144,-0.1700962,1.537939,3.596958,-6.687561,19.63588,0.01559721
初号机（完全体）,4,0.01666667,8.383334,-0.6118386,-0.05969949,1.539395,3.596958,-7.499908,20.21576,0.01559721
初号机（完全体）,4,0.01666667,8.400001,-0.6410153,0.09352156,1.544824,3.596958,-7.908356,20.50633,0.01559721
初号机（完全体）,4,0.01666667,8.416667,-0.5897251,0.2659408,1.552444,3.596958,-7.190308,19.99508,0.01559721
初号机（完全体）,4,0.01666667,8.433333,-0.4453342,0.4183909,1.559513,3.596958,-5.168854,18.54482,0.01559721
初号机（完全体）,4,0.01666667,8.450001,-0.2312596,0.5134829,1.563445,3.596958,-2.171844,16.36745,0.01559721
初号机（完全体）,4,0.01666667,8.466667,0.0005326821,0.5318738,1.562859,3.596958,1.073236,13.97816,0.01559721
初号机（完全体）,4,0.01666667,8.483334,0.1910286,0.481037,1.558144,3.596958,3.740157,11.99377,0.01559721
初号机（完全体）,4,0.01666667,8.5,0.3418802,0.3930818,1.55131,3.596958,5.852065,10.41116,0.01559721
初号机（完全体）,4,0.01666667,8.516667,0.4613381,0.3112774,1.545108,3.596958,7.524462,9.151931,0.01559721
初号机（完全体）,4,0.01666667,8.533334,0.5559356,0.2256618,1.541551,3.596958,8.848816,8.151493,0.01559721
初号机（完全体）,4,0.01666667,8.55,0.6308463,0.1037013,1.542255,3.596958,9.897556,7.357448,0.01559721
初号机（完全体）,4,0.01666667,8.566668,0.6733951,-0.05867698,1.547089,3.596958,10.49324,6.905792,0.01559721
初号机（完全体）,4,0.01666667,8.583334,0.6326942,-0.2383477,1.554238,3.596958,9.923428,7.337841,0.01559721
初号机（完全体）,4,0.01666667,8.6,0.4966889,-0.3965402,1.560933,3.596958,8.019369,8.778386,0.01559721
初号机（完全体）,4,0.01666667,8.616667,0.2892547,-0.4961796,1.564569,3.596958,5.115312,10.96428,0.01559721
初号机（完全体）,4,0.01666667,8.633334,0.0627209,-0.5181715,1.563749,3.596958,1.943864,13.33224,0.01559721
初号机（完全体）,4,0.01666667,8.650001,-0.1236108,-0.4701863,1.558849,3.596958,-0.6647644,15.26159,0.01559721
初号机（完全体）,4,0.01666667,8.666667,-0.271165,-0.3844893,1.551868,3.596958,-2.730499,16.77561,0.01559721
初号机（完全体）,4,0.01666667,8.683333,-0.3880115,-0.304473,1.54555,3.596958,-4.366333,17.96482,0.01559721
初号机（完全体）,4,0.01666667,8.700001,-0.4805411,-0.241109,1.540547,3.596958,-5.661743,18.89988,0.01559721
初号机（完全体）,4,0.01666667,8.716667,-0.5538144,-0.1700962,1.537939,3.596958,-6.687561,19.63588,0.01559721
初号机（完全体）,4,0.01666667,8.733334,-0.6118386,-0.05969949,1.539395,3.596958,-7.499908,20.21576,0.01559721
初号机（完全体）,4,0.01666667,8.75,-0.6410153,0.09352156,1.544824,3.596958,-7.908356,20.50633,0.01559721
初号机（完全体）,4,0.01666667,8.766667,-0.5897251,0.2659408,1.552444,3.596958,-7.190308,19.99508,0.01559721
初号机（完全体）,4,0.01666667,8.783334,-0.4453342,0.4183909,1.559513,3.596958,-5.168854,18.54482,0.01559721
初号机（完全体）,4,0.01666667,8.8,-0.2312596,0.5134829,1.563445,3.596958,-2.171844,16.36745,0.01559721
初号机（完全体）,4,0.01666667,8.816668,0.0005326821,0.5318738,1.562859,3.596958,1.073236,13.97816,0.01559721
初号机（完全体）,4,0.01666667,8.833334,0.1910286,0.481037,1.558144,3.596958,3.740157,11.99377,0.01559721
初号机（完全体）,4,0.01666667,8.85,0.3418802,0.3930818,1.55131,3.596958,5.852064,10.41116,0.01559721
初号机（完全体）,4,0.01666667,8.866667,0.4613381,0.3112774,1.545108,3.596958,7.524462,9.151931,0.01559721
初号机（完全体）,4,0.01666667,8.883334,0.5559356,0.2256618,1.541551,3.596958,8.848816,8.151493,0.01559721
初号机（完全体）,4,0.01666667,8.900001,0.6308463,0.1037013,1.542255,3.596958,9.897556,7.357448,0.01559721
初号机（完全体）,4,0.01666667,8.916667,0.6733951,-0.05867698,1.547089,3.596958,10.49323,6.905792,0.01559721
初号机（完全体）,4,0.01666667,8.933333,0.6326942,-0.2383477,1.554238,3.596958,9.923428,7.337841,0.01559721
初号机（完全体）,4,0.01666667,8.950001,0.4966889,-0.3965402,1.560933,3.596958,8.019369,8.778386,0.01559721
初号机（完全体）,4,0.01666667,8.966667,0.2892547,-0.4961796,1.564569,3.596958,5.115312,10.96428,0.01559721
初号机（完全体）,4,0.01666667,8.983334,0.0627209,-0.5181715,1.563749,3.596958,1.943864,13.33224,0.01559721
初号机（完全体）,4,0.01666667,9,-0.1236113,-0.4701863,1.558849,3.596958,-0.6647644,15.26159,0.01559721
初号机（完全体）,4,0.01666667,9.016667,-0.2711658,-0.3844893,1.551868,3.597071,-2.730438,16.77567,0.01559721
初号机（完全体）,4,0.01666667,9.033334,-0.3880127,-0.304473,1.54555,3.597141,-4.366241,17.96491,0.01559721
初号机（完全体）,4,0.01666667,9.05,-0.4805426,-0.241109,1.540547,3.597183,-5.661621,18.89999,0.01559721
初号机（完全体）,4,0.01666667,9.066668,-0.553816,-0.1700962,1.537939,3.597204,-6.687439,19.636,0.01559721
初号机（完全体）,4,0.01666667,9.083334,-0.6118404,-0.05969949,1.539395,3.597211,-7.499756,20.21589,0.01559721
初号机（完全体）,4,0.01666667,9.1,-0.6410172,0.09352156,1.544824,3.597209,-7.908234,20.50645,0.01559721
初号机（完全体）,4,0.01666667,9.116667,-0.5897266,0.2659408,1.552444,3.597202,-7.190155,19.9952,0.01559721
初号机（完全体）,4,0.01666667,9.133334,-0.4453354,0.4183909,1.559513,3.597192,-5.168701,18.54493,0.01559721
初号机（完全体）,4,0.01666667,9.150001,-0.2312605,0.5134829,1.563445,3.59718,-2.171692,16.36755,0.01559721
初号机（完全体）,4,0.01666667,9.166667,0.0005319623,0.5318738,1.562859,3.597167,1.073362,13.97826,0.01559721
初号机（完全体）,4,0.01666667,9.183333,0.1910285,0.481037,1.558144,3.597155,3.740285,11.99386,0.01559721
初号机（完全体）,4,0.01666667,9.200001,0.3418807,0.3930818,1.55131,3.597143,5.852191,10.41125,0.01559721
初号机（完全体）,4,0.01666667,9.216667,0.461339,0.3112774,1.545108,3.597132,7.524587,9.152002,0.01559721
初号机（完全体）,4,0.01666667,9.233334,0.5559368,0.2256618,1.541551,3.597122,8.848936,8.151554,0.01559721
初号机（完全体）,4,0.01666667,9.250001,0.6308478,0.1037013,1.542255,3.597113,9.897678,7.357502,0.01559721
初号机（完全体）,4,0.01666667,9.266667,0.6733963,-0.05867698,1.547089,3.597106,10.49335,6.905847,0.01559721
初号机（完全体）,4,0.01666667,9.283334,0.6326947,-0.2383477,1.554238,3.5971,9.923527,7.337899,0.01559721
初号机（完全体）,4,0.01666667,9.3,0.4966868,-0.3965402,1.560933,3.597094,8.019426,8.778471,0.01559721
初号机（完全体）,4,0.01666667,9.316668,0.2892496,-0.4961796,1.564569,3.597089,5.115325,10.9644,0.01559721
初号机（完全体）,4,0.01666667,9.333334,0.06271238,-0.5181715,1.563749,3.597084,1.943827,13.33238,0.01559721
初号机（完全体）,4,0.01666667,9.35,-0.1236225,-0.4701863,1.558849,3.59708,-0.664856,15.26176,0.01562757
初号机（完全体）,4,0.01666667,9.366667,-0.2711792,-0.3844893,1.551868,3.597077,-2.730621,16.77581,0.01562757
初号机（完全体）,4,0.01666667,9.383334,-0.3880278,-0.304473,1.54555,3.597075,-4.366486,17.96503,0.01562757
初号机（完全体）,4,0.01666667,9.400001,-0.480559,-0.241109,1.540547,3.597073,-5.661926,18.90011,0.01562757
初号机（完全体）,4,0.01666667,9.416667,-0.5538334,-0.1700962,1.537939,3.59707,-6.687744,19.63612,0.01562757
初号机（完全体）,4,0.01666667,9.433333,-0.6118587,-0.05969949,1.539395,3.597068,-7.500092,20.21601,0.01562757
初号机（完全体）,4,0.01666667,9.450001,-0.6410357,0.09352156,1.544824,3.597066,-7.908569,20.50658,0.01562757
初号机（完全体）,4,0.01666667,9.466667,-0.5897443,0.2659408,1.552444,3.597065,-7.190521,19.99531,0.01562757
初号机（完全体）,4,0.01666667,9.483334,-0.4453484,0.4183909,1.559513,3.597064,-5.168976,18.54501,0.01562757
初号机（完全体）,4,0.01666667,9.500001,-0.2312678,0.5134829,1.563445,3.597064,-2.171875,16.36758,0.01562757
初号机（完全体）,4,0.01666667,9.516667,0.0005311301,0.5318738,1.562859,3.597063,1.073283,13.97822,0.01562757
初号机（完全体）,4,0.01666667,9.533334,0.1910328,0.481037,1.558144,3.597062,3.740285,11.99377,0.01562757
初号机（完全体）,4,0.01666667,9.55,0.3418891,0.3930818,1.55131,3.597062,5.852257,10.41112,0.01562757
初号机（完全体）,4,0.01666667,9.566668,0.4613506,0.3112774,1.545108,3.597062,7.524704,9.151848,0.01562757
初号机（完全体）,4,0.01666667,9.583334,0.5559509,0.2256618,1.541551,3.597061,8.849096,8.151378,0.01562757
初号机（完全体）,4,0.01666667,9.6,0.6308638,0.1037013,1.542255,3.597061,9.89787,7.357307,0.01562757
初号机（完全体）,4,0.01666667,9.616667,0.673414,-0.05867698,1.547089,3.597061,10.49357,6.905638,0.01562757
初号机（完全体）,4,0.01666667,9.633334,0.6327127,-0.2383477,1.554238,3.597061,9.923752,7.337691,0.01562757
初号机（完全体）,4,0.01666667,9.650001,0.496703,-0.3965402,1.560933,3.597061,8.019631,8.778284,0.01562757
初号机（完全体）,4,0.01666667,9.666667,0.2892634,-0.4961796,1.564569,3.597061,5.115501,10.96424,0.01562757
初号机（完全体）,4,0.01666667,9.683333,0.0627233,-0.5181715,1.563749,3.597061,1.943964,13.33226,0.01562757
初号机（完全体）,4,0.01666667,9.700001,-0.1236139,-0.4701863,1.558849,3.597061,-0.6647339,15.26166,0.01562757
初号机（完全体）,4,0.01666667,9.716667,-0.2711723,-0.3844893,1.551868,3.597061,-2.73053,16.77573,0.01562757
初号机（完全体）,4,0.01666667,9.733334,-0.3880223,-0.304473,1.54555,3.597061,-4.366425,17.96497,0.01562757
初号机（完全体）,4,0.01666667,9.750001,-0.4805546,-0.241109,1.540547,3.597061,-5.661865,18.90006,0.01562757
初号机（完全体）,4,0.01666667,9.766667,-0.55383,-0.1700962,1.537939,3.597061,-6.687714,19.63608,0.01562757
初号机（完全体）,4,0.01666667,9.783334,-0.611856,-0.05969949,1.539395,3.597061,-7.500061,20.21598,0.01562757
初号机（完全体）,4,0.01666667,9.8,-0.6410335,0.09352156,1.544824,3.597061,-7.908539,20.50655,0.01562757
初号机（完全体）,4,0.01666667,9.816668,-0.5897425,0.2659408,1.552444,3.597061,-7.190491,19.99529,0.01562757
初号机（完全体）,4,0.01666667,9.833334,-0.445347,0.4183909,1.559513,3.597061,-5.168976,18.54499,0.01562757
初号机（完全体）,4,0.01666667,9.85,-0.2312668,0.5134829,1.563445,3.597061,-2.171875,16.36757,0.01562757
初号机（完全体）,4,0.01666667,9.866667,0.0005319915,0.5318738,1.562859,3.597061,1.073293,13.97821,0.01562757
初号机（完全体）,4,0.01666667,9.883334,0.1910335,0.481037,1.558144,3.597061,3.740293,11.99377,0.01562757
初号机（完全体）,4,0.01666667,9.900001,0.3418896,0.3930818,1.55131,3.597061,5.852262,10.41112,0.01562757
初号机（完全体）,4,0.01666667,9.916667,0.461351,0.3112774,1.545108,3.597061,7.524708,9.151843,0.01562757
初号机（完全体）,4,0.01666667,9.933333,0.5559512,0.2256618,1.541551,3.597061,8.8491,8.151374,0.01562757
初号机（完全体）,4,0.01666667,9.950001,0.6308641,0.1037013,1.542255,3.597061,9.897873,7.357304,0.01562757
初号机（完全体）,4,0.01666667,9.966667,0.6734142,-0.05867698,1.547089,3.597061,10.49357,6.905637,0.01562757
初号机（完全体）,4,0.01666667,9.983334,0.6327128,-0.2383477,1.554238,3.597061,9.923756,7.337691,0.01562757
初号机（完全体）,4,0.008333334,0,-4.293681E-19,-3.241213E-19,1.661509,-5.217179E-17,-1.272217,12.36129,1.017216E-06
初号机（完全体）,4,0.008333334,0.008333334,-3.820868E-19,-2.884297E-19,1.661509,0.01705765,-1.261139,12.36901,5.816418E-06
初号机（完全体）,4,0.008333334,0.01666667,-3.400121E-19,-2.566683E-19,1.661509,0.03938483,-1.246613,12.37912,3.067795E-05
初号机（完全体）,4,0.008333334,0.025,-3.025706E-19,-2.284045E-19,1.661509,0.06584789,-1.229431,12.3911,3.067795E-05
初号机（完全体）,4,0.008333334,0.03333334,-2.69252E-19,-2.03253E-19,1.661509,0.09549329,-1.210144,12.40451,3.072614E-05
初号机（完全体）,4,0.008333334,0.04166667,-2.396025E-19,-1.808711E-19,1.661509,0.1275223,-1.189331,12.41901,3.072614E-05
初号机（完全体）,4,0.008333334,0.05,-2.132179E-19,-1.609539E-19,1.661509,0.1612687,-1.167389,12.43428,3.080962E-05
初号机（完全体）,4,0.008333334,0.05833334,-1.897387E-19,-1.4323E-19,1.661509,0.1961802,-1.144714,12.45007,3.466585E-05
初号机（完全体）,4,0.008333334,0.06666667,-1.68845E-19,-1.274577E-19,1.661509,0.2318015,-1.121552,12.46619,3.466585E-05
初号机（完全体）,4,0.008333334,0.075,-1.502521E-19,-1.134223E-19,1.661509,0.2677599,-1.098175,12.48245,3.466585E-05
初号机（完全体）,4,0.008333334,0.08333334,-1.337066E-19,-1.009325E-19,1.661509,0.3037534,-1.074799,12.49874,3.466585E-05
初号机（完全体）,4,0.008333334,0.09166667,6.712741E-05,0.003078768,1.655876,0.3395395,-1.050598,12.51423,3.466585E-05
初号机（完全体）,4,0.008333334,0.1,0.0003212898,0.009622128,1.650468,0.3749262,-1.024017,12.52758,3.466585E-05
初号机（完全体）,4,0.008333334,0.1083333,0.0009198003,0.01986886,1.650427,0.4097641,-0.9930115,12.53709,3.555032E-05
初号机（完全体）,4,0.008333334,0.1166667,0.00204201,0.03388707,1.650123,0.4439396,-0.9550781,12.54083,3.555032E-05
初号机（完全体）,4,0.008333334,0.125,0.00387564,0.05156001,1.649176,0.4773687,-0.9076843,12.53681,3.555032E-05
初号机（完全体）,4,0.008333334,0.1333333,0.006604605,0.07258175,1.647163,0.5099927,-0.8482666,12.52308,6.154546E-05
初号机（完全体）,4,0.008333334,0.1416667,0.0103982,0.09646301,1.643764,0.541773,-0.7745056,12.49786,6.154546E-05
初号机（完全体）,4,0.008333334,0.15,0.01540143,0.1225467,1.638904,0.5726879,-0.6843567,12.45961,6.154546E-05
初号机（完全体）,4,0.008333334,0.1583333,0.0217265,0.1500328,1.632824,0.6027299,-0.5762939,12.40716,6.154546E-05
初号机（完全体）,4,0.008333334,0.1666667,0.02944511,0.1780105,1.626024,0.6319022,-0.4492493,12.33975,6.154546E-05
初号机（完全体）,4,0.008333334,0.175,0.03858173,0.2054982,1.619079,0.6602167,-0.302948,12.25711,6.154546E-05
初号机（完全体）,4,0.008333334,0.1833333,0.04910748,0.2314875,1.612426,0.6876928,-0.1377258,12.15954,6.154546E-05
初号机（完全体）,4,0.008333334,0.1916667,0.06093487,0.2549905,1.606233,0.7143548,0.04518291,12.04796,6.154546E-05
初号机（完全体）,4,0.008333334,0.2,0.07391289,0.275088,1.600415,0.7402313,0.2436933,11.92393,0.002319449
初号机（完全体）,4,0.008333334,0.2083333,0.08782282,0.2909773,1.594762,0.7653537,0.4547601,11.78974,0.00604279
初号机（完全体）,4,0.008333334,0.2166667,0.1023745,0.3020154,1.589061,0.7897552,0.6743423,11.64844,0.009461041
初号机（完全体）,4,0.008333334,0.225,0.1172027,0.3077581,1.58317,0.8134705,0.8973508,11.50385,0.01217754
初号机（完全体）,4,0.008333334,0.2333333,0.1319637,0.3079919,1.57702,0.8365351,1.118996,11.35959,0.01419254
初号机（完全体）,4,0.008333334,0.2416667,0.1466364,0.3027567,1.570597,0.8589841,1.339003,11.2159,0.01535289
初号机（完全体）,4,0.008333334,0.25,0.1612304,0.2923589,1.563921,0.8808523,1.557532,11.0727,0.01553586
初号机（完全体）,4,0.008333334,0.2583334,0.1757544,0.2773741,1.55704,0.9021744,1.774726,10.92991,0.01553586
初号机（完全体）,4,0.008333334,0.2666667,0.1902161,0.2586381,1.549987,0.9229833,1.990713,10.78747,0.01553586
初号机（完全体）,4,0.008333334,0.275,0.2046224,0.2372264,1.542762,0.9433118,2.205613,10.64533,0.01553586
初号机（完全体）,4,0.008333334,0.2833334,0.2189793,0.2144239,1.535446,0.9631911,2.41953,10.50343,0.01553586
初号机（完全体）,4,0.008333334,0.2916667,0.2317553,0.1916484,1.533966,0.9826508,2.611041,10.3779,0.01553586
初号机（完全体）,4,0.008333334,0.3,0.2431244,0.1705444,1.532594,1.00172,2.782603,10.26696,0.01553586
初号机（完全体）,4,0.008333334,0.3083333,0.2532416,0.1507723,1.531438,1.020425,2.9364,10.16899,0.01553586
初号机（完全体）,4,0.008333334,0.3166667,0.2622447,0.130237,1.5306,1.038791,3.07438,10.08257,0.01553586
初号机（完全体）,4,0.008333334,0.325,0.2702564,0.10718,1.530166,1.056843,3.198277,10.00642,0.01553586
初号机（完全体）,4,0.008333334,0.3333333,0.2773858,0.08020895,1.530198,1.074604,3.309633,9.939414,0.01553586
初号机（完全体）,4,0.008333334,0.3416667,0.2837302,0.04831737,1.53074,1.092094,3.409822,9.880547,0.01553586
初号机（完全体）,4,0.008333334,0.35,0.2893759,0.01089387,1.53181,1.109334,3.500068,9.828922,0.01553586
初号机（完全体）,4,0.008333334,0.3583333,0.2944,-0.03227963,1.533404,1.126344,3.581459,9.783734,0.01553586
初号机（完全体）,4,0.008333334,0.3666667,0.298869,-0.08104151,1.535495,1.143138,3.654941,9.744292,0.01553586
初号机（完全体）,4,0.008333334,0.375,0.3024242,-0.1348753,1.538034,1.159735,3.715502,9.714395,0.01553586
初号机（完全体）,4,0.008333334,0.3833334,0.3044883,-0.1929449,1.540954,1.17615,3.755069,9.700129,0.01553586
初号机（完全体）,4,0.008333334,0.3916667,0.3046377,-0.2541402,1.544172,1.192397,3.767721,9.705978,0.01553586
初号机（完全体）,4,0.008333334,0.4,0.3025856,-0.3171303,1.54759,1.208487,3.749451,9.734963,0.01553586
初号机（完全体）,4,0.008333334,0.4083334,0.2981668,-0.3804232,1.551101,1.224434,3.697954,9.788834,0.01553586
初号机（完全体）,4,0.008333334,0.4166667,0.2913244,-0.4424303,1.554596,1.240249,3.61244,9.868174,0.01553586
初号机（完全体）,4,0.008333334,0.425,0.2820979,-0.5015332,1.557961,1.255943,3.493471,9.972559,0.01553586
初号机（完全体）,4,0.008333334,0.4333334,0.2706124,-0.5561502,1.561087,1.271524,3.342803,10.10065,0.01553586
初号机（完全体）,4,0.008333334,0.4416667,0.2570696,-0.6048011,1.563872,1.287002,3.163266,10.2503,0.01553586
初号机（完全体）,4,0.008333334,0.45,0.2417388,-0.6461667,1.566225,1.302384,2.958633,10.41864,0.01553586
初号机（完全体）,4,0.008333334,0.4583333,0.2249498,-0.6791427,1.568069,1.31768,2.733532,10.60217,0.01553586
初号机（完全体）,4,0.008333334,0.4666667,0.2070863,-0.7028845,1.569346,1.332894,2.493335,10.79685,0.01553586
初号机（完全体）,4,0.008333334,0.475,0.1885798,-0.7168425,1.570017,1.348034,2.244086,10.99811,0.01553586
初号机（完全体）,4,0.008333334,0.4833333,0.1699042,-0.7207861,1.570062,1.363105,1.992427,11.20097,0.01553586
初号机（完全体）,4,0.008333334,0.4916667,0.1515717,-0.7148153,1.569487,1.378114,1.745528,11.40007,0.01553586
初号机（完全体）,4,0.008333334,0.5,0.1341277,-0.6993608,1.568316,1.393065,1.511033,11.58967,0.01553586
初号机（完全体）,4,0.008333334,0.5083334,0.118148,-0.6751716,1.566595,1.407961,1.297002,11.76379,0.01553586
初号机（完全体）,4,0.008333334,0.5166667,0.1039227,-0.6432899,1.56439,1.422809,1.1075,11.91941,0.01553586
初号机（完全体）,4,0.008333334,0.525,0.09126391,-0.6050168,1.561785,1.437609,0.9398978,12.05854,0.01556641
初号机（完全体）,4,0.008333334,0.5333334,0.07999906,-0.5618666,1.558876,1.452368,0.7917843,12.183,0.01556641
初号机（完全体）,4,0.008333334,0.5416667,0.06997467,-0.5155146,1.55577,1.467088,0.6610119,12.29442,0.01556641
初号机（完全体）,4,0.008333334,0.55,0.06105414,-0.4677384,1.552581,1.481772,0.5456699,12.39426,0.01556641
初号机（完全体）,4,0.008333334,0.5583333,0.05311593,-0.4203548,1.549428,1.496422,0.4440584,12.48377,0.01556641
初号机（完全体）,4,0.008333334,0.5666667,0.04605186,-0.3751563,1.546424,1.511041,0.3546643,12.56412,0.01556641
初号机（完全体）,4,0.008333334,0.575,0.03976568,-0.3338471,1.543681,1.525633,0.276143,12.63631,0.01556641
初号机（完全体）,4,0.008333334,0.5833334,0.03417172,-0.2970845,1.541239,1.540196,0.2072941,12.70125,0.01556641
初号机（完全体）,4,0.008333334,0.5916667,0.02919375,-0.2643701,1.539066,1.554735,0.1470536,12.75974,0.01556641
初号机（完全体）,4,0.008333334,0.6,0.02476395,-0.2341046,1.537208,1.569251,0.09447176,12.81248,0.01556641
初号机（完全体）,4,0.008333334,0.6083333,0.02082195,-0.2037599,1.535776,1.583745,0.04870516,12.86012,0.01556641
初号机（完全体）,4,0.008333334,0.6166667,0.01731404,-0.171229,1.534861,1.598218,0.009002643,12.90322,0.01556641
初号机（完全体）,4,0.008333334,0.6250001,0.01419241,-0.1348685,1.534528,1.612673,-0.02529907,12.94228,0.01556641
初号机（完全体）,4,0.008333334,0.6333334,0.01141453,-0.09352674,1.534817,1.62711,-0.05480957,12.97774,0.01556641
初号机（完全体）,4,0.008333334,0.6416667,0.008942543,-0.0465552,1.535735,1.641532,-0.08004761,13.01,0.01556641
初号机（完全体）,4,0.008333334,0.65,0.006742768,0.006196568,1.537264,1.655937,-0.1014709,13.03941,0.01556641
初号机（完全体）,4,0.008333334,0.6583334,0.00506382,0.06440353,1.539357,1.670326,-0.1156311,13.06339,0.01556641
初号机（完全体）,4,0.008333334,0.6666667,0.005022211,0.1273045,1.541941,1.684702,-0.1068726,13.07032,0.01556641
初号机（完全体）,4,0.008333334,0.675,0.007526553,0.1937568,1.544922,1.699065,-0.06246948,13.05072,0.01556641
初号机（完全体）,4,0.008333334,0.6833334,0.01321311,0.2623048,1.548186,1.713416,0.02646771,12.99796,0.01556641
初号机（完全体）,4,0.008333334,0.6916667,0.02247582,0.3312583,1.551608,1.727754,0.1654645,12.90793,0.01556641
初号机（完全体）,4,0.008333334,0.7,0.03549297,0.3987805,1.555053,1.74208,0.3570156,12.77871,0.01556641
初号机（完全体）,4,0.008333334,0.7083334,0.05225097,0.4629783,1.558387,1.756398,0.6009318,12.61038,0.01556641
初号机（完全体）,4,0.008333334,0.7166667,0.07256544,0.521995,1.561476,1.770704,0.8946308,12.40479,0.01556641
初号机（完全体）,4,0.008333334,0.725,0.09610002,0.5740992,1.564198,1.784998,1.233404,12.16537,0.01556641
初号机（完全体）,4,0.008333334,0.7333333,0.1223831,0.6177674,1.566445,1.799282,1.610649,11.89695,0.01556641
初号机（完全体）,4,0.008333334,0.7416667,0.1508229,0.6517571,1.568127,1.813559,2.018083,11.60566,0.01556641
初号机（完全体）,4,0.008333334,0.7500001,0.1807203,0.6751664,1.56918,1.827826,2.445916,11.29876,0.01556641
初号机（完全体）,4,0.008333334,0.7583334,0.211281,0.6874796,1.569564,1.842086,2.883031,10.98454,0.01556641
初号机（完全体）,4,0.008333334,0.7666667,0.241626,0.6885942,1.569265,1.856335,3.31712,10.67225,0.01556641
初号机（完全体）,4,0.008333334,0.775,0.2708006,0.6788319,1.568301,1.870577,3.734818,10.37192,0.01556641
初号机（完全体）,4,0.008333334,0.7833334,0.2977831,0.6589292,1.566713,1.884812,4.121823,10.09438,0.01556641
初号机（完全体）,4,0.008333334,0.7916667,0.3218505,0.6300117,1.564572,1.899037,4.468011,9.847322,0.01556641
初号机（完全体）,4,0.008333334,0.8000001,0.3432677,0.5935502,1.56197,1.913254,4.777091,9.628017,0.01556641
初号机（完全体）,4,0.008333334,0.8083334,0.3623265,0.5513034,1.559016,1.927465,5.053149,9.433454,0.01556641
初号机（完全体）,4,0.008333334,0.8166667,0.3792865,0.5052469,1.555839,1.941669,5.299819,9.260933,0.01556641
初号机（完全体）,4,0.008333334,0.825,0.394379,0.4574932,1.552571,1.955865,5.520339,9.108047,0.01556641
初号机（完全体）,4,0.008333334,0.8333334,0.4078094,0.4102059,1.549351,1.970054,5.717587,8.972655,0.01556641
初号机（完全体）,4,0.008333334,0.8416667,0.419761,0.3655109,1.546316,1.984235,5.894125,8.852842,0.01556641
初号机（完全体）,4,0.008333334,0.85,0.4303964,0.3252615,1.543584,1.998412,6.052236,8.746902,0.01556641
初号机（完全体）,4,0.008333334,0.8583333,0.4398607,0.28814,1.541238,2.012582,6.193944,8.653315,0.01556641
初号机（完全体）,4,0.008333334,0.8666667,0.4482828,0.2512552,1.539401,2.026743,6.321057,8.570724,0.01556641
初号机（完全体）,4,0.008333334,0.8750001,0.4557775,0.2122166,1.53817,2.0409,6.435184,8.497928,0.01556641
初号机（完全体）,4,0.008333334,0.8833334,0.4624469,0.1691916,1.537613,2.055048,6.537751,8.433845,0.01556641
初号机（完全体）,4,0.008333334,0.8916667,0.4683819,0.1209417,1.537765,2.069191,6.630034,8.377522,0.01556641
初号机（完全体）,4,0.008333334,0.9,0.4736633,0.06683716,1.538626,2.083329,6.713161,8.328107,0.01556641
初号机（完全体）,4,0.008333334,0.9083334,0.478351,0.006846351,1.540162,2.097458,6.787972,8.284965,0.01556641
初号机（完全体）,4,0.008333334,0.9166667,0.4806764,-0.05849757,1.542306,2.111581,6.82971,8.266829,0.01556641
初号机（完全体）,4,0.008333334,0.9250001,0.4780676,-0.1281536,1.544962,2.125699,6.802361,8.300921,0.01556641
初号机（完全体）,4,0.008333334,0.9333334,0.468678,-0.20065,1.548009,2.13981,6.680079,8.406774,0.01556641
初号机（完全体）,4,0.008333334,0.9416667,0.4513066,-0.2741794,1.551307,2.153915,6.446051,8.597032,0.01556641
初号机（完全体）,4,0.008333334,0.95,0.4253268,-0.3467061,1.554702,2.168013,6.091501,8.878187,0.01556641
初号机（完全体）,4,0.008333334,0.9583334,0.3906232,-0.4160824,1.558038,2.182105,5.614814,9.251241,0.01556641
初号机（完全体）,4,0.008333334,0.9666667,0.3475355,-0.4801682,1.561159,2.196193,5.020747,9.712304,0.01556641
初号机（完全体）,4,0.008333334,0.975,0.2968078,-0.5369475,1.56392,2.210274,4.319719,10.25314,0.01556641
初号机（完全体）,4,0.008333334,0.9833334,0.2395449,-0.5846384,1.566193,2.224348,3.527191,10.86168,0.01556641
初号机（完全体）,4,0.008333334,0.9916667,0.1771719,-0.6217893,1.567872,2.238417,2.663121,11.52248,0.01556641
初号机（完全体）,4,0.008333334,1,0.1113992,-0.6473592,1.568879,2.252482,1.751452,12.2172,0.01556641
初号机（完全体）,4,0.008333334,1.008333,0.04419105,-0.6607765,1.569169,2.266538,0.8196821,12.92493,0.01556641
初号机（完全体）,4,0.008333334,1.016667,-0.02226231,-0.6619749,1.568728,2.280589,-0.101532,13.62268,0.01556641
初号机（完全体）,4,0.008333334,1.025,-0.08556969,-0.6514044,1.56758,2.294631,-0.9786987,14.28562,0.01556641
初号机（完全体）,4,0.008333334,1.033333,-0.1431794,-0.6300167,1.565779,2.308668,-1.776093,14.88761,0.01556641
初号机（完全体）,4,0.008333334,1.041667,-0.1944452,-0.5992264,1.563412,2.322704,-2.48468,15.42243,0.01556641
初号机（完全体）,4,0.008333334,1.05,-0.2400657,-0.5608494,1.560592,2.336732,-3.114258,15.89775,0.01556641
初号机（完全体）,4,0.008333334,1.058333,-0.2806626,-0.5170215,1.557454,2.35075,-3.673492,16.32034,0.01556641
初号机（完全体）,4,0.008333334,1.066667,-0.316789,-0.4701022,1.554147,2.364763,-4.170166,16.6962,0.01556641
初号机（完全体）,4,0.008333334,1.075,-0.3489372,-0.4225659,1.550828,2.378772,-4.611115,17.03064,0.01556641
初号机（完全体）,4,0.008333334,1.083333,-0.3775454,-0.3768888,1.547655,2.392774,-5.002533,17.32835,0.01556641
初号机（完全体）,4,0.008333334,1.091667,-0.4030032,-0.3353865,1.544775,2.406773,-5.349823,17.59348,0.01556641
初号机（完全体）,4,0.008333334,1.1,-0.4256577,-0.2984543,1.542213,2.420763,-5.657898,17.82969,0.01556641
初号机（完全体）,4,0.008333334,1.108333,-0.4458175,-0.2641321,1.540028,2.434749,-5.931061,18.04026,0.01556641
初号机（完全体）,4,0.008333334,1.116667,-0.4637573,-0.2292956,1.538363,2.448727,-6.173126,18.22807,0.01556641
初号机（完全体）,4,0.008333334,1.125,-0.4797217,-0.1913919,1.537329,2.4627,-6.387543,18.39566,0.01556641
初号机（完全体）,4,0.008333334,1.133333,-0.493928,-0.1485145,1.537004,2.476672,-6.577332,18.5453,0.01556641
初号机（完全体）,4,0.008333334,1.141667,-0.50657,-0.09945106,1.537424,2.490637,-6.745239,18.679,0.01556641
初号机（完全体）,4,0.008333334,1.15,-0.5178199,-0.04369987,1.538583,2.504592,-6.893677,18.79855,0.01556641
初号机（完全体）,4,0.008333334,1.158333,-0.5273772,0.01854554,1.540436,2.518541,-7.018402,18.90093,0.01556641
初号机（完全体）,4,0.008333334,1.166667,-0.5319791,0.08644442,1.542898,2.532487,-7.073761,18.95336,0.01556641
初号机（完全体）,4,0.008333334,1.175,-0.5286845,0.1585866,1.545851,2.546427,-7.018585,18.92627,0.01556641
初号机（完全体）,4,0.008333334,1.183333,-0.5154957,0.2330969,1.549149,2.560362,-6.82489,18.79948,0.01556641
初号机（完全体）,4,0.008333334,1.191667,-0.491255,0.307761,1.552627,2.57429,-6.476471,18.56103,0.01556641
初号机（完全体）,4,0.008333334,1.2,-0.455552,0.3801658,1.556109,2.588214,-5.96759,18.2062,0.01556641
初号机（完全体）,4,0.008333334,1.208333,-0.4086412,0.4478486,1.55942,2.602129,-5.301788,17.73674,0.01556641
初号机（完全体）,4,0.008333334,1.216667,-0.3513688,0.5084458,1.562389,2.61604,-4.490936,17.16026,0.01556641
初号机（完全体）,4,0.008333334,1.225,-0.2851077,0.5598345,1.564867,2.629942,-3.55426,16.48972,0.01556641
初号机（完全体）,4,0.008333334,1.233333,-0.2116996,0.6002598,1.566727,2.643839,-2.517517,15.74306,0.01556641
初号机（完全体）,4,0.008333334,1.241667,-0.1334027,0.6284409,1.567876,2.657726,-1.412354,14.94283,0.01556641
初号机（完全体）,4,0.008333334,1.25,-0.05284698,0.6436502,1.568257,2.671615,-0.2755432,14.11586,0.01556641
初号机（完全体）,4,0.008333334,1.258333,0.02700791,0.6457629,1.567854,2.685494,0.8514394,13.29288,0.01556641
初号机（完全体）,4,0.008333334,1.266667,0.1029082,0.635272,1.56669,2.699367,1.923052,12.50815,0.01556641
初号机（完全体）,4,0.008333334,1.275,0.1715241,0.6132712,1.564832,2.713237,2.892683,11.79714,0.01556641
初号机（完全体）,4,0.008333334,1.283333,0.2325842,0.581404,1.56238,2.727099,3.756529,11.16348,0.01556641
初号机（完全体）,4,0.008333334,1.291667,0.2869205,0.5417832,1.559465,2.740957,4.526238,10.59907,0.01556641
初号机（完全体）,4,0.008333334,1.3,0.3352733,0.4968851,1.556245,2.754808,5.212174,10.0966,0.01556641
初号机（完全体）,4,0.008333334,1.308333,0.3783016,0.4494234,1.552891,2.768654,5.823566,9.649461,0.01556641
初号机（完全体）,4,0.008333334,1.316667,0.4165917,0.4022106,1.549584,2.782492,6.368618,9.251752,0.01556641
初号机（完全体）,4,0.008333334,1.325,0.4506654,0.3580126,1.546498,2.796324,6.854637,8.898142,0.01556641
初号机（完全体）,4,0.008333334,1.333333,0.480987,0.3185889,1.543746,2.810155,7.288125,8.583882,0.01556641
初号机（完全体）,4,0.008333334,1.341667,0.5079696,0.2819013,1.541402,2.823981,7.674866,8.304698,0.01556641
初号机（完全体）,4,0.008333334,1.35,0.5319809,0.244532,1.539623,2.837795,8.02,8.056783,0.01556641
初号机（完全体）,4,0.008333334,1.358333,0.5533481,0.2037146,1.538531,2.851604,8.328115,7.836735,0.01556641
初号机（完全体）,4,0.008333334,1.366667,0.5723624,0.1574284,1.538207,2.86541,8.603288,7.641519,0.01556641
初号机（完全体）,4,0.008333334,1.375,0.5892829,0.1044563,1.538684,2.879209,8.84914,7.468422,0.01556641
初号机（完全体）,4,0.008333334,1.383333,0.6043401,0.04440204,1.539949,2.893004,9.068907,7.315022,0.01556641
初号机（完全体）,4,0.008333334,1.391667,0.6161608,-0.02233396,1.541938,2.906791,9.243358,7.19592,0.01556641
初号机（完全体）,4,0.008333334,1.4,0.6203476,-0.09462015,1.544547,2.920574,9.310931,7.157818,0.01556641
初号机（完全体）,4,0.008333334,1.408333,0.6136596,-0.1706975,1.547632,2.934347,9.226253,7.235137,0.01556641
初号机（完全体）,4,0.008333334,1.416667,0.5940322,-0.2483157,1.551023,2.948116,8.960422,7.449718,0.01556641
初号机（完全体）,4,0.008333334,1.425,0.5604485,-0.3248936,1.554528,2.961876,8.499196,7.812129,0.01556641
初号机（完全体）,4,0.008333334,1.433333,0.5128229,-0.3976969,1.557949,2.975639,7.841389,8.322889,0.01556641
初号机（完全体）,4,0.008333334,1.441667,0.4518992,-0.4640207,1.561094,2.989399,6.997406,8.973522,0.01556641
初号机（完全体）,4,0.008333334,1.45,0.3791592,-0.5213684,1.563784,3.003143,5.987989,9.747563,0.01556641
初号机（完全体）,4,0.008333334,1.458333,0.2967412,-0.5676156,1.565867,3.016891,4.843083,10.62153,0.01556641
初号机（完全体）,4,0.008333334,1.466667,0.2073679,-0.6011512,1.567225,3.030632,3.600797,11.56579,0.01556641
初号机（完全体）,4,0.008333334,1.475,0.114282,-0.6209854,1.567783,3.044367,2.306533,12.54548,0.01556641
初号机（完全体）,4,0.008333334,1.483333,0.02118885,-0.6268212,1.567511,3.058087,1.012157,13.52128,0.01556641
初号机（完全体）,4,0.008333334,1.491667,-0.06779431,-0.6190829,1.566429,3.07181,-0.2246704,14.45024,0.01556641
初号机（完全体）,4,0.008333334,1.5,-0.1483916,-0.5989023,1.564602,3.085524,-1.344116,15.28857,0.01556641
初号机（完全体）,4,0.008333334,1.508333,-0.2201136,-0.5680616,1.562139,3.099232,-2.339294,16.0321,0.01556641
初号机（完全体）,4,0.008333334,1.516667,-0.2839378,-0.5288979,1.559185,3.112937,-3.223938,16.6918,0.01556641
初号机（完全体）,4,0.008333334,1.525,-0.3407337,-0.484174,1.555915,3.126629,-4.010162,17.27732,0.01556641
初号机（完全体）,4,0.008333334,1.533333,-0.3912753,-0.4369244,1.55252,3.140325,-4.708832,17.7972,0.01556641
初号机（完全体）,4,0.008333334,1.541667,-0.4362515,-0.3902838,1.549201,3.154014,-5.32959,18.259,0.01556641
初号机（完全体）,4,0.008333334,1.55,-0.4762749,-0.3473064,1.546152,3.167698,-5.881042,18.66936,0.01556641
初号机（完全体）,4,0.008333334,1.558333,-0.511891,-0.3090616,1.543438,3.181367,-6.370758,19.03418,0.01556641
初号机（完全体）,4,0.008333334,1.566667,-0.5435851,-0.2732754,1.541137,3.195039,-6.805603,19.35867,0.01556641
初号机（完全体）,4,0.008333334,1.575,-0.5717891,-0.2362827,1.539424,3.208701,-7.191559,19.6474,0.01556641
初号机（完全体）,4,0.008333334,1.583333,-0.5968874,-0.1951499,1.538434,3.222358,-7.534058,19.90445,0.01556641
初号机（完全体）,4,0.008333334,1.591667,-0.6192219,-0.1477895,1.538252,3.236012,-7.83786,20.1334,0.01556641
初号机（完全体）,4,0.008333334,1.6,-0.6390969,-0.0930286,1.53891,3.249654,-8.107239,20.33743,0.01556641
初号机（完全体）,4,0.008333334,1.608333,-0.656778,-0.03062695,1.540384,3.263286,-8.345917,20.51929,0.01556641
初号机（完全体）,4,0.008333334,1.616667,-0.669106,0.03875883,1.542596,3.276912,-8.509674,20.6477,0.01556641
初号机（完全体）,4,0.008333334,1.625,-0.6710773,0.1136622,1.54542,3.290537,-8.528412,20.67315,0.01556641
初号机（完全体）,4,0.008333334,1.633333,-0.659272,0.1919402,1.548689,3.304162,-8.354279,20.56171,0.01556641
初号机（完全体）,4,0.008333334,1.641667,-0.6316793,0.2709458,1.552205,3.317775,-7.959137,20.29293,0.01556641
初号机（完全体）,4,0.008333334,1.65,-0.5875422,0.3477283,1.555755,3.331381,-7.332367,19.85825,0.01556641
初号机（完全体）,4,0.008333334,1.658333,-0.5272199,0.4192494,1.559122,3.344982,-6.479034,19.25958,0.01556641
初号机（完全体）,4,0.008333334,1.666667,-0.4520641,0.4826023,1.562099,3.358583,-5.417999,18.50846,0.01556641
初号机（完全体）,4,0.008333334,1.675,-0.3643107,0.5352185,1.564503,3.372185,-4.180634,17.6254,0.01556641
初号机（完全体）,4,0.008333334,1.683333,-0.2669815,0.5750521,1.566189,3.385776,-2.809204,16.63933,0.01556641
初号机（完全体）,4,0.008333334,1.691667,-0.1637981,0.6007274,1.567054,3.39936,-1.355804,15.58717,0.01556641
初号机（完全体）,4,0.008333334,1.7,-0.05910507,0.6116424,1.567048,3.412941,0.1187044,14.51328,0.01556641
初号机（完全体）,4,0.008333334,1.708333,0.04219909,0.608021,1.566176,3.426507,1.545768,13.46883,0.01556641
初号机（完全体）,4,0.008333334,1.716667,0.1347764,0.5909119,1.564497,3.440076,2.850661,12.51054,0.01556641
初号机（完全体）,4,0.008333334,1.725,0.2171593,0.5621323,1.562122,3.453637,4.012827,11.65524,0.01556641
初号机（完全体）,4,0.008333334,1.733333,0.2904704,0.5241624,1.559205,3.467193,5.047986,10.89247,0.01556641
初号机（完全体）,4,0.008333334,1.741667,0.3557085,0.4799962,1.555935,3.480747,5.970122,10.21265,0.01556641
初号机（完全体）,4,0.008333334,1.75,0.4137627,0.432959,1.552522,3.494287,6.791676,9.607097,0.01556641
初号机（完全体）,4,0.008333334,1.758333,0.4654242,0.3865022,1.549187,3.507818,7.523726,9.067973,0.01556641
初号机（完全体）,4,0.008333334,1.766667,0.5113967,0.3439413,1.546139,3.521344,8.176127,8.588201,0.01556641
初号机（完全体）,4,0.008333334,1.775,0.5523068,0.3040376,1.543558,3.534868,8.757655,8.161427,0.01556641
初号机（完全体）,4,0.008333334,1.783333,0.588712,0.2625893,1.541648,3.548392,9.276115,7.781945,0.01556641
初号机（完全体）,4,0.008333334,1.791667,0.6211084,0.2162949,1.54056,3.561905,9.738442,7.444641,0.01556641
初号机（完全体）,4,0.008333334,1.8,0.6499372,0.1629103,1.540384,3.57541,10.15082,7.144939,0.01556641
初号机（完全体）,4,0.008333334,1.808333,0.6755915,0.101337,1.541142,3.588912,10.51876,6.878762,0.01556641
初号机（完全体）,4,0.008333334,1.816667,0.6975718,0.03163441,1.542785,3.602411,10.83525,6.651472,0.01556641
初号机（完全体）,4,0.008333334,1.825,0.7099918,-0.04504542,1.5452,3.615913,11.01791,6.525702,0.01556641
初号机（完全体）,4,0.008333334,1.833333,0.7077626,-0.1265971,1.548214,3.629403,10.99547,6.555607,0.01556641
初号机（完全体）,4,0.008333334,1.841667,0.68771,-0.2101654,1.551612,3.642886,10.7235,6.774881,0.01556641
初号机（完全体）,4,0.008333334,1.85,0.6483637,-0.292399,1.555146,3.656366,10.18141,7.198878,0.01556641
初号机（完全体）,4,0.008333334,1.858333,0.5897695,-0.3697354,1.558562,3.66983,9.369852,7.826509,0.01556641
初号机（完全体）,4,0.008333334,1.866667,0.5133224,-0.4386979,1.561611,3.683298,8.308355,8.642062,0.01556641
初号机（完全体）,4,0.008333334,1.875,0.4216181,-0.4961824,1.564071,3.696758,7.033255,9.616782,0.01556641
初号机（完全体）,4,0.008333334,1.883333,0.3183208,-0.5397127,1.565766,3.710212,5.59585,10.7105,0.01556641
初号机（完全体）,4,0.008333334,1.891667,0.2080455,-0.5676473,1.566571,3.723665,4.060752,11.87317,0.01556641
初号机（完全体）,4,0.008333334,1.9,0.09625332,-0.5793219,1.566431,3.737104,2.504409,13.04643,0.01556641
初号机（完全体）,4,0.008333334,1.908333,-0.01084179,-0.5751172,1.565357,3.750549,1.013828,14.16507,0.01556641
初号机（完全体）,4,0.008333334,1.916667,-0.107264,-0.5564479,1.563432,3.763985,-0.3273315,15.1677,0.01556641
初号机（完全体）,4,0.008333334,1.925,-0.1930685,-0.5256732,1.560798,3.777401,-1.519867,16.05614,0.01556651
初号机（完全体）,4,0.008333334,1.933333,-0.2694242,-0.4859368,1.557651,3.79082,-2.580109,16.84363,0.01556651
初号机（完全体）,4,0.008333334,1.941667,-0.3373719,-0.4409463,1.554225,3.80424,-3.522644,17.54189,0.01556651
初号机（完全体）,4,0.008333334,1.95,-0.3978372,-0.3947111,1.550773,3.817652,-4.360443,18.16126,0.01556651
初号机（完全体）,4,0.008333334,1.958333,-0.4516442,-0.3512562,1.547551,3.831057,-5.105042,18.71087,0.01556651
初号机（完全体）,4,0.008333334,1.966667,-0.4995261,-0.3125765,1.544683,3.844446,-5.766663,19.19879,0.01556651
初号机（完全体）,4,0.008333334,1.975,-0.5421354,-0.2781561,1.542132,3.857837,-6.354492,19.63213,0.01556651
初号机（完全体）,4,0.008333334,1.983333,-0.5800525,-0.2450193,1.540024,3.871218,-6.876617,20.01717,0.01556651
初号机（完全体）,4,0.008333334,1.991667,-0.6137943,-0.2082394,1.538622,3.884594,-7.340302,20.35945,0.01556651
初号机（完全体）,4,0.008333334,2,-0.6438205,-0.1640963,1.538116,3.897966,-7.751984,20.66387,0.01556651
初号机（完全体）,4,0.008333334,2.008333,-0.6705403,-0.1103189,1.538608,3.911338,-8.117371,20.93474,0.01556651
初号机（完全体）,4,0.008333334,2.016667,-0.6943153,-0.04620587,1.540103,3.924699,-8.441528,21.17586,0.01556651
初号机（完全体）,4,0.008333334,2.025,-0.7103779,0.02738634,1.542508,3.938066,-8.657715,21.34033,0.01556651
初号机（完全体）,4,0.008333334,2.033334,-0.7111309,0.1081896,1.545644,3.951426,-8.659576,21.35348,0.01556651
初号机（完全体）,4,0.008333334,2.041667,-0.6917456,0.1927911,1.54926,3.964782,-8.379486,21.16762,0.01556651
初号机（完全体）,4,0.008333334,2.05,-0.6498575,0.2769977,1.553057,3.978108,-7.784424,20.7583,0.01556651
初号机（完全体）,4,0.008333334,2.058333,-0.585295,0.3562657,1.556718,3.991441,-6.871887,20.12151,0.01556651
初号机（完全体）,4,0.008333334,2.066667,-0.4998376,0.4261569,1.559934,4.004782,-5.666809,19.27172,0.01556651
初号机（完全体）,4,0.008333334,2.075,-0.3970011,0.4827812,1.562434,4.018102,-4.218445,18.24072,0.01556651
初号机（完全体）,4,0.008333334,2.083333,-0.2818465,0.5231838,1.564009,4.031408,-2.597656,17.07677,0.01556651
初号机（完全体）,4,0.008333334,2.091667,-0.1608101,0.5456446,1.564533,4.044734,-0.8945007,15.84391,0.01556651
初号机（完全体）,4,0.008333334,2.1,-0.04155139,0.5498618,1.563975,4.056612,0.7828364,14.62019,0.01556651
初号机（完全体）,4,0.008333334,2.108333,0.06747472,0.5370027,1.562399,4.06108,2.312094,13.49194,0.01556651
初号机（完全体）,4,0.008333334,2.116667,0.1644951,0.5096185,1.55996,4.059566,3.669385,12.48054,0.01556659
初号机（完全体）,4,0.008333334,2.125,0.2508317,0.4714312,1.556891,4.053276,4.873998,11.57471,0.01556659
初号机（完全体）,4,0.008333334,2.133333,0.3276611,0.4270113,1.553482,4.04323,5.943073,10.76399,0.01556659
初号机（完全体）,4,0.008333334,2.141667,0.3960302,0.3813763,1.550051,4.030286,6.891819,10.03881,0.01556659
初号机（完全体）,4,0.008333334,2.15,0.4568706,0.3393798,1.546908,4.015166,7.733748,9.390426,0.01556659
初号机（完全体）,4,0.008333334,2.158334,0.5110114,0.2991767,1.544295,3.998467,8.480861,8.810907,0.01556659
初号机（完全体）,4,0.008333334,2.166667,0.5591903,0.2551983,1.542503,3.980689,9.143804,8.29309,0.01556659
初号机（完全体）,4,0.008333334,2.175,0.6020638,0.2033326,1.541736,3.962242,9.732038,7.830507,0.01556659
初号机（完全体）,4,0.008333334,2.183333,0.6402161,0.1412296,1.54209,3.943463,10.25396,7.417337,0.01556659
初号机（完全体）,4,0.008333334,2.191667,0.6735901,0.06843851,1.543544,3.924623,10.70895,7.05449,0.01556659
初号机（完全体）,4,0.008333334,2.2,0.6946194,-0.01363968,1.545963,3.905945,10.99121,6.822576,0.01556659
初号机（完全体）,4,0.008333334,2.208333,0.6960372,-0.1019786,1.54911,3.887599,10.99914,6.79907,0.01556659
初号机（完全体）,4,0.008333334,2.216667,0.6736749,-0.1923118,1.552672,3.869723,10.67445,7.028332,0.01556659
初号机（完全体）,4,0.008333334,2.225,0.6261204,-0.2796371,1.556293,3.852419,9.997444,7.525004,0.01556659
初号机（完全体）,4,0.008333334,2.233333,0.5544154,-0.3587895,1.559609,3.835765,8.982756,8.277156,0.01556659
初号机（完全体）,4,0.008333334,2.241667,0.4617842,-0.4250244,1.562287,3.819814,7.675562,9.249199,0.01556659
初号机（完全体）,4,0.008333334,2.25,0.3533942,-0.4745517,1.564058,3.804602,6.148226,10.3847,0.01556659
初号机（完全体）,4,0.008333334,2.258333,0.2361414,-0.5049667,1.564746,3.790149,4.497306,11.60916,0.01556659
初号机（完全体）,4,0.008333334,2.266667,0.1184604,-0.5155344,1.564286,3.776464,2.84089,12.8328,0.01556659
初号机（完全体）,4,0.008333334,2.275,0.009976618,-0.5072972,1.56273,3.763543,1.313731,13.95508,0.01556659
初号机（完全体）,4,0.008333334,2.283334,-0.08656116,-0.4829971,1.560243,3.751378,-0.04568481,14.94851,0.01559734
初号机（完全体）,4,0.008333334,2.291667,-0.1724684,-0.4468194,1.557083,3.739952,-1.255829,15.828,0.01559734
初号机（完全体）,4,0.008333334,2.3,-0.2489156,-0.4039851,1.55358,3.729243,-2.333038,16.60679,0.01559734
初号机（完全体）,4,0.008333334,2.308333,-0.3169447,-0.3602346,1.550096,3.719227,-3.291931,17.29657,0.01559734
初号机（完全体）,4,0.008333334,2.316667,-0.3774824,-0.3205663,1.546948,3.709875,-4.145538,17.90767,0.01559734
初号机（完全体）,4,0.008333334,2.325,-0.4313539,-0.2852661,1.544147,3.701159,-4.905396,18.44921,0.01559734
初号机（完全体）,4,0.008333334,2.333333,-0.4792932,-0.2510219,1.541838,3.693047,-5.581818,18.92924,0.01559734
初号机（完全体）,4,0.008333334,2.341667,-0.5219534,-0.2123462,1.540316,3.68551,-6.18396,19.35487,0.01559734
初号机（完全体）,4,0.008333334,2.35,-0.559916,-0.1651993,1.53979,3.678515,-6.719971,19.73236,0.01559734
初号机（完全体）,4,0.008333334,2.358333,-0.5936983,-0.1072955,1.540358,3.672033,-7.197144,20.06724,0.01559734
初号机（完全体）,4,0.008333334,2.366667,-0.6232068,-0.03824114,1.542003,3.666031,-7.614166,20.35887,0.01559734
初号机（完全体）,4,0.008333334,2.375,-0.6411492,0.04051176,1.544591,3.66048,-7.868958,20.53503,0.01559734
初号机（完全体）,4,0.008333334,2.383333,-0.6405243,0.1258916,1.547889,3.655353,-7.863525,20.52661,0.01559734
初号机（完全体）,4,0.008333334,2.391667,-0.6173057,0.2135915,1.551586,3.650619,-7.541565,20.29343,0.01559734
初号机（完全体）,4,0.008333334,2.4,-0.5701151,0.2985735,1.555326,3.646255,-6.883728,19.82042,0.01559734
初号机（完全体）,4,0.008333334,2.408334,-0.4999302,0.3756407,1.558749,3.642234,-5.903748,19.11476,0.01559734
初号机（完全体）,4,0.008333334,2.416667,-0.409825,0.44002,1.561522,3.638532,-4.644714,18.20403,0.01559734
初号机（完全体）,4,0.008333334,2.425,-0.3047396,0.487896,1.563377,3.635126,-3.17572,17.1351,0.01559734
初号机（完全体）,4,0.008333334,2.433333,-0.1912742,0.5168415,1.56414,3.631995,-1.589264,15.97307,0.01559734
初号机（完全体）,4,0.008333334,2.441667,-0.07750659,0.5261016,1.563747,3.629118,0.001598749,14.80031,0.01559734
初号机（完全体）,4,0.008333334,2.45,0.02734166,0.5167007,1.56225,3.626477,1.467746,13.71323,0.01559734
初号机（完全体）,4,0.008333334,2.458333,0.1206442,0.4913651,1.559816,3.624055,2.772397,12.74118,0.01559734
初号机（完全体）,4,0.008333334,2.466667,0.2036725,0.4542659,1.556703,3.621833,3.933339,11.87276,0.01559734
初号机（完全体）,4,0.008333334,2.475,0.2775578,0.4106116,1.553241,3.619796,4.966402,11.09747,0.01559734
初号机（完全体）,4,0.008333334,2.483333,0.343307,0.3661315,1.549795,3.617931,5.885671,10.40572,0.01559734
初号机（完全体）,4,0.008333334,2.491667,0.401816,0.3258137,1.54668,3.616223,6.703681,9.78878,0.01559734
初号机（完全体）,4,0.008333334,2.5,0.4538821,0.2871045,1.544092,3.614659,7.431586,9.238764,0.01559734
初号机（完全体）,4,0.008333334,2.508333,0.5002148,0.2444555,1.542323,3.61323,8.079307,8.748562,0.01559734
初号机（完全体）,4,0.008333334,2.516667,0.5414454,0.1937727,1.541575,3.611922,8.655682,8.31177,0.01559734
初号机（完全体）,4,0.008333334,2.525,0.5781358,0.1327225,1.541947,3.610728,9.168567,7.922651,0.01559734
初号机（完全体）,4,0.008333334,2.533334,0.610243,0.06086816,1.543417,3.609637,9.617353,7.581816,0.01559734
初号机（完全体）,4,0.008333334,2.541667,0.6306589,-0.02037639,1.54585,3.60864,9.902525,7.364805,0.01559734
初号机（完全体）,4,0.008333334,2.55,0.6325562,-0.1079735,1.549009,3.607731,9.928497,7.344256,0.01559734
初号机（完全体）,4,0.008333334,2.558333,0.6120209,-0.1976465,1.552582,3.606901,9.640466,7.561703,0.01559734
初号机（完全体）,4,0.008333334,2.566667,0.5677317,-0.2843844,1.556213,3.606143,9.019932,8.030769,0.01559734
初号机（完全体）,4,0.008333334,2.575,0.5006744,-0.363014,1.559538,3.605453,8.080685,8.740138,0.01559734
初号机（完全体）,4,0.008333334,2.583333,0.4138876,-0.4287837,1.562224,3.604822,6.865273,9.656296,0.01559734
初号机（完全体）,4,0.008333334,2.591667,0.3122374,-0.477897,1.564002,3.604249,5.441806,10.72617,0.01559734
初号机（完全体）,4,0.008333334,2.6,0.2022151,-0.5079437,1.564696,3.603725,3.901166,11.87979,0.01559734
初号机（完全体）,4,0.008333334,2.608334,0.09175911,-0.5181836,1.564242,3.603249,2.354486,13.03282,0.01559734
初号机（完全体）,4,0.008333334,2.616667,-0.01007226,-0.5096547,1.562691,3.602815,0.9285755,14.09075,0.01559734
初号机（完全体）,4,0.008333334,2.625,-0.1006901,-0.485095,1.560207,3.60242,-0.340332,15.0277,0.01559734
初号机（完全体）,4,0.008333334,2.633333,-0.1813293,-0.4486862,1.557052,3.60206,-1.469482,15.85764,0.01559734
初号机（完全体）,4,0.008333334,2.641667,-0.2530887,-0.4056463,1.553552,3.601733,-2.474335,16.59296,0.01559734
初号机（完全体）,4,0.008333334,2.65,-0.316946,-0.361713,1.550071,3.601436,-3.36853,17.2446,0.01559734
初号机（完全体）,4,0.008333334,2.658334,-0.3737715,-0.3218818,1.546926,3.601165,-4.164246,17.82223,0.01559734
初号机（完全体）,4,0.008333334,2.666667,-0.4243395,-0.2864367,1.544127,3.600919,-4.872345,18.33439,0.01559734
初号机（完全体）,4,0.008333334,2.675,-0.469339,-0.2520636,1.54182,3.600695,-5.502472,18.78864,0.01559734
初号机（完全体）,4,0.008333334,2.683333,-0.5093833,-0.2132732,1.540301,3.600492,-6.063232,19.19161,0.01559734
初号机（完全体）,4,0.008333334,2.691667,-0.5450179,-0.1660242,1.539776,3.600308,-6.562225,19.54919,0.01559734
初号机（完全体）,4,0.008333334,2.7,-0.5767285,-0.1080296,1.540346,3.600139,-7.006287,19.86657,0.01559734
初号机（完全体）,4,0.008333334,2.708333,-0.6044043,-0.03889441,1.541992,3.599987,-7.39386,20.14292,0.01559734
初号机（完全体）,4,0.008333334,2.716667,-0.6208767,0.03993044,1.544582,3.599849,-7.624542,20.30709,0.01559734
初号机（完全体）,4,0.008333334,2.725,-0.6192649,0.1253743,1.547881,3.599723,-7.602051,20.29098,0.01559734
初号机（完全体）,4,0.008333334,2.733334,-0.5956069,0.2131311,1.551578,3.59961,-7.270935,20.05496,0.01559734
初号机（完全体）,4,0.008333334,2.741667,-0.5485389,0.2981639,1.55532,3.599507,-6.612061,19.58413,0.01559734
初号机（完全体）,4,0.008333334,2.75,-0.4790086,0.3752761,1.558743,3.599413,-5.638702,18.88552,0.01559734
初号机（完全体）,4,0.008333334,2.758333,-0.3900214,0.4396956,1.561516,3.599328,-4.392944,17.98623,0.01559734
初号机（完全体）,4,0.008333334,2.766667,-0.2864129,0.4876073,1.563372,3.599249,-2.942474,16.93232,0.01559734
初号机（完全体）,4,0.008333334,2.775,-0.174648,0.5165846,1.564136,3.599179,-1.377838,15.78772,0.01559734
初号机（完全体）,4,0.008333334,2.783334,-0.06264128,0.525873,1.563743,3.599115,0.1902097,14.63327,0.01559734
初号机（完全体）,4,0.008333334,2.791667,0.04057004,0.5164974,1.562247,3.599058,1.63512,13.56348,0.01559734
初号机（完全体）,4,0.008333334,2.8,0.1324159,0.4911842,1.559813,3.599006,2.920918,12.60706,0.01559734
初号机（完全体）,4,0.008333334,2.808333,0.2141479,0.4541049,1.5567,3.598958,4.065125,11.75273,0.01559734
初号机（完全体）,4,0.008333334,2.816667,0.2868797,0.4104683,1.553239,3.598915,5.083335,10.99011,0.01559734
初号机（完全体）,4,0.008333334,2.825,0.3516023,0.366004,1.549793,3.598875,5.989419,10.30974,0.01559734
初号机（完全体）,4,0.008333334,2.833333,0.4091979,0.3257003,1.546678,3.59884,6.795728,9.703013,0.01559734
初号机（完全体）,4,0.008333334,2.841667,0.4604511,0.2870035,1.544091,3.598808,7.513246,9.162146,0.01559734
初号机（完全体）,4,0.008333334,2.85,0.5060604,0.2443656,1.542321,3.598779,8.151753,8.680129,0.01559734
初号机（完全体）,4,0.008333334,2.858334,0.5466473,0.1936928,1.541574,3.598753,8.719949,8.250663,0.01559734
初号机（完全体）,4,0.008333334,2.866667,0.5827649,0.1326513,1.541946,3.598729,9.225574,7.868093,0.01559734
初号机（完全体）,4,0.008333334,2.875,0.6143623,0.06080483,1.543416,3.598707,9.667921,7.533105,0.01559734
初号机（完全体）,4,0.008333334,2.883333,0.6343246,-0.02043275,1.545849,3.598688,9.947377,7.321338,0.01559734
初号机（完全体）,4,0.008333334,2.891667,0.6358182,-0.1080236,1.549008,3.59867,9.968276,7.305479,0.01559734
初号机（完全体）,4,0.008333334,2.9,0.6149238,-0.1976911,1.552581,3.598655,9.675746,7.527129,0.01559734
初号机（完全体）,4,0.008333334,2.908334,0.5703149,-0.2844241,1.556212,3.59864,9.051217,7.999963,0.01559734
初号机（完全体）,4,0.008333334,2.916667,0.5029732,-0.3630494,1.559537,3.598627,8.108433,8.712706,0.01559734
初号机（完全体）,4,0.008333334,2.925,0.4159334,-0.4288152,1.562223,3.598615,6.889878,9.631886,0.01559734
初号机（完全体）,4,0.008333334,2.933333,0.314058,-0.477925,1.564001,3.598605,5.463627,10.70447,0.01559734
初号机（完全体）,4,0.008333334,2.941667,0.2038353,-0.5079686,1.564696,3.598595,3.920515,11.86051,0.01559734
初号机（完全体）,4,0.008333334,2.95,0.09320106,-0.5182057,1.564241,3.598586,2.371642,13.0157,0.01559734
初号机（完全体）,4,0.008333334,2.958333,-0.008789024,-0.5096744,1.56269,3.598577,0.9437858,14.07555,0.01559734
初号机（完全体）,4,0.008333334,2.966667,-0.09954815,-0.4851125,1.560207,3.59857,-0.3268433,15.0142,0.01559734
初号机（完全体）,4,0.008333334,2.975,-0.180313,-0.4487018,1.557051,3.598564,-1.45755,15.84565,0.01559734
初号机（完全体）,4,0.008333334,2.983334,-0.2521842,-0.4056602,1.553551,3.598558,-2.463745,16.5823,0.01559734
初号机（完全体）,4,0.008333334,2.991667,-0.3161411,-0.3617253,1.550071,3.598553,-3.359131,17.23513,0.01559734
初号机（完全体）,4,0.008333334,3,-0.3730552,-0.3218928,1.546926,3.598548,-4.155914,17.81381,0.01559734
初号机（完全体）,4,0.008333334,3.008333,-0.423702,-0.2864465,1.544127,3.598544,-4.86496,18.32691,0.01559734
初号机（完全体）,4,0.008333334,3.016667,-0.4687716,-0.2520724,1.54182,3.598541,-5.495941,18.78197,0.01559734
初号机（完全体）,4,0.008333334,3.025,-0.5088783,-0.213281,1.540301,3.598536,-6.057434,19.18568,0.01559734
初号机（完全体）,4,0.008333334,3.033334,-0.5445685,-0.1660312,1.539776,3.598533,-6.557098,19.54391,0.01559734
初号机（完全体）,4,0.008333334,3.041667,-0.5763285,-0.1080358,1.540346,3.598529,-7.00174,19.86187,0.01559734
初号机（完全体）,4,0.008333334,3.05,-0.6040483,-0.03889989,1.541992,3.598526,-7.389801,20.13874,0.01559734
初号机（完全体）,4,0.008333334,3.058333,-0.6205599,0.03992555,1.544582,3.598524,-7.620972,20.30336,0.01559734
初号机（完全体）,4,0.008333334,3.066667,-0.6189829,0.1253699,1.547881,3.598521,-7.598907,20.28765,0.01559734
初号机（完全体）,4,0.008333334,3.075,-0.5953558,0.2131273,1.551578,3.598519,-7.268127,20.05198,0.01559734
初号机（完全体）,4,0.008333334,3.083333,-0.5483153,0.2981604,1.55532,3.598517,-6.609558,19.58146,0.01559734
初号机（完全体）,4,0.008333334,3.091667,-0.4788096,0.3752731,1.558743,3.598516,-5.636505,18.88312,0.01559734
初号机（完全体）,4,0.008333334,3.1,-0.3898442,0.4396929,1.561516,3.598514,-4.390991,17.98408,0.01559734
初号机（完全体）,4,0.008333334,3.108334,-0.2862551,0.4876049,1.563372,3.598513,-2.940765,16.93038,0.01559734
初号机（完全体）,4,0.008333334,3.116667,-0.1745075,0.5165825,1.564136,3.598511,-1.376312,15.78598,0.01559734
初号机（完全体）,4,0.008333334,3.125,-0.06251623,0.5258711,1.563743,3.598511,0.1915671,14.63171,0.01559734
初号机（完全体）,4,0.008333334,3.133333,0.04068144,0.5164956,1.562247,3.59851,1.636323,13.56207,0.01559734
初号机（完全体）,4,0.008333334,3.141667,0.1325152,0.4911826,1.559812,3.598509,2.921984,12.6058,0.01559734
初号机（完全体）,4,0.008333334,3.15,0.2142363,0.4541035,1.5567,3.598508,4.066072,11.7516,0.01559734
初号机（完全体）,4,0.008333334,3.158334,0.2869585,0.4104671,1.553239,3.598507,5.084174,10.98911,0.01559734
初号机（完全体）,4,0.008333334,3.166667,0.3516726,0.3660029,1.549793,3.598507,5.990164,10.30884,0.01559734
初号机（完全体）,4,0.008333334,3.175,0.4092606,0.3256993,1.546678,3.598506,6.796388,9.702198,0.01559734
初号机（完全体）,4,0.008333334,3.183333,0.4605071,0.2870027,1.544091,3.598506,7.513832,9.161416,0.01559734
初号机（完全体）,4,0.008333334,3.191667,0.5061104,0.2443648,1.542321,3.598505,8.152274,8.679474,0.01559734
初号机（完全体）,4,0.008333334,3.2,0.5466919,0.1936921,1.541574,3.598505,8.72041,8.25008,0.01559734
初号机（完全体）,4,0.008333334,3.208333,0.5828047,0.1326508,1.541946,3.598505,9.225985,7.867566,0.01559734
初号机（完全体）,4,0.008333334,3.216667,0.6143978,0.06080431,1.543416,3.598504,9.668287,7.532636,0.01559734
初号机（完全体）,4,0.008333334,3.225,0.6343564,-0.02043321,1.545849,3.598504,9.947703,7.320915,0.01559734
初号机（完全体）,4,0.008333334,3.233334,0.6358466,-0.108024,1.549008,3.598504,9.968567,7.305101,0.01559734
初号机（完全体）,4,0.008333334,3.241667,0.614949,-0.1976915,1.552581,3.598504,9.676002,7.526793,0.01559734
初号机（完全体）,4,0.008333334,3.25,0.5703375,-0.2844244,1.556212,3.598503,9.051446,7.999661,0.01559734
初号机（完全体）,4,0.008333334,3.258333,0.5029933,-0.3630497,1.559537,3.598503,8.108635,8.712436,0.01559734
初号机（完全体）,4,0.008333334,3.266667,0.4159513,-0.4288154,1.562223,3.598503,6.890057,9.631645,0.01559734
初号机（完全体）,4,0.008333334,3.275,0.3140739,-0.4779252,1.564001,3.598503,5.463783,10.70426,0.01559734
初号机（完全体）,4,0.008333334,3.283334,0.2038494,-0.5079688,1.564696,3.598503,3.920652,11.86032,0.01559734
初号机（完全体）,4,0.008333334,3.291667,0.09321354,-0.5182059,1.564241,3.598503,2.371762,13.01553,0.01559734
初号机（完全体）,4,0.008333334,3.3,-0.008777984,-0.5096745,1.56269,3.598503,0.9438918,14.07539,0.01559734
初号机（完全体）,4,0.008333334,3.308333,-0.09953839,-0.4851126,1.560207,3.598503,-0.3267517,15.01407,0.01559734
初号机（完全体）,4,0.008333334,3.316667,-0.1803044,-0.4487019,1.557051,3.598503,-1.457458,15.84553,0.01559734
初号机（完全体）,4,0.008333334,3.325,-0.2521766,-0.4056603,1.553551,3.598503,-2.463654,16.5822,0.01559734
初号机（完全体）,4,0.008333334,3.333333,-0.3161344,-0.3617254,1.550071,3.598503,-3.35907,17.23504,0.01559734
初号机（完全体）,4,0.008333334,3.341667,-0.3730493,-0.3218928,1.546926,3.598503,-4.155853,17.81373,0.01559734
初号机（完全体）,4,0.008333334,3.35,-0.4236968,-0.2864466,1.544127,3.598503,-4.864929,18.32684,0.01559734
初号机（完全体）,4,0.008333334,3.358334,-0.4687671,-0.2520724,1.54182,3.598503,-5.495911,18.78191,0.01559734
初号机（完全体）,4,0.008333334,3.366667,-0.5088743,-0.213281,1.540301,3.598503,-6.057404,19.18563,0.01559734
初号机（完全体）,4,0.008333334,3.375,-0.544565,-0.1660312,1.539776,3.598503,-6.557068,19.54387,0.01559734
初号机（完全体）,4,0.008333334,3.383333,-0.5763255,-0.1080358,1.540346,3.598503,-7.001709,19.86183,0.01559734
初号机（完全体）,4,0.008333334,3.391667,-0.6040456,-0.03889989,1.541992,3.598503,-7.389801,20.1387,0.01559734
初号机（完全体）,4,0.008333334,3.4,-0.6205577,0.03992555,1.544582,3.598503,-7.620941,20.30333,0.01559734
初号机（完全体）,4,0.008333334,3.408334,-0.6189809,0.1253699,1.547881,3.598503,-7.598877,20.28762,0.01559734
初号机（完全体）,4,0.008333334,3.416667,-0.5953542,0.2131273,1.551578,3.598503,-7.268097,20.05196,0.01559734
初号机（完全体）,4,0.008333334,3.425,-0.5483139,0.2981604,1.55532,3.598503,-6.609558,19.58144,0.01559734
初号机（完全体）,4,0.008333334,3.433333,-0.4788085,0.3752731,1.558743,3.598503,-5.636475,18.8831,0.01559734
初号机（完全体）,4,0.008333334,3.441667,-0.3898432,0.4396929,1.561516,3.598503,-4.390991,17.98407,0.01559734
初号机（完全体）,4,0.008333334,3.45,-0.2862543,0.4876049,1.563372,3.598503,-2.940735,16.93037,0.01559734
初号机（完全体）,4,0.008333334,3.458333,-0.174507,0.5165825,1.564136,3.598503,-1.376282,15.78597,0.01559734
初号机（完全体）,4,0.008333334,3.466667,-0.06251588,0.5258711,1.563743,3.598503,0.1915673,14.6317,0.01559734
初号机（完全体）,4,0.008333334,3.475,0.04068163,0.5164956,1.562247,3.598503,1.636321,13.56207,0.01559734
初号机（完全体）,4,0.008333334,3.483334,0.1325152,0.4911826,1.559812,3.598503,2.921981,12.60579,0.01559734
初号机（完全体）,4,0.008333334,3.491667,0.2142362,0.4541035,1.5567,3.598503,4.066067,11.7516,0.01559734
初号机（完全体）,4,0.008333334,3.5,0.2869583,0.4104671,1.553239,3.598503,5.084167,10.98911,0.01559734
初号机（完全体）,4,0.008333334,3.508333,0.3516724,0.3660029,1.549793,3.598503,5.990158,10.30884,0.01559734
初号机（完全体）,4,0.008333334,3.516667,0.4092602,0.3256993,1.546678,3.598503,6.79638,9.702204,0.01559734
初号机（完全体）,4,0.008333334,3.525,0.4605066,0.2870027,1.544091,3.598503,7.513824,9.161421,0.01559734
初号机（完全体）,4,0.008333334,3.533334,0.5061098,0.2443648,1.542321,3.598503,8.152265,8.67948,0.01559734
初号机（完全体）,4,0.008333334,3.541667,0.5466912,0.1936921,1.541574,3.598503,8.7204,8.250085,0.01559734
初号机（完全体）,4,0.008333334,3.55,0.582804,0.1326508,1.541946,3.598503,9.225974,7.867576,0.01559734
初号机（完全体）,4,0.008333334,3.558334,0.614397,0.06080431,1.543416,3.598503,9.668274,7.532644,0.01559734
初号机（完全体）,4,0.008333334,3.566667,0.6343555,-0.02043321,1.545849,3.598503,9.94769,7.320923,0.01559734
初号机（完全体）,4,0.008333334,3.575,0.6358457,-0.108024,1.549008,3.598503,9.968553,7.305111,0.01559734
初号机（完全体）,4,0.008333334,3.583333,0.6149483,-0.1976915,1.552581,3.598503,9.675989,7.526798,0.01559734
初号机（完全体）,4,0.008333334,3.591667,0.5703367,-0.2844244,1.556212,3.598503,9.051433,7.999669,0.01559734
初号机（完全体）,4,0.008333334,3.6,0.5029925,-0.3630497,1.559537,3.598503,8.108624,8.712441,0.01559734
初号机（完全体）,4,0.008333334,3.608334,0.4159505,-0.4288154,1.562223,3.598503,6.890044,9.631654,0.01559734
初号机（完全体）,4,0.008333334,3.616667,0.3140731,-0.4779252,1.564001,3.598503,5.463771,10.70427,0.01559734
初号机（完全体）,4,0.008333334,3.625,0.2038487,-0.5079688,1.564696,3.598503,3.920643,11.86033,0.01559734
初号机（完全体）,4,0.008333334,3.633333,0.09321293,-0.5182059,1.564241,3.598503,2.371753,13.01554,0.01559734
初号机（完全体）,4,0.008333334,3.641667,-0.008778528,-0.5096745,1.56269,3.598503,0.9438847,14.0754,0.01559734
初号机（完全体）,4,0.008333334,3.65,-0.09953887,-0.4851126,1.560207,3.598503,-0.3267517,15.01407,0.01559734
初号机（完全体）,4,0.008333334,3.658334,-0.1803048,-0.4487019,1.557051,3.598503,-1.457458,15.84554,0.01559734
初号机（完全体）,4,0.008333334,3.666667,-0.252177,-0.4056603,1.553551,3.598503,-2.463654,16.58221,0.01559734
初号机（完全体）,4,0.008333334,3.675,-0.3161348,-0.3617254,1.550071,3.598503,-3.35907,17.23504,0.01559734
初号机（完全体）,4,0.008333334,3.683334,-0.3730496,-0.3218928,1.546926,3.598503,-4.155884,17.81373,0.01559734
初号机（完全体）,4,0.008333334,3.691667,-0.4236971,-0.2864466,1.544127,3.598503,-4.864929,18.32684,0.01559734
初号机（完全体）,4,0.008333334,3.7,-0.4687673,-0.2520724,1.54182,3.598503,-5.495911,18.78192,0.01559734
初号机（完全体）,4,0.008333334,3.708333,-0.5088745,-0.213281,1.540301,3.598503,-6.057404,19.18563,0.01559734
初号机（完全体）,4,0.008333334,3.716667,-0.5445652,-0.1660312,1.539776,3.598503,-6.557068,19.54387,0.01559734
初号机（完全体）,4,0.008333334,3.725,-0.5763257,-0.1080358,1.540346,3.598503,-7.001709,19.86184,0.01559734
初号机（完全体）,4,0.008333334,3.733334,-0.6040458,-0.03889989,1.541992,3.598503,-7.389801,20.1387,0.01559734
初号机（完全体）,4,0.008333334,3.741667,-0.6205578,0.03992555,1.544582,3.598503,-7.620972,20.30333,0.01559734
初号机（完全体）,4,0.008333334,3.75,-0.6189811,0.1253699,1.547881,3.598503,-7.598877,20.28762,0.01559734
初号机（完全体）,4,0.008333334,3.758333,-0.5953544,0.2131273,1.551578,3.598503,-7.268127,20.05196,0.01559734
初号机（完全体）,4,0.008333334,3.766667,-0.5483141,0.2981604,1.55532,3.598503,-6.609558,19.58144,0.01559734
初号机（完全体）,4,0.008333334,3.775,-0.4788086,0.3752731,1.558743,3.598503,-5.636475,18.8831,0.01559734
初号机（完全体）,4,0.008333334,3.783334,-0.3898433,0.4396929,1.561516,3.598503,-4.390991,17.98407,0.01559734
初号机（完全体）,4,0.008333334,3.791667,-0.2862545,0.4876049,1.563372,3.598503,-2.940735,16.93037,0.01559734
初号机（完全体）,4,0.008333334,3.8,-0.1745071,0.5165825,1.564136,3.598503,-1.376312,15.78597,0.01559734
初号机（完全体）,4,0.008333334,3.808334,-0.062516,0.5258711,1.563743,3.598503,0.1915655,14.6317,0.01559734
初号机（完全体）,4,0.008333334,3.816667,0.04068152,0.5164956,1.562247,3.598503,1.63632,13.56207,0.01559734
初号机（完全体）,4,0.008333334,3.825,0.1325151,0.4911826,1.559812,3.598503,2.92198,12.60579,0.01559734
初号机（完全体）,4,0.008333334,3.833333,0.2142362,0.4541035,1.5567,3.598503,4.066066,11.7516,0.01559734
初号机（完全体）,4,0.008333334,3.841667,0.2869582,0.4104671,1.553239,3.598503,5.084166,10.9891,0.01559734
初号机（完全体）,4,0.008333334,3.85,0.3516723,0.3660029,1.549793,3.598503,5.990157,10.30884,0.01559734
初号机（完全体）,4,0.008333334,3.858334,0.4092601,0.3256993,1.546678,3.598503,6.79638,9.702203,0.01559734
初号机（完全体）,4,0.008333334,3.866667,0.4605065,0.2870027,1.544091,3.598503,7.513823,9.161421,0.01559734
初号机（完全体）,4,0.008333334,3.875,0.5061097,0.2443648,1.542321,3.598503,8.152264,8.67948,0.01559734
初号机（完全体）,4,0.008333334,3.883333,0.5466912,0.1936921,1.541574,3.598503,8.720399,8.250086,0.01559734
初号机（完全体）,4,0.008333334,3.891667,0.5828039,0.1326508,1.541946,3.598503,9.225973,7.867576,0.01559734
初号机（完全体）,4,0.008333334,3.9,0.614397,0.06080431,1.543416,3.598503,9.668273,7.532643,0.01559734
初号机（完全体）,4,0.008333334,3.908334,0.6343555,-0.02043321,1.545849,3.598503,9.947688,7.320922,0.01559734
初号机（完全体）,4,0.008333334,3.916667,0.6358457,-0.108024,1.549008,3.598503,9.968552,7.305112,0.01559734
初号机（完全体）,4,0.008333334,3.925,0.6149482,-0.1976915,1.552581,3.598503,9.675988,7.526799,0.01559734
初号机（完全体）,4,0.008333334,3.933334,0.5703366,-0.2844244,1.556212,3.598503,9.051433,7.999669,0.01559734
初号机（完全体）,4,0.008333334,3.941667,0.5029925,-0.3630497,1.559537,3.598503,8.108623,8.712442,0.01559734
初号机（完全体）,4,0.008333334,3.95,0.4159504,-0.4288154,1.562223,3.598503,6.890043,9.631655,0.01559734
初号机（完全体）,4,0.008333334,3.958333,0.3140731,-0.4779252,1.564001,3.598503,5.463771,10.70427,0.01559734
初号机（完全体）,4,0.008333334,3.966667,0.2038487,-0.5079688,1.564696,3.598503,3.920642,11.86033,0.01559734
初号机（完全体）,4,0.008333334,3.975,0.09321288,-0.5182059,1.564241,3.598503,2.371753,13.01554,0.01559734
初号机（完全体）,4,0.008333334,3.983334,-0.008778575,-0.5096745,1.56269,3.598503,0.9438836,14.0754,0.01559734
初号机（完全体）,4,0.008333334,3.991667,-0.09953891,-0.4851126,1.560207,3.598503,-0.3267517,15.01407,0.01559734
初号机（完全体）,4,0.008333334,4,-0.1803049,-0.4487019,1.557051,3.598503,-1.457458,15.84554,0.01559734
初号机（完全体）,4,0.008333334,4.008334,-0.2521771,-0.4056603,1.553551,3.598503,-2.463684,16.58221,0.01559734
初号机（完全体）,4,0.008333334,4.016667,-0.3161348,-0.3617254,1.550071,3.598503,-3.35907,17.23504,0.01559734
初号机（完全体）,4,0.008333334,4.025,-0.3730496,-0.3218928,1.546926,3.598503,-4.155884,17.81373,0.01559734
初号机（完全体）,4,0.008333334,4.033334,-0.4236971,-0.2864466,1.544127,3.598503,-4.864929,18.32684,0.01559734
初号机（完全体）,4,0.008333334,4.041667,-0.4687673,-0.2520724,1.54182,3.598503,-5.495911,18.78192,0.01559734
初号机（完全体）,4,0.008333334,4.05,-0.5088745,-0.213281,1.540301,3.598503,-6.057404,19.18563,0.01559734
初号机（完全体）,4,0.008333334,4.058333,-0.5445652,-0.1660312,1.539776,3.598503,-6.557068,19.54387,0.01559734
初号机（完全体）,4,0.008333334,4.066667,-0.5763257,-0.1080358,1.540346,3.598503,-7.001709,19.86184,0.01559734
初号机（完全体）,4,0.008333334,4.075,-0.6040458,-0.03889989,1.541992,3.598503,-7.389801,20.1387,0.01559734
初号机（完全体）,4,0.008333334,4.083333,-0.6205578,0.03992555,1.544582,3.598503,-7.620972,20.30333,0.01559734
初号机（完全体）,4,0.008333334,4.091667,-0.6189811,0.1253699,1.547881,3.598503,-7.598877,20.28762,0.01559734
初号机（完全体）,4,0.008333334,4.1,-0.5953544,0.2131273,1.551578,3.598503,-7.268127,20.05196,0.01559734
初号机（完全体）,4,0.008333334,4.108334,-0.5483141,0.2981604,1.55532,3.598503,-6.609558,19.58144,0.01559734
初号机（完全体）,4,0.008333334,4.116667,-0.4788086,0.3752731,1.558743,3.598503,-5.636475,18.8831,0.01559734
初号机（完全体）,4,0.008333334,4.125,-0.3898433,0.4396929,1.561516,3.598503,-4.390991,17.98407,0.01559734
初号机（完全体）,4,0.008333334,4.133334,-0.2862545,0.4876049,1.563372,3.598503,-2.940735,16.93037,0.01559734
初号机（完全体）,4,0.008333334,4.141667,-0.1745071,0.5165825,1.564136,3.598503,-1.376312,15.78597,0.01559734
初号机（完全体）,4,0.008333334,4.15,-0.062516,0.5258711,1.563743,3.598503,0.191566,14.6317,0.01559734
初号机（完全体）,4,0.008333334,4.158334,0.04068152,0.5164956,1.562247,3.598503,1.63632,13.56207,0.01559734
初号机（完全体）,4,0.008333334,4.166667,0.1325151,0.4911826,1.559812,3.598503,2.92198,12.60579,0.01559734
初号机（完全体）,4,0.008333334,4.175,0.2142362,0.4541035,1.5567,3.598503,4.066066,11.7516,0.01559734
初号机（完全体）,4,0.008333334,4.183333,0.2869582,0.4104671,1.553239,3.598503,5.084166,10.9891,0.01559734
初号机（完全体）,4,0.008333334,4.191667,0.3516723,0.3660029,1.549793,3.598503,5.990157,10.30884,0.01559734
初号机（完全体）,4,0.008333334,4.2,0.4092601,0.3256993,1.546678,3.598503,6.79638,9.702203,0.01559734
初号机（完全体）,4,0.008333334,4.208333,0.4605065,0.2870027,1.544091,3.598503,7.513822,9.161421,0.01559734
初号机（完全体）,4,0.008333334,4.216667,0.5061097,0.2443648,1.542321,3.598503,8.152263,8.67948,0.01559734
初号机（完全体）,4,0.008333334,4.225,0.5466912,0.1936921,1.541574,3.598503,8.720399,8.250086,0.01559734
初号机（完全体）,4,0.008333334,4.233334,0.5828039,0.1326508,1.541946,3.598503,9.225973,7.867576,0.01559734
初号机（完全体）,4,0.008333334,4.241667,0.614397,0.06080431,1.543416,3.598503,9.668273,7.532643,0.01559734
初号机（完全体）,4,0.008333334,4.25,0.6343555,-0.02043321,1.545849,3.598503,9.947688,7.320922,0.01559734
初号机（完全体）,4,0.008333334,4.258334,0.6358457,-0.108024,1.549008,3.598503,9.968552,7.305112,0.01559734
初号机（完全体）,4,0.008333334,4.266667,0.6149482,-0.1976915,1.552581,3.598503,9.675989,7.526799,0.01559734
初号机（完全体）,4,0.008333334,4.275,0.5703366,-0.2844244,1.556212,3.598503,9.051433,7.999669,0.01559734
初号机（完全体）,4,0.008333334,4.283334,0.5029925,-0.3630497,1.559537,3.598503,8.108623,8.712442,0.01559734
初号机（完全体）,4,0.008333334,4.291667,0.4159504,-0.4288154,1.562223,3.598503,6.890043,9.631655,0.01559734
初号机（完全体）,4,0.008333334,4.3,0.3140731,-0.4779252,1.564001,3.598503,5.463771,10.70427,0.01559734
初号机（完全体）,4,0.008333334,4.308333,0.2038487,-0.5079688,1.564696,3.598503,3.920642,11.86033,0.01559734
初号机（完全体）,4,0.008333334,4.316667,0.09321288,-0.5182059,1.564241,3.598503,2.371753,13.01554,0.01559734
初号机（完全体）,4,0.008333334,4.325,-0.008778575,-0.5096745,1.56269,3.598503,0.9438836,14.0754,0.01559734
初号机（完全体）,4,0.008333334,4.333333,-0.09953891,-0.4851126,1.560207,3.598503,-0.3267517,15.01407,0.01559734
初号机（完全体）,4,0.008333334,4.341667,-0.1803049,-0.4487019,1.557051,3.598503,-1.457458,15.84554,0.01559734
初号机（完全体）,4,0.008333334,4.35,-0.2521771,-0.4056603,1.553551,3.598503,-2.463684,16.58221,0.01559734
初号机（完全体）,4,0.008333334,4.358334,-0.3161348,-0.3617254,1.550071,3.598503,-3.35907,17.23504,0.01559734
初号机（完全体）,4,0.008333334,4.366667,-0.3730496,-0.3218928,1.546926,3.598503,-4.155884,17.81373,0.01559734
初号机（完全体）,4,0.008333334,4.375,-0.4236971,-0.2864466,1.544127,3.598503,-4.864929,18.32684,0.01559734
初号机（完全体）,4,0.008333334,4.383334,-0.4687673,-0.2520724,1.54182,3.598503,-5.495911,18.78192,0.01559734
初号机（完全体）,4,0.008333334,4.391667,-0.5088745,-0.213281,1.540301,3.598503,-6.057404,19.18563,0.01559734
初号机（完全体）,4,0.008333334,4.4,-0.5445652,-0.1660312,1.539776,3.598503,-6.557068,19.54387,0.01559734
初号机（完全体）,4,0.008333334,4.408334,-0.5763257,-0.1080358,1.540346,3.598503,-7.001709,19.86184,0.01559734
初号机（完全体）,4,0.008333334,4.416667,-0.6040458,-0.03889989,1.541992,3.598503,-7.389801,20.1387,0.01559734
初号机（完全体）,4,0.008333334,4.425,-0.6205578,0.03992555,1.544582,3.598503,-7.620972,20.30333,0.01559734
初号机（完全体）,4,0.008333334,4.433333,-0.6189811,0.1253699,1.547881,3.598503,-7.598877,20.28762,0.01559734
初号机（完全体）,4,0.008333334,4.441667,-0.5953544,0.2131273,1.551578,3.598503,-7.268127,20.05196,0.01559734
初号机（完全体）,4,0.008333334,4.45,-0.5483141,0.2981604,1.55532,3.598503,-6.609558,19.58144,0.01559734
初号机（完全体）,4,0.008333334,4.458333,-0.4788086,0.3752731,1.558743,3.598503,-5.636475,18.8831,0.01559734
初号机（完全体）,4,0.008333334,4.466667,-0.3898433,0.4396929,1.561516,3.598503,-4.390991,17.98407,0.01559734
初号机（完全体）,4,0.008333334,4.475,-0.2862545,0.4876049,1.563372,3.598503,-2.940735,16.93037,0.01559734
初号机（完全体）,4,0.008333334,4.483334,-0.1745071,0.5165825,1.564136,3.598503,-1.376312,15.78597,0.01559734
初号机（完全体）,4,0.008333334,4.491667,-0.062516,0.5258711,1.563743,3.598503,0.191566,14.6317,0.01559734
初号机（完全体）,4,0.008333334,4.5,0.04068152,0.5164956,1.562247,3.598503,1.63632,13.56207,0.01559734
初号机（完全体）,4,0.008333334,4.508334,0.1325151,0.4911826,1.559812,3.598503,2.92198,12.60579,0.01559734
初号机（完全体）,4,0.008333334,4.516667,0.2142362,0.4541035,1.5567,3.598503,4.066065,11.7516,0.01559734
初号机（完全体）,4,0.008333334,4.525,0.2869582,0.4104671,1.553239,3.598503,5.084166,10.9891,0.01559734
初号机（完全体）,4,0.008333334,4.533334,0.3516723,0.3660029,1.549793,3.598503,5.990157,10.30884,0.01559734
初号机（完全体）,4,0.008333334,4.541667,0.4092601,0.3256993,1.546678,3.598503,6.79638,9.702203,0.01559734
初号机（完全体）,4,0.008333334,4.55,0.4605065,0.2870027,1.544091,3.598503,7.513822,9.161421,0.01559734
初号机（完全体）,4,0.008333334,4.558333,0.5061097,0.2443648,1.542321,3.598503,8.152263,8.67948,0.01559734
初号机（完全体）,4,0.008333334,4.566667,0.5466912,0.1936921,1.541574,3.598503,8.720399,8.250086,0.01559734
初号机（完全体）,4,0.008333334,4.575,0.5828039,0.1326508,1.541946,3.598503,9.225973,7.867576,0.01559734
初号机（完全体）,4,0.008333334,4.583333,0.614397,0.06080431,1.543416,3.598503,9.668273,7.532643,0.01559734
初号机（完全体）,4,0.008333334,4.591667,0.6343555,-0.02043321,1.545849,3.598503,9.947688,7.320922,0.01559734
初号机（完全体）,4,0.008333334,4.6,0.6358457,-0.108024,1.549008,3.598503,9.968552,7.305112,0.01559734
初号机（完全体）,4,0.008333334,4.608334,0.6149482,-0.1976915,1.552581,3.598503,9.675988,7.526799,0.01559734
初号机（完全体）,4,0.008333334,4.616667,0.5703366,-0.2844244,1.556212,3.598503,9.051433,7.999669,0.01559734
初号机（完全体）,4,0.008333334,4.625,0.5029925,-0.3630497,1.559537,3.598503,8.108623,8.712442,0.01559734
初号机（完全体）,4,0.008333334,4.633334,0.4159504,-0.4288154,1.562223,3.598503,6.890043,9.631655,0.01559734
初号机（完全体）,4,0.008333334,4.641667,0.3140731,-0.4779252,1.564001,3.598503,5.463771,10.70427,0.01559734
初号机（完全体）,4,0.008333334,4.65,0.2038487,-0.5079688,1.564696,3.598503,3.920642,11.86033,0.01559734
初号机（完全体）,4,0.008333334,4.658334,0.09321288,-0.5182059,1.564241,3.598503,2.371753,13.01554,0.01559734
初号机（完全体）,4,0.008333334,4.666667,-0.008778575,-0.5096745,1.56269,3.598503,0.9438836,14.0754,0.01559734
初号机（完全体）,4,0.008333334,4.675,-0.09953891,-0.4851126,1.560207,3.598503,-0.3267517,15.01407,0.01559734
初号机（完全体）,4,0.008333334,4.683333,-0.1803049,-0.4487019,1.557051,3.598503,-1.457458,15.84554,0.01559734
初号机（完全体）,4,0.008333334,4.691667,-0.2521771,-0.4056603,1.553551,3.598503,-2.463684,16.58221,0.01559734
初号机（完全体）,4,0.008333334,4.7,-0.3161348,-0.3617254,1.550071,3.598503,-3.35907,17.23504,0.01559734
初号机（完全体）,4,0.008333334,4.708333,-0.3730496,-0.3218928,1.546926,3.598503,-4.155884,17.81373,0.01559734
初号机（完全体）,4,0.008333334,4.716667,-0.4236971,-0.2864466,1.544127,3.598503,-4.864929,18.32684,0.01559734
初号机（完全体）,4,0.008333334,4.725,-0.4687673,-0.2520724,1.54182,3.598503,-5.495911,18.78192,0.01559734
初号机（完全体）,4,0.008333334,4.733334,-0.5088745,-0.213281,1.540301,3.598503,-6.057404,19.18563,0.01559734
初号机（完全体）,4,0.008333334,4.741667,-0.5445652,-0.1660312,1.539776,3.598503,-6.557068,19.54387,0.01559734
初号机（完全体）,4,0.008333334,4.75,-0.5763257,-0.1080358,1.540346,3.598503,-7.001709,19.86184,0.01559734
初号机（完全体）,4,0.008333334,4.758334,-0.6040458,-0.03889989,1.541992,3.598503,-7.389801,20.1387,0.01559734
初号机（完全体）,4,0.008333334,4.766667,-0.6205578,0.03992555,1.544582,3.598503,-7.620972,20.30333,0.01559734
初号机（完全体）,4,0.008333334,4.775,-0.6189811,0.1253699,1.547881,3.598503,-7.598877,20.28762,0.01559734
初号机（完全体）,4,0.008333334,4.783334,-0.5953544,0.2131273,1.551578,3.598503,-7.268127,20.05196,0.01559734
初号机（完全体）,4,0.008333334,4.791667,-0.5483141,0.2981604,1.55532,3.598503,-6.609558,19.58144,0.01559734
初号机（完全体）,4,0.008333334,4.8,-0.4788086,0.3752731,1.558743,3.598503,-5.636475,18.8831,0.01559734
初号机（完全体）,4,0.008333334,4.808333,-0.3898433,0.4396929,1.561516,3.598503,-4.390991,17.98407,0.01559734
初号机（完全体）,4,0.008333334,4.816667,-0.2862545,0.4876049,1.563372,3.598503,-2.940735,16.93037,0.01559734
初号机（完全体）,4,0.008333334,4.825,-0.1745071,0.5165825,1.564136,3.598503,-1.376312,15.78597,0.01559734
初号机（完全体）,4,0.008333334,4.833333,-0.062516,0.5258711,1.563743,3.598503,0.1915655,14.6317,0.01559734
初号机（完全体）,4,0.008333334,4.841667,0.04068152,0.5164956,1.562247,3.598503,1.63632,13.56207,0.01559734
初号机（完全体）,4,0.008333334,4.85,0.1325151,0.4911826,1.559812,3.598503,2.92198,12.60579,0.01559734
初号机（完全体）,4,0.008333334,4.858334,0.2142362,0.4541035,1.5567,3.598503,4.066065,11.7516,0.01559734
初号机（完全体）,4,0.008333334,4.866667,0.2869582,0.4104671,1.553239,3.598503,5.084166,10.9891,0.01559734
初号机（完全体）,4,0.008333334,4.875,0.3516723,0.3660029,1.549793,3.598503,5.990157,10.30884,0.01559734
初号机（完全体）,4,0.008333334,4.883334,0.4092601,0.3256993,1.546678,3.598503,6.79638,9.702203,0.01559734
初号机（完全体）,4,0.008333334,4.891667,0.4605065,0.2870027,1.544091,3.598503,7.513823,9.161421,0.01559734
初号机（完全体）,4,0.008333334,4.9,0.5061097,0.2443648,1.542321,3.598503,8.152263,8.67948,0.01559734
初号机（完全体）,4,0.008333334,4.908334,0.5466912,0.1936921,1.541574,3.598503,8.720399,8.250086,0.01559734
初号机（完全体）,4,0.008333334,4.916667,0.5828039,0.1326508,1.541946,3.598503,9.225972,7.867576,0.01559734
初号机（完全体）,4,0.008333334,4.925,0.614397,0.06080431,1.543416,3.598503,9.668273,7.532643,0.01559734
初号机（完全体）,4,0.008333334,4.933333,0.6343555,-0.02043321,1.545849,3.598503,9.947688,7.320922,0.01559734
初号机（完全体）,4,0.008333334,4.941667,0.6358457,-0.108024,1.549008,3.598503,9.968552,7.305112,0.01559734
初号机（完全体）,4,0.008333334,4.95,0.6149482,-0.1976915,1.552581,3.598503,9.675988,7.526799,0.01559734
初号机（完全体）,4,0.008333334,4.958333,0.5703368,-0.2844244,1.556212,3.598503,9.051435,7.999668,0.01559734
初号机（完全体）,4,0.008333334,4.966667,0.5029927,-0.3630497,1.559537,3.598503,8.108624,8.71244,0.01559734
初号机（完全体）,4,0.008333334,4.975,0.4159507,-0.4288154,1.562223,3.598503,6.890049,9.631651,0.01559734
初号机（完全体）,4,0.008333334,4.983334,0.3140734,-0.4779252,1.564001,3.598503,5.463775,10.70426,0.01559734
初号机（完全体）,4,0.008333334,4.991667,0.2038491,-0.5079688,1.564696,3.598503,3.920648,11.86033,0.01559734
初号机（完全体）,4,0.008333334,5,0.09321324,-0.5182059,1.564241,3.598503,2.371758,13.01553,0.01559734
初号机（完全体）,4,0.008333334,5.008334,-0.008778125,-0.5096745,1.56269,3.598503,0.9438898,14.07539,0.01559734
初号机（完全体）,4,0.008333334,5.016667,-0.09953838,-0.4851126,1.560207,3.598503,-0.3267517,15.01407,0.01559734
初号机（完全体）,4,0.008333334,5.025,-0.1803043,-0.4487019,1.557051,3.598503,-1.457458,15.84553,0.01559734
初号机（完全体）,4,0.008333334,5.033334,-0.2521764,-0.4056603,1.553551,3.598503,-2.463654,16.5822,0.01559734
初号机（完全体）,4,0.008333334,5.041667,-0.3161341,-0.3617254,1.550071,3.598503,-3.35907,17.23503,0.01559734
初号机（完全体）,4,0.008333334,5.05,-0.3730488,-0.3218928,1.546926,3.598503,-4.155853,17.81373,0.01559734
初号机（完全体）,4,0.008333334,5.058333,-0.4236962,-0.2864466,1.544127,3.598503,-4.864929,18.32683,0.01559734
初号机（完全体）,4,0.008333334,5.066667,-0.4687665,-0.2520724,1.54182,3.598503,-5.495911,18.78191,0.01559734
初号机（完全体）,4,0.008333334,5.075,-0.5088736,-0.213281,1.540301,3.598503,-6.057404,19.18562,0.01559734
初号机（完全体）,4,0.008333334,5.083333,-0.5445642,-0.1660312,1.539776,3.598503,-6.557068,19.54386,0.01559734
初号机（完全体）,4,0.008333334,5.091667,-0.5763247,-0.1080358,1.540346,3.598503,-7.001709,19.86183,0.01559734
初号机（完全体）,4,0.008333334,5.1,-0.6040448,-0.03889989,1.541992,3.598503,-7.389771,20.13869,0.01559734
初号机（完全体）,4,0.008333334,5.108334,-0.6205568,0.03992555,1.544582,3.598503,-7.620941,20.30332,0.01559734
初号机（完全体）,4,0.008333334,5.116667,-0.61898,0.1253699,1.547881,3.598503,-7.598877,20.28761,0.01559734
初号机（完全体）,4,0.008333334,5.125,-0.5953533,0.2131273,1.551578,3.598503,-7.268097,20.05195,0.01559734
初号机（完全体）,4,0.008333334,5.133334,-0.548313,0.2981604,1.55532,3.598503,-6.609528,19.58143,0.01559734
初号机（完全体）,4,0.008333334,5.141667,-0.4788075,0.3752731,1.558743,3.598503,-5.636475,18.88309,0.01559734
初号机（完全体）,4,0.008333334,5.15,-0.3898424,0.4396929,1.561516,3.598503,-4.390961,17.98406,0.01559734
初号机（完全体）,4,0.008333334,5.158334,-0.2862535,0.4876049,1.563372,3.598503,-2.940735,16.93036,0.01559734
初号机（完全体）,4,0.008333334,5.166667,-0.1745062,0.5165825,1.564136,3.598503,-1.376282,15.78597,0.01559734
初号机（完全体）,4,0.008333334,5.175,-0.06251505,0.5258711,1.563743,3.598503,0.1915788,14.63169,0.01559734
初号机（完全体）,4,0.008333334,5.183333,0.04068236,0.5164956,1.562247,3.598503,1.636331,13.56206,0.01559734
初号机（完全体）,4,0.008333334,5.191667,0.1325159,0.4911826,1.559812,3.598503,2.92199,12.60579,0.01559734
初号机（完全体）,4,0.008333334,5.2,0.2142368,0.4541035,1.5567,3.598503,4.066075,11.75159,0.01559734
初号机（完全体）,4,0.008333334,5.208333,0.2869588,0.4104671,1.553239,3.598503,5.084175,10.9891,0.01559734
初号机（完全体）,4,0.008333334,5.216667,0.3516728,0.3660029,1.549793,3.598503,5.990164,10.30883,0.01559734
初号机（完全体）,4,0.008333334,5.225,0.4092606,0.3256993,1.546678,3.598503,6.796386,9.702198,0.01559734
初号机（完全体）,4,0.008333334,5.233334,0.4605069,0.2870027,1.544091,3.598503,7.513828,9.161418,0.01559734
初号机（完全体）,4,0.008333334,5.241667,0.5061101,0.2443648,1.542321,3.598503,8.152268,8.679478,0.01559734
初号机（完全体）,4,0.008333334,5.25,0.5466915,0.1936921,1.541574,3.598503,8.720403,8.25008,0.01559734
初号机（完全体）,4,0.008333334,5.258334,0.5828041,0.1326508,1.541946,3.598503,9.225975,7.867574,0.01559734
初号机（完全体）,4,0.008333334,5.266667,0.6143972,0.06080431,1.543416,3.598503,9.668277,7.532643,0.01559734
初号机（完全体）,4,0.008333334,5.275,0.6343557,-0.02043321,1.545849,3.598503,9.947693,7.320921,0.01559734
初号机（完全体）,4,0.008333334,5.283334,0.6358459,-0.108024,1.549008,3.598503,9.968555,7.305108,0.01559734
初号机（完全体）,4,0.008333334,5.291667,0.6149483,-0.1976915,1.552581,3.598503,9.675989,7.526798,0.01559734
初号机（完全体）,4,0.008333334,5.3,0.5703368,-0.2844244,1.556212,3.598503,9.051435,7.999668,0.01559734
初号机（完全体）,4,0.008333334,5.308333,0.5029927,-0.3630497,1.559537,3.598503,8.108625,8.712441,0.01559734
初号机（完全体）,4,0.008333334,5.316667,0.4159507,-0.4288154,1.562223,3.598503,6.890048,9.631651,0.01559734
初号机（完全体）,4,0.008333334,5.325,0.3140732,-0.4779252,1.564001,3.598503,5.463773,10.70427,0.01559734
初号机（完全体）,4,0.008333334,5.333333,0.2038488,-0.5079688,1.564696,3.598503,3.920644,11.86033,0.01559734
初号机（完全体）,4,0.008333334,5.341667,0.09321284,-0.5182059,1.564241,3.598503,2.371753,13.01554,0.01559734
初号机（完全体）,4,0.008333334,5.35,-0.008778607,-0.5096745,1.56269,3.598503,0.9438833,14.0754,0.01559734
初号机（完全体）,4,0.008333334,5.358334,-0.09953894,-0.4851126,1.560207,3.598503,-0.3267517,15.01407,0.01559734
初号机（完全体）,4,0.008333334,5.366667,-0.1803049,-0.4487019,1.557051,3.598503,-1.457458,15.84554,0.01559734
初号机（完全体）,4,0.008333334,5.375,-0.2521771,-0.4056603,1.553551,3.598503,-2.463684,16.58221,0.01559734
初号机（完全体）,4,0.008333334,5.383334,-0.3161348,-0.3617254,1.550071,3.598503,-3.35907,17.23504,0.01559734
初号机（完全体）,4,0.008333334,5.391667,-0.3730496,-0.3218928,1.546926,3.598503,-4.155884,17.81373,0.01559734
初号机（完全体）,4,0.008333334,5.4,-0.4236971,-0.2864466,1.544127,3.598503,-4.864929,18.32684,0.01559734
初号机（完全体）,4,0.008333334,5.408334,-0.4687673,-0.2520724,1.54182,3.598503,-5.495911,18.78192,0.01559734
初号机（完全体）,4,0.008333334,5.416667,-0.5088745,-0.213281,1.540301,3.598503,-6.057404,19.18563,0.01559734
初号机（完全体）,4,0.008333334,5.425,-0.5445652,-0.1660312,1.539776,3.598503,-6.557068,19.54387,0.01559734
初号机（完全体）,4,0.008333334,5.433333,-0.5763257,-0.1080358,1.540346,3.598503,-7.001709,19.86184,0.01559734
初号机（完全体）,4,0.008333334,5.441667,-0.6040458,-0.03889989,1.541992,3.598503,-7.389801,20.1387,0.01559734
初号机（完全体）,4,0.008333334,5.45,-0.6205578,0.03992555,1.544582,3.598503,-7.620972,20.30333,0.01559734
初号机（完全体）,4,0.008333334,5.458333,-0.6189811,0.1253699,1.547881,3.598503,-7.598877,20.28762,0.01559734
初号机（完全体）,4,0.008333334,5.466667,-0.5953543,0.2131273,1.551578,3.598503,-7.268127,20.05196,0.01559734
初号机（完全体）,4,0.008333334,5.475,-0.5483141,0.2981604,1.55532,3.598503,-6.609558,19.58144,0.01559734
初号机（完全体）,4,0.008333334,5.483334,-0.4788088,0.3752731,1.558743,3.598503,-5.636475,18.8831,0.01559734
初号机（完全体）,4,0.008333334,5.491667,-0.3898434,0.4396929,1.561516,3.598503,-4.390991,17.98407,0.01559734
初号机（完全体）,4,0.008333334,5.5,-0.2862544,0.4876049,1.563372,3.598503,-2.940735,16.93037,0.01559734
初号机（完全体）,4,0.008333334,5.508334,-0.174507,0.5165825,1.564136,3.598503,-1.376282,15.78597,0.01559734
初号机（完全体）,4,0.008333334,5.516667,-0.06251581,0.5258711,1.563743,3.598503,0.1915682,14.6317,0.01559734
初号机（完全体）,4,0.008333334,5.525,0.04068169,0.5164956,1.562247,3.598503,1.636322,13.56207,0.01559734
初号机（完全体）,4,0.008333334,5.533334,0.1325153,0.4911826,1.559812,3.598503,2.921982,12.60579,0.01559734
初号机（完全体）,4,0.008333334,5.541667,0.2142363,0.4541035,1.5567,3.598503,4.066068,11.7516,0.01559734
初号机（完全体）,4,0.008333334,5.55,0.2869583,0.4104671,1.553239,3.598503,5.084168,10.98911,0.01559734
初号机（完全体）,4,0.008333334,5.558333,0.3516724,0.3660029,1.549793,3.598503,5.990159,10.30884,0.01559734
初号机（完全体）,4,0.008333334,5.566667,0.4092602,0.3256993,1.546678,3.598503,6.79638,9.702204,0.01559734
初号机（完全体）,4,0.008333334,5.575,0.4605066,0.2870027,1.544091,3.598503,7.513824,9.161422,0.01559734
初号机（完全体）,4,0.008333334,5.583333,0.5061098,0.2443648,1.542321,3.598503,8.152264,8.67948,0.01559734
初号机（完全体）,4,0.008333334,5.591667,0.5466912,0.1936921,1.541574,3.598503,8.7204,8.250085,0.01559734
初号机（完全体）,4,0.008333334,5.6,0.582804,0.1326508,1.541946,3.598503,9.225973,7.867576,0.01559734
初号机（完全体）,4,0.008333334,5.608334,0.614397,0.06080431,1.543416,3.598503,9.668274,7.532644,0.01559734
初号机（完全体）,4,0.008333334,5.616667,0.6343555,-0.02043321,1.545849,3.598503,9.947689,7.320923,0.01559734
初号机（完全体）,4,0.008333334,5.625,0.6358457,-0.108024,1.549008,3.598503,9.968553,7.305111,0.01559734
初号机（完全体）,4,0.008333334,5.633334,0.6149482,-0.1976915,1.552581,3.598503,9.675988,7.526799,0.01559734
初号机（完全体）,4,0.008333334,5.641667,0.5703367,-0.2844244,1.556212,3.598503,9.051433,7.999669,0.01559734
初号机（完全体）,4,0.008333334,5.65,0.5029926,-0.3630497,1.559537,3.598503,8.108624,8.71244,0.01559734
初号机（完全体）,4,0.008333334,5.658334,0.4159506,-0.4288154,1.562223,3.598503,6.890046,9.631653,0.01559734
初号机（完全体）,4,0.008333334,5.666667,0.3140731,-0.4779252,1.564001,3.598503,5.463771,10.70427,0.01559734
初号机（完全体）,4,0.008333334,5.675,0.2038487,-0.5079688,1.564696,3.598503,3.920642,11.86033,0.01559734
初号机（完全体）,4,0.008333334,5.683333,0.09321275,-0.5182059,1.564241,3.598503,2.371751,13.01554,0.01559734
初号机（完全体）,4,0.008333334,5.691667,-0.008778694,-0.5096745,1.56269,3.598503,0.9438821,14.0754,0.01559734
初号机（完全体）,4,0.008333334,5.7,-0.09953902,-0.4851126,1.560207,3.598503,-0.3267517,15.01407,0.01559734
初号机（完全体）,4,0.008333334,5.708333,-0.180305,-0.4487019,1.557051,3.598503,-1.457458,15.84554,0.01559734
初号机（完全体）,4,0.008333334,5.716667,-0.2521771,-0.4056603,1.553551,3.598503,-2.463684,16.58221,0.01559734
初号机（完全体）,4,0.008333334,5.725,-0.3161348,-0.3617254,1.550071,3.598503,-3.35907,17.23504,0.01559734
初号机（完全体）,4,0.008333334,5.733334,-0.3730496,-0.3218928,1.546926,3.598503,-4.155884,17.81373,0.01559734
初号机（完全体）,4,0.008333334,5.741667,-0.4236971,-0.2864466,1.544127,3.598503,-4.864929,18.32684,0.01559734
初号机（完全体）,4,0.008333334,5.75,-0.4687674,-0.2520724,1.54182,3.598503,-5.495911,18.78192,0.01559734
初号机（完全体）,4,0.008333334,5.758334,-0.5088746,-0.213281,1.540301,3.598503,-6.057404,19.18563,0.01559734
初号机（完全体）,4,0.008333334,5.766667,-0.5445653,-0.1660312,1.539776,3.598503,-6.557068,19.54387,0.01559734
初号机（完全体）,4,0.008333334,5.775,-0.5763257,-0.1080358,1.540346,3.598503,-7.001709,19.86184,0.01559734
初号机（完全体）,4,0.008333334,5.783334,-0.6040459,-0.03889989,1.541992,3.598503,-7.389801,20.1387,0.01559734
初号机（完全体）,4,0.008333334,5.791667,-0.6205579,0.03992555,1.544582,3.598503,-7.620972,20.30333,0.01559734
初号机（完全体）,4,0.008333334,5.8,-0.6189811,0.1253699,1.547881,3.598503,-7.598877,20.28762,0.01559734
初号机（完全体）,4,0.008333334,5.808334,-0.5953543,0.2131273,1.551578,3.598503,-7.268097,20.05196,0.01559734
初号机（完全体）,4,0.008333334,5.816667,-0.5483141,0.2981604,1.55532,3.598503,-6.609558,19.58144,0.01559734
初号机（完全体）,4,0.008333334,5.825,-0.4788088,0.3752731,1.558743,3.598503,-5.636475,18.8831,0.01559734
初号机（完全体）,4,0.008333334,5.833333,-0.3898434,0.4396929,1.561516,3.598503,-4.390991,17.98407,0.01559734
初号机（完全体）,4,0.008333334,5.841667,-0.2862544,0.4876049,1.563372,3.598503,-2.940735,16.93037,0.01559734
初号机（完全体）,4,0.008333334,5.85,-0.174507,0.5165825,1.564136,3.598503,-1.376282,15.78597,0.01559734
初号机（完全体）,4,0.008333334,5.858334,-0.06251581,0.5258711,1.563743,3.598503,0.1915681,14.6317,0.01559734
初号机（完全体）,4,0.008333334,5.866667,0.04068169,0.5164956,1.562247,3.598503,1.636322,13.56207,0.01559734
初号机（完全体）,4,0.008333334,5.875,0.1325153,0.4911826,1.559812,3.598503,2.921982,12.60579,0.01559734
初号机（完全体）,4,0.008333334,5.883334,0.2142363,0.4541035,1.5567,3.598503,4.066068,11.7516,0.01559734
初号机（完全体）,4,0.008333334,5.891667,0.2869583,0.4104671,1.553239,3.598503,5.084168,10.98911,0.01559734
初号机（完全体）,4,0.008333334,5.9,0.3516724,0.3660029,1.549793,3.598503,5.990159,10.30884,0.01559734
初号机（完全体）,4,0.008333334,5.908334,0.4092602,0.3256993,1.546678,3.598503,6.79638,9.702204,0.01559734
初号机（完全体）,4,0.008333334,5.916667,0.4605066,0.2870027,1.544091,3.598503,7.513824,9.161422,0.01559734
初号机（完全体）,4,0.008333334,5.925,0.5061098,0.2443648,1.542321,3.598503,8.152264,8.67948,0.01559734
初号机（完全体）,4,0.008333334,5.933334,0.5466912,0.1936921,1.541574,3.598503,8.7204,8.250085,0.01559734
初号机（完全体）,4,0.008333334,5.941667,0.582804,0.1326508,1.541946,3.598503,9.225973,7.867576,0.01559734
初号机（完全体）,4,0.008333334,5.95,0.614397,0.06080431,1.543416,3.598503,9.668274,7.532644,0.01559734
初号机（完全体）,4,0.008333334,5.958333,0.6343555,-0.02043321,1.545849,3.598503,9.947689,7.320923,0.01559734
初号机（完全体）,4,0.008333334,5.966667,0.6358457,-0.108024,1.549008,3.598503,9.968553,7.305111,0.01559734
初号机（完全体）,4,0.008333334,5.975,0.6149482,-0.1976915,1.552581,3.598503,9.675989,7.526799,0.01559734
初号机（完全体）,4,0.008333334,5.983334,0.5703367,-0.2844244,1.556212,3.598503,9.051433,7.999669,0.01559734
初号机（完全体）,4,0.008333334,5.991667,0.5029926,-0.3630497,1.559537,3.598503,8.108624,8.71244,0.01559734
初号机（完全体）,4,0.008333334,6,0.4159506,-0.4288154,1.562223,3.598503,6.890046,9.631653,0.01559734
初号机（完全体）,4,0.008333334,6.008334,0.3140731,-0.4779252,1.564001,3.598503,5.463771,10.70427,0.01559734
初号机（完全体）,4,0.008333334,6.016667,0.2038487,-0.5079688,1.564696,3.598503,3.920642,11.86033,0.01559734
初号机（完全体）,4,0.008333334,6.025,0.09321275,-0.5182059,1.564241,3.598503,2.371751,13.01554,0.01559734
初号机（完全体）,4,0.008333334,6.033334,-0.008778694,-0.5096745,1.56269,3.598503,0.9438825,14.0754,0.01559734
初号机（完全体）,4,0.008333334,6.041667,-0.09953902,-0.4851126,1.560207,3.598503,-0.3267517,15.01407,0.01559734
初号机（完全体）,4,0.008333334,6.05,-0.180305,-0.4487019,1.557051,3.598503,-1.457458,15.84554,0.01559734
初号机（完全体）,4,0.008333334,6.058334,-0.2521771,-0.4056603,1.553551,3.598503,-2.463684,16.58221,0.01559734
初号机（完全体）,4,0.008333334,6.066667,-0.3161348,-0.3617254,1.550071,3.598503,-3.35907,17.23504,0.01559734
初号机（完全体）,4,0.008333334,6.075,-0.3730496,-0.3218928,1.546926,3.598503,-4.155884,17.81373,0.01559734
初号机（完全体）,4,0.008333334,6.083333,-0.4236971,-0.2864466,1.544127,3.598503,-4.864929,18.32684,0.01559734
初号机（完全体）,4,0.008333334,6.091667,-0.4687674,-0.2520724,1.54182,3.598503,-5.495911,18.78192,0.01559734
初号机（完全体）,4,0.008333334,6.1,-0.5088746,-0.213281,1.540301,3.598503,-6.057404,19.18563,0.01559734
初号机（完全体）,4,0.008333334,6.108334,-0.5445653,-0.1660312,1.539776,3.598503,-6.557068,19.54387,0.01559734
初号机（完全体）,4,0.008333334,6.116667,-0.5763257,-0.1080358,1.540346,3.598503,-7.001709,19.86184,0.01559734
初号机（完全体）,4,0.008333334,6.125,-0.6040459,-0.03889989,1.541992,3.598503,-7.389801,20.1387,0.01559734
初号机（完全体）,4,0.008333334,6.133334,-0.6205579,0.03992555,1.544582,3.598503,-7.620972,20.30333,0.01559734
初号机（完全体）,4,0.008333334,6.141667,-0.6189811,0.1253699,1.547881,3.598503,-7.598877,20.28762,0.01559734
初号机（完全体）,4,0.008333334,6.15,-0.5953543,0.2131273,1.551578,3.598503,-7.268097,20.05196,0.01559734
初号机（完全体）,4,0.008333334,6.158334,-0.5483141,0.2981604,1.55532,3.598503,-6.609558,19.58144,0.01559734
初号机（完全体）,4,0.008333334,6.166667,-0.4788088,0.3752731,1.558743,3.598503,-5.636475,18.8831,0.01559734
初号机（完全体）,4,0.008333334,6.175,-0.3898434,0.4396929,1.561516,3.598503,-4.390991,17.98407,0.01559734
初号机（完全体）,4,0.008333334,6.183334,-0.2862544,0.4876049,1.563372,3.598503,-2.940735,16.93037,0.01559734
初号机（完全体）,4,0.008333334,6.191667,-0.174507,0.5165825,1.564136,3.598503,-1.376282,15.78597,0.01559734
初号机（完全体）,4,0.008333334,6.2,-0.06251581,0.5258711,1.563743,3.598503,0.1915681,14.6317,0.01559734
初号机（完全体）,4,0.008333334,6.208333,0.04068169,0.5164956,1.562247,3.598503,1.636322,13.56207,0.01559734
初号机（完全体）,4,0.008333334,6.216667,0.1325153,0.4911826,1.559812,3.598503,2.921982,12.60579,0.01559734
初号机（完全体）,4,0.008333334,6.225,0.2142363,0.4541035,1.5567,3.598503,4.066068,11.7516,0.01559734
初号机（完全体）,4,0.008333334,6.233334,0.2869583,0.4104671,1.553239,3.598503,5.084168,10.98911,0.01559734
初号机（完全体）,4,0.008333334,6.241667,0.3516724,0.3660029,1.549793,3.598503,5.990159,10.30884,0.01559734
初号机（完全体）,4,0.008333334,6.25,0.4092602,0.3256993,1.546678,3.598503,6.79638,9.702204,0.01559734
初号机（完全体）,4,0.008333334,6.258334,0.4605066,0.2870027,1.544091,3.598503,7.513824,9.161422,0.01559734
初号机（完全体）,4,0.008333334,6.266667,0.5061098,0.2443648,1.542321,3.598503,8.152264,8.67948,0.01559734
初号机（完全体）,4,0.008333334,6.275,0.5466912,0.1936921,1.541574,3.598503,8.7204,8.250085,0.01559734
初号机（完全体）,4,0.008333334,6.283334,0.582804,0.1326508,1.541946,3.598503,9.225974,7.867576,0.01559734
初号机（完全体）,4,0.008333334,6.291667,0.614397,0.06080431,1.543416,3.598503,9.668274,7.532644,0.01559734
初号机（完全体）,4,0.008333334,6.3,0.6343555,-0.02043321,1.545849,3.598503,9.947689,7.320923,0.01559734
初号机（完全体）,4,0.008333334,6.308334,0.6358457,-0.108024,1.549008,3.598503,9.968553,7.305111,0.01559734
初号机（完全体）,4,0.008333334,6.316667,0.6149482,-0.1976915,1.552581,3.598503,9.675988,7.526799,0.01559734
初号机（完全体）,4,0.008333334,6.325,0.5703367,-0.2844244,1.556212,3.598503,9.051433,7.999669,0.01559734
初号机（完全体）,4,0.008333334,6.333333,0.5029926,-0.3630497,1.559537,3.598503,8.108624,8.71244,0.01559734
初号机（完全体）,4,0.008333334,6.341667,0.4159506,-0.4288154,1.562223,3.598503,6.890047,9.631653,0.01559734
初号机（完全体）,4,0.008333334,6.35,0.3140731,-0.4779252,1.564001,3.598503,5.463771,10.70427,0.01559734
初号机（完全体）,4,0.008333334,6.358334,0.2038487,-0.5079688,1.564696,3.598503,3.920643,11.86033,0.01559734
初号机（完全体）,4,0.008333334,6.366667,0.09321275,-0.5182059,1.564241,3.598503,2.371751,13.01554,0.01559734
初号机（完全体）,4,0.008333334,6.375,-0.008778694,-0.5096745,1.56269,3.598503,0.9438825,14.0754,0.01559734
初号机（完全体）,4,0.008333334,6.383334,-0.09953902,-0.4851126,1.560207,3.598503,-0.3267517,15.01407,0.01559734
初号机（完全体）,4,0.008333334,6.391667,-0.180305,-0.4487019,1.557051,3.598503,-1.457458,15.84554,0.01559734
初号机（完全体）,4,0.008333334,6.400001,-0.2521771,-0.4056603,1.553551,3.598503,-2.463684,16.58221,0.01559734
初号机（完全体）,4,0.008333334,6.408334,-0.3161348,-0.3617254,1.550071,3.598503,-3.35907,17.23504,0.01559734
初号机（完全体）,4,0.008333334,6.416667,-0.3730496,-0.3218928,1.546926,3.598503,-4.155884,17.81373,0.01559734
初号机（完全体）,4,0.008333334,6.425,-0.4236971,-0.2864466,1.544127,3.598503,-4.864929,18.32684,0.01559734
初号机（完全体）,4,0.008333334,6.433334,-0.4687674,-0.2520724,1.54182,3.598503,-5.495911,18.78192,0.01559734
初号机（完全体）,4,0.008333334,6.441667,-0.5088746,-0.213281,1.540301,3.598503,-6.057404,19.18563,0.01559734
初号机（完全体）,4,0.008333334,6.45,-0.5445653,-0.1660312,1.539776,3.598503,-6.557068,19.54387,0.01559734
初号机（完全体）,4,0.008333334,6.458333,-0.5763257,-0.1080358,1.540346,3.598503,-7.001709,19.86184,0.01559734
初号机（完全体）,4,0.008333334,6.466667,-0.6040459,-0.03889989,1.541992,3.598503,-7.389801,20.1387,0.01559734
初号机（完全体）,4,0.008333334,6.475,-0.6205579,0.03992555,1.544582,3.598503,-7.620972,20.30333,0.01559734
初号机（完全体）,4,0.008333334,6.483334,-0.6189811,0.1253699,1.547881,3.598503,-7.598877,20.28762,0.01559734
初号机（完全体）,4,0.008333334,6.491667,-0.5953543,0.2131273,1.551578,3.598503,-7.268127,20.05196,0.01559734
初号机（完全体）,4,0.008333334,6.5,-0.5483141,0.2981604,1.55532,3.598503,-6.609558,19.58144,0.01559734
初号机（完全体）,4,0.008333334,6.508334,-0.4788088,0.3752731,1.558743,3.598503,-5.636475,18.8831,0.01559734
初号机（完全体）,4,0.008333334,6.516667,-0.3898434,0.4396929,1.561516,3.598503,-4.390991,17.98407,0.01559734
初号机（完全体）,4,0.008333334,6.525001,-0.2862544,0.4876049,1.563372,3.598503,-2.940735,16.93037,0.01559734
初号机（完全体）,4,0.008333334,6.533334,-0.174507,0.5165825,1.564136,3.598503,-1.376282,15.78597,0.01559734
初号机（完全体）,4,0.008333334,6.541667,-0.06251581,0.5258711,1.563743,3.598503,0.1915681,14.6317,0.01559734
初号机（完全体）,4,0.008333334,6.55,0.04068169,0.5164956,1.562247,3.598503,1.636322,13.56207,0.01559734
初号机（完全体）,4,0.008333334,6.558334,0.1325153,0.4911826,1.559812,3.598503,2.921982,12.60579,0.01559734
初号机（完全体）,4,0.008333334,6.566667,0.2142363,0.4541035,1.5567,3.598503,4.066068,11.7516,0.01559734
初号机（完全体）,4,0.008333334,6.575,0.2869583,0.4104671,1.553239,3.598503,5.084168,10.98911,0.01559734
初号机（完全体）,4,0.008333334,6.583333,0.3516724,0.3660029,1.549793,3.598503,5.990159,10.30884,0.01559734
初号机（完全体）,4,0.008333334,6.591667,0.4092602,0.3256993,1.546678,3.598503,6.79638,9.702204,0.01559734
初号机（完全体）,4,0.008333334,6.6,0.4605066,0.2870027,1.544091,3.598503,7.513824,9.161422,0.01559734
初号机（完全体）,4,0.008333334,6.608334,0.5061098,0.2443648,1.542321,3.598503,8.152264,8.67948,0.01559734
初号机（完全体）,4,0.008333334,6.616667,0.5466912,0.1936921,1.541574,3.598503,8.7204,8.250085,0.01559734
初号机（完全体）,4,0.008333334,6.625,0.582804,0.1326508,1.541946,3.598503,9.225974,7.867576,0.01559734
初号机（完全体）,4,0.008333334,6.633334,0.614397,0.06080431,1.543416,3.598503,9.668274,7.532644,0.01559734
初号机（完全体）,4,0.008333334,6.641667,0.6343555,-0.02043321,1.545849,3.598503,9.947689,7.320923,0.01559734
初号机（完全体）,4,0.008333334,6.650001,0.6358457,-0.108024,1.549008,3.598503,9.968553,7.305111,0.01559734
初号机（完全体）,4,0.008333334,6.658334,0.6149482,-0.1976915,1.552581,3.598503,9.675988,7.526799,0.01559734
初号机（完全体）,4,0.008333334,6.666667,0.5703367,-0.2844244,1.556212,3.598503,9.051434,7.999669,0.01559734
初号机（完全体）,4,0.008333334,6.675,0.5029926,-0.3630497,1.559537,3.598503,8.108624,8.71244,0.01559734
初号机（完全体）,4,0.008333334,6.683334,0.4159506,-0.4288154,1.562223,3.598503,6.890047,9.631653,0.01559734
初号机（完全体）,4,0.008333334,6.691667,0.3140731,-0.4779252,1.564001,3.598503,5.463771,10.70427,0.01559734
初号机（完全体）,4,0.008333334,6.7,0.2038487,-0.5079688,1.564696,3.598503,3.920643,11.86033,0.01559734
初号机（完全体）,4,0.008333334,6.708333,0.09321275,-0.5182059,1.564241,3.598503,2.371751,13.01554,0.01559734
初号机（完全体）,4,0.008333334,6.716667,-0.008778694,-0.5096745,1.56269,3.598503,0.9438825,14.0754,0.01559734
初号机（完全体）,4,0.008333334,6.725,-0.09953902,-0.4851126,1.560207,3.598503,-0.3267517,15.01407,0.01559734
初号机（完全体）,4,0.008333334,6.733334,-0.180305,-0.4487019,1.557051,3.598503,-1.457458,15.84554,0.01559734
初号机（完全体）,4,0.008333334,6.741667,-0.2521771,-0.4056603,1.553551,3.598503,-2.463684,16.58221,0.01559734
初号机（完全体）,4,0.008333334,6.75,-0.3161348,-0.3617254,1.550071,3.598503,-3.35907,17.23504,0.01559734
初号机（完全体）,4,0.008333334,6.758334,-0.3730496,-0.3218928,1.546926,3.598503,-4.155884,17.81373,0.01559734
初号机（完全体）,4,0.008333334,6.766667,-0.4236971,-0.2864466,1.544127,3.598503,-4.864929,18.32684,0.01559734
初号机（完全体）,4,0.008333334,6.775001,-0.4687674,-0.2520724,1.54182,3.598503,-5.495911,18.78192,0.01559734
初号机（完全体）,4,0.008333334,6.783334,-0.5088746,-0.213281,1.540301,3.598503,-6.057404,19.18563,0.01559734
初号机（完全体）,4,0.008333334,6.791667,-0.5445653,-0.1660312,1.539776,3.598503,-6.557068,19.54387,0.01559734
初号机（完全体）,4,0.008333334,6.8,-0.5763257,-0.1080358,1.540346,3.598503,-7.001709,19.86184,0.01559734
初号机（完全体）,4,0.008333334,6.808334,-0.6040459,-0.03889989,1.541992,3.598503,-7.389801,20.1387,0.01559734
初号机（完全体）,4,0.008333334,6.816667,-0.6205579,0.03992555,1.544582,3.598503,-7.620972,20.30333,0.01559734
初号机（完全体）,4,0.008333334,6.825,-0.6189811,0.1253699,1.547881,3.598503,-7.598877,20.28762,0.01559734
初号机（完全体）,4,0.008333334,6.833333,-0.5953543,0.2131273,1.551578,3.598503,-7.268127,20.05196,0.01559734
初号机（完全体）,4,0.008333334,6.841667,-0.5483141,0.2981604,1.55532,3.598503,-6.609558,19.58144,0.01559734
初号机（完全体）,4,0.008333334,6.85,-0.4788088,0.3752731,1.558743,3.598503,-5.636475,18.8831,0.01559734
初号机（完全体）,4,0.008333334,6.858334,-0.3898434,0.4396929,1.561516,3.598503,-4.390991,17.98407,0.01559734
初号机（完全体）,4,0.008333334,6.866667,-0.2862544,0.4876049,1.563372,3.598503,-2.940735,16.93037,0.01559734
初号机（完全体）,4,0.008333334,6.875,-0.174507,0.5165825,1.564136,3.598503,-1.376282,15.78597,0.01559734
初号机（完全体）,4,0.008333334,6.883334,-0.06251581,0.5258711,1.563743,3.598503,0.1915681,14.6317,0.01559734
初号机（完全体）,4,0.008333334,6.891667,0.04068169,0.5164956,1.562247,3.598503,1.636322,13.56207,0.01559734
初号机（完全体）,4,0.008333334,6.900001,0.1325153,0.4911826,1.559812,3.598503,2.921983,12.60579,0.01559734
初号机（完全体）,4,0.008333334,6.908334,0.2142363,0.4541035,1.5567,3.598503,4.066068,11.7516,0.01559734
初号机（完全体）,4,0.008333334,6.916667,0.2869583,0.4104671,1.553239,3.598503,5.084168,10.98911,0.01559734
初号机（完全体）,4,0.008333334,6.925,0.3516724,0.3660029,1.549793,3.598503,5.990159,10.30884,0.01559734
初号机（完全体）,4,0.008333334,6.933334,0.4092602,0.3256993,1.546678,3.598503,6.79638,9.702204,0.01559734
初号机（完全体）,4,0.008333334,6.941667,0.4605066,0.2870027,1.544091,3.598503,7.513824,9.161422,0.01559734
初号机（完全体）,4,0.008333334,6.95,0.5061098,0.2443648,1.542321,3.598503,8.152264,8.67948,0.01559734
初号机（完全体）,4,0.008333334,6.958333,0.5466912,0.1936921,1.541574,3.598503,8.7204,8.250085,0.01559734
初号机（完全体）,4,0.008333334,6.966667,0.582804,0.1326508,1.541946,3.598503,9.225974,7.867576,0.01559734
初号机（完全体）,4,0.008333334,6.975,0.614397,0.06080431,1.543416,3.598503,9.668274,7.532644,0.01559734
初号机（完全体）,4,0.008333334,6.983334,0.6343555,-0.02043321,1.545849,3.598503,9.94769,7.320923,0.01559734
初号机（完全体）,4,0.008333334,6.991667,0.6358457,-0.108024,1.549008,3.598503,9.968553,7.305111,0.01559734
初号机（完全体）,4,0.008333334,7,0.6149482,-0.1976915,1.552581,3.598503,9.675989,7.526799,0.01559734
初号机（完全体）,4,0.008333334,7.008334,0.5703367,-0.2844244,1.556212,3.598503,9.051434,7.999669,0.01559734
初号机（完全体）,4,0.008333334,7.016667,0.5029926,-0.3630497,1.559537,3.598503,8.108624,8.71244,0.01559734
初号机（完全体）,4,0.008333334,7.025001,0.4159506,-0.4288154,1.562223,3.598503,6.890047,9.631653,0.01559734
初号机（完全体）,4,0.008333334,7.033334,0.3140731,-0.4779252,1.564001,3.598503,5.463771,10.70427,0.01559734
初号机（完全体）,4,0.008333334,7.041667,0.2038487,-0.5079688,1.564696,3.598503,3.920642,11.86033,0.01559734
初号机（完全体）,4,0.008333334,7.05,0.09321275,-0.5182059,1.564241,3.598503,2.371751,13.01554,0.01559734
初号机（完全体）,4,0.008333334,7.058334,-0.008778694,-0.5096745,1.56269,3.598503,0.9438821,14.0754,0.01559734
初号机（完全体）,4,0.008333334,7.066667,-0.09953902,-0.4851126,1.560207,3.598503,-0.3267517,15.01407,0.01559734
初号机（完全体）,4,0.008333334,7.075,-0.180305,-0.4487019,1.557051,3.598503,-1.457458,15.84554,0.01559734
初号机（完全体）,4,0.008333334,7.083333,-0.2521771,-0.4056603,1.553551,3.598503,-2.463684,16.58221,0.01559734
初号机（完全体）,4,0.008333334,7.091667,-0.3161348,-0.3617254,1.550071,3.598503,-3.35907,17.23504,0.01559734
初号机（完全体）,4,0.008333334,7.1,-0.3730496,-0.3218928,1.546926,3.598503,-4.155884,17.81373,0.01559734
初号机（完全体）,4,0.008333334,7.108334,-0.4236971,-0.2864466,1.544127,3.598503,-4.864929,18.32684,0.01559734
初号机（完全体）,4,0.008333334,7.116667,-0.4687674,-0.2520724,1.54182,3.598503,-5.495911,18.78192,0.01559734
初号机（完全体）,4,0.008333334,7.125,-0.5088746,-0.213281,1.540301,3.598503,-6.057404,19.18563,0.01559734
初号机（完全体）,4,0.008333334,7.133334,-0.5445653,-0.1660312,1.539776,3.598503,-6.557068,19.54387,0.01559734
初号机（完全体）,4,0.008333334,7.141667,-0.5763257,-0.1080358,1.540346,3.598503,-7.001709,19.86184,0.01559734
初号机（完全体）,4,0.008333334,7.150001,-0.6040459,-0.03889989,1.541992,3.598503,-7.389801,20.1387,0.01559734
初号机（完全体）,4,0.008333334,7.158334,-0.6205579,0.03992555,1.544582,3.598503,-7.620972,20.30333,0.01559734
初号机（完全体）,4,0.008333334,7.166667,-0.6189811,0.1253699,1.547881,3.598503,-7.598877,20.28762,0.01559734
初号机（完全体）,4,0.008333334,7.175,-0.5953543,0.2131273,1.551578,3.598503,-7.268127,20.05196,0.01559734
初号机（完全体）,4,0.008333334,7.183334,-0.5483141,0.2981604,1.55532,3.598503,-6.609558,19.58144,0.01559734
初号机（完全体）,4,0.008333334,7.191667,-0.4788088,0.3752731,1.558743,3.598503,-5.636475,18.8831,0.01559734
初号机（完全体）,4,0.008333334,7.2,-0.3898434,0.4396929,1.561516,3.598503,-4.390991,17.98407,0.01559734
初号机（完全体）,4,0.008333334,7.208333,-0.2862544,0.4876049,1.563372,3.598503,-2.940735,16.93037,0.01559734
初号机（完全体）,4,0.008333334,7.216667,-0.174507,0.5165825,1.564136,3.598503,-1.376282,15.78597,0.01559734
初号机（完全体）,4,0.008333334,7.225,-0.06251581,0.5258711,1.563743,3.598503,0.1915682,14.6317,0.01559734
初号机（完全体）,4,0.008333334,7.233334,0.04068169,0.5164956,1.562247,3.598503,1.636322,13.56207,0.01559734
初号机（完全体）,4,0.008333334,7.241667,0.1325153,0.4911826,1.559812,3.598503,2.921983,12.60579,0.01559734
初号机（完全体）,4,0.008333334,7.25,0.2142363,0.4541035,1.5567,3.598503,4.066068,11.7516,0.01559734
初号机（完全体）,4,0.008333334,7.258334,0.2869583,0.4104671,1.553239,3.598503,5.084168,10.98911,0.01559734
初号机（完全体）,4,0.008333334,7.266667,0.3516724,0.3660029,1.549793,3.598503,5.990159,10.30884,0.01559734
初号机（完全体）,4,0.008333334,7.275001,0.4092602,0.3256993,1.546678,3.598503,6.79638,9.702204,0.01559734
初号机（完全体）,4,0.008333334,7.283334,0.4605066,0.2870027,1.544091,3.598503,7.513824,9.161422,0.01559734
初号机（完全体）,4,0.008333334,7.291667,0.5061098,0.2443648,1.542321,3.598503,8.152265,8.67948,0.01559734
初号机（完全体）,4,0.008333334,7.3,0.5466912,0.1936921,1.541574,3.598503,8.7204,8.250085,0.01559734
初号机（完全体）,4,0.008333334,7.308334,0.582804,0.1326508,1.541946,3.598503,9.225974,7.867576,0.01559734
初号机（完全体）,4,0.008333334,7.316667,0.614397,0.06080431,1.543416,3.598503,9.668274,7.532644,0.01559734
初号机（完全体）,4,0.008333334,7.325,0.6343555,-0.02043321,1.545849,3.598503,9.94769,7.320923,0.01559734
初号机（完全体）,4,0.008333334,7.333333,0.6358457,-0.108024,1.549008,3.598503,9.968553,7.305111,0.01559734
初号机（完全体）,4,0.008333334,7.341667,0.6149482,-0.1976915,1.552581,3.598503,9.675989,7.526799,0.01559734
初号机（完全体）,4,0.008333334,7.35,0.5703367,-0.2844244,1.556212,3.598503,9.051433,7.999669,0.01559734
初号机（完全体）,4,0.008333334,7.358334,0.5029926,-0.3630497,1.559537,3.598503,8.108624,8.71244,0.01559734
初号机（完全体）,4,0.008333334,7.366667,0.4159506,-0.4288154,1.562223,3.598503,6.890046,9.631653,0.01559734
初号机（完全体）,4,0.008333334,7.375,0.3140731,-0.4779252,1.564001,3.598503,5.463771,10.70427,0.01559734
初号机（完全体）,4,0.008333334,7.383334,0.2038487,-0.5079688,1.564696,3.598503,3.920642,11.86033,0.01559734
初号机（完全体）,4,0.008333334,7.391667,0.09321275,-0.5182059,1.564241,3.598503,2.371751,13.01554,0.01559734
初号机（完全体）,4,0.008333334,7.400001,-0.008778694,-0.5096745,1.56269,3.598503,0.9438822,14.0754,0.01559734
初号机（完全体）,4,0.008333334,7.408334,-0.09953902,-0.4851126,1.560207,3.598503,-0.3267517,15.01407,0.01559734
初号机（完全体）,4,0.008333334,7.416667,-0.180305,-0.4487019,1.557051,3.598503,-1.457458,15.84554,0.01559734
初号机（完全体）,4,0.008333334,7.425,-0.2521771,-0.4056603,1.553551,3.598503,-2.463684,16.58221,0.01559734
初号机（完全体）,4,0.008333334,7.433334,-0.3161348,-0.3617254,1.550071,3.598503,-3.35907,17.23504,0.01559734
初号机（完全体）,4,0.008333334,7.441667,-0.3730496,-0.3218928,1.546926,3.598503,-4.155884,17.81373,0.01559734
初号机（完全体）,4,0.008333334,7.45,-0.4236971,-0.2864466,1.544127,3.598503,-4.864929,18.32684,0.01559734
初号机（完全体）,4,0.008333334,7.458333,-0.4687674,-0.2520724,1.54182,3.598503,-5.495911,18.78192,0.01559734
初号机（完全体）,4,0.008333334,7.466667,-0.5088746,-0.213281,1.540301,3.598503,-6.057404,19.18563,0.01559734
初号机（完全体）,4,0.008333334,7.475,-0.5445653,-0.1660312,1.539776,3.598503,-6.557068,19.54387,0.01559734
初号机（完全体）,4,0.008333334,7.483334,-0.5763257,-0.1080358,1.540346,3.598503,-7.001709,19.86184,0.01559734
初号机（完全体）,4,0.008333334,7.491667,-0.6040459,-0.03889989,1.541992,3.598503,-7.389801,20.1387,0.01559734
初号机（完全体）,4,0.008333334,7.5,-0.6205579,0.03992555,1.544582,3.598503,-7.620972,20.30333,0.01559734
初号机（完全体）,4,0.008333334,7.508334,-0.6189811,0.1253699,1.547881,3.598503,-7.598877,20.28762,0.01559734
初号机（完全体）,4,0.008333334,7.516667,-0.5953543,0.2131273,1.551578,3.598503,-7.268127,20.05196,0.01559734
初号机（完全体）,4,0.008333334,7.525001,-0.5483141,0.2981604,1.55532,3.598503,-6.609558,19.58144,0.01559734
初号机（完全体）,4,0.008333334,7.533334,-0.4788088,0.3752731,1.558743,3.598503,-5.636475,18.8831,0.01559734
初号机（完全体）,4,0.008333334,7.541667,-0.3898434,0.4396929,1.561516,3.598503,-4.390991,17.98407,0.01559734
初号机（完全体）,4,0.008333334,7.55,-0.2862544,0.4876049,1.563372,3.598503,-2.940735,16.93037,0.01559734
初号机（完全体）,4,0.008333334,7.558334,-0.174507,0.5165825,1.564136,3.598503,-1.376282,15.78597,0.01559734
初号机（完全体）,4,0.008333334,7.566667,-0.06251581,0.5258711,1.563743,3.598503,0.1915683,14.6317,0.01559734
初号机（完全体）,4,0.008333334,7.575,0.04068169,0.5164956,1.562247,3.598503,1.636322,13.56207,0.01559734
初号机（完全体）,4,0.008333334,7.583333,0.1325153,0.4911826,1.559812,3.598503,2.921982,12.60579,0.01559734
初号机（完全体）,4,0.008333334,7.591667,0.2142363,0.4541035,1.5567,3.598503,4.066068,11.7516,0.01559734
初号机（完全体）,4,0.008333334,7.6,0.2869583,0.4104671,1.553239,3.598503,5.084168,10.98911,0.01559734
初号机（完全体）,4,0.008333334,7.608334,0.3516724,0.3660029,1.549793,3.598503,5.990159,10.30884,0.01559734
初号机（完全体）,4,0.008333334,7.616667,0.4092602,0.3256993,1.546678,3.598503,6.796381,9.702204,0.01559734
初号机（完全体）,4,0.008333334,7.625,0.4605066,0.2870027,1.544091,3.598503,7.513824,9.161422,0.01559734
初号机（完全体）,4,0.008333334,7.633334,0.5061098,0.2443648,1.542321,3.598503,8.152265,8.67948,0.01559734
初号机（完全体）,4,0.008333334,7.641667,0.5466912,0.1936921,1.541574,3.598503,8.7204,8.250085,0.01559734
初号机（完全体）,4,0.008333334,7.650001,0.582804,0.1326508,1.541946,3.598503,9.225974,7.867576,0.01559734
初号机（完全体）,4,0.008333334,7.658334,0.614397,0.06080431,1.543416,3.598503,9.668274,7.532644,0.01559734
初号机（完全体）,4,0.008333334,7.666667,0.6343555,-0.02043321,1.545849,3.598503,9.947689,7.320923,0.01559734
初号机（完全体）,4,0.008333334,7.675,0.6358457,-0.108024,1.549008,3.598503,9.968553,7.305111,0.01559734
初号机（完全体）,4,0.008333334,7.683334,0.6149482,-0.1976915,1.552581,3.598503,9.675988,7.526799,0.01559734
初号机（完全体）,4,0.008333334,7.691667,0.5703367,-0.2844244,1.556212,3.598503,9.051433,7.999669,0.01559734
初号机（完全体）,4,0.008333334,7.7,0.5029926,-0.3630497,1.559537,3.598503,8.108624,8.71244,0.01559734
初号机（完全体）,4,0.008333334,7.708334,0.4159506,-0.4288154,1.562223,3.598503,6.890046,9.631653,0.01559734
初号机（完全体）,4,0.008333334,7.716667,0.3140731,-0.4779252,1.564001,3.598503,5.463771,10.70427,0.01559734
初号机（完全体）,4,0.008333334,7.725,0.2038487,-0.5079688,1.564696,3.598503,3.920642,11.86033,0.01559734
初号机（完全体）,4,0.008333334,7.733334,0.09321275,-0.5182059,1.564241,3.598503,2.371751,13.01554,0.01559734
初号机（完全体）,4,0.008333334,7.741667,-0.008778694,-0.5096745,1.56269,3.598503,0.9438821,14.0754,0.01559734
初号机（完全体）,4,0.008333334,7.75,-0.09953902,-0.4851126,1.560207,3.598503,-0.3267517,15.01407,0.01559734
初号机（完全体）,4,0.008333334,7.758334,-0.180305,-0.4487019,1.557051,3.598503,-1.457458,15.84554,0.01559734
初号机（完全体）,4,0.008333334,7.766667,-0.2521771,-0.4056603,1.553551,3.598503,-2.463684,16.58221,0.01559734
初号机（完全体）,4,0.008333334,7.775001,-0.3161348,-0.3617254,1.550071,3.598503,-3.35907,17.23504,0.01559734
初号机（完全体）,4,0.008333334,7.783334,-0.3730496,-0.3218928,1.546926,3.598503,-4.155884,17.81373,0.01559734
初号机（完全体）,4,0.008333334,7.791667,-0.4236971,-0.2864466,1.544127,3.598503,-4.864929,18.32684,0.01559734
初号机（完全体）,4,0.008333334,7.8,-0.4687674,-0.2520724,1.54182,3.598503,-5.495911,18.78192,0.01559734
初号机（完全体）,4,0.008333334,7.808334,-0.5088746,-0.213281,1.540301,3.598503,-6.057404,19.18563,0.01559734
初号机（完全体）,4,0.008333334,7.816667,-0.5445653,-0.1660312,1.539776,3.598503,-6.557068,19.54387,0.01559734
初号机（完全体）,4,0.008333334,7.825,-0.5763257,-0.1080358,1.540346,3.598503,-7.001709,19.86184,0.01559734
初号机（完全体）,4,0.008333334,7.833334,-0.6040459,-0.03889989,1.541992,3.598503,-7.389801,20.1387,0.01559734
初号机（完全体）,4,0.008333334,7.841667,-0.6205579,0.03992555,1.544582,3.598503,-7.620972,20.30333,0.01559734
初号机（完全体）,4,0.008333334,7.85,-0.6189811,0.1253699,1.547881,3.598503,-7.598877,20.28762,0.01559734
初号机（完全体）,4,0.008333334,7.858334,-0.5953543,0.2131273,1.551578,3.598503,-7.268097,20.05196,0.01559734
初号机（完全体）,4,0.008333334,7.866667,-0.5483141,0.2981604,1.55532,3.598503,-6.609558,19.58144,0.01559734
初号机（完全体）,4,0.008333334,7.875,-0.4788088,0.3752731,1.558743,3.598503,-5.636475,18.8831,0.01559734
初号机（完全体）,4,0.008333334,7.883334,-0.3898434,0.4396929,1.561516,3.598503,-4.390991,17.98407,0.01559734
初号机（完全体）,4,0.008333334,7.891667,-0.2862544,0.4876049,1.563372,3.598503,-2.940735,16.93037,0.01559734
初号机（完全体）,4,0.008333334,7.900001,-0.174507,0.5165825,1.564136,3.598503,-1.376282,15.78597,0.01559734
初号机（完全体）,4,0.008333334,7.908334,-0.06251581,0.5258711,1.563743,3.598503,0.1915685,14.6317,0.01559734
初号机（完全体）,4,0.008333334,7.916667,0.04068169,0.5164956,1.562247,3.598503,1.636322,13.56207,0.01559734
初号机（完全体）,4,0.008333334,7.925,0.1325153,0.4911826,1.559812,3.598503,2.921983,12.60579,0.01559734
初号机（完全体）,4,0.008333334,7.933334,0.2142363,0.4541035,1.5567,3.598503,4.066068,11.7516,0.01559734
初号机（完全体）,4,0.008333334,7.941667,0.2869583,0.4104671,1.553239,3.598503,5.084168,10.98911,0.01559734
初号机（完全体）,4,0.008333334,7.95,0.3516724,0.3660029,1.549793,3.598503,5.990159,10.30884,0.01559734
初号机（完全体）,4,0.008333334,7.958334,0.4092602,0.3256993,1.546678,3.598503,6.796381,9.702204,0.01559734
初号机（完全体）,4,0.008333334,7.966667,0.4605066,0.2870027,1.544091,3.598503,7.513824,9.161422,0.01559734
初号机（完全体）,4,0.008333334,7.975,0.5061098,0.2443648,1.542321,3.598503,8.152264,8.67948,0.01559734
初号机（完全体）,4,0.008333334,7.983334,0.5466912,0.1936921,1.541574,3.598503,8.7204,8.250085,0.01559734
初号机（完全体）,4,0.008333334,7.991667,0.582804,0.1326508,1.541946,3.598503,9.225973,7.867576,0.01559734
初号机（完全体）,4,0.008333334,8,0.614397,0.06080431,1.543416,3.598503,9.668274,7.532644,0.01559734
初号机（完全体）,4,0.008333334,8.008334,0.6343555,-0.02043321,1.545849,3.598503,9.947689,7.320923,0.01559734
初号机（完全体）,4,0.008333334,8.016667,0.6358457,-0.108024,1.549008,3.598503,9.968553,7.305111,0.01559734
初号机（完全体）,4,0.008333334,8.025001,0.6149482,-0.1976915,1.552581,3.598503,9.675989,7.526799,0.01559734
初号机（完全体）,4,0.008333334,8.033334,0.5703367,-0.2844244,1.556212,3.598503,9.051433,7.999669,0.01559734
初号机（完全体）,4,0.008333334,8.041667,0.5029926,-0.3630497,1.559537,3.598503,8.108624,8.71244,0.01559734
初号机（完全体）,4,0.008333334,8.05,0.4159506,-0.4288154,1.562223,3.598503,6.890046,9.631653,0.01559734
初号机（完全体）,4,0.008333334,8.058333,0.3140731,-0.4779252,1.564001,3.598503,5.463771,10.70427,0.01559734
初号机（完全体）,4,0.008333334,8.066668,0.2038487,-0.5079688,1.564696,3.598503,3.920642,11.86033,0.01559734
初号机（完全体）,4,0.008333334,8.075001,0.09321275,-0.5182059,1.564241,3.598503,2.371751,13.01554,0.01559734
初号机（完全体）,4,0.008333334,8.083334,-0.008778694,-0.5096745,1.56269,3.598503,0.9438821,14.0754,0.01559734
初号机（完全体）,4,0.008333334,8.091667,-0.09953902,-0.4851126,1.560207,3.598503,-0.3267517,15.01407,0.01559734
初号机（完全体）,4,0.008333334,8.1,-0.180305,-0.4487019,1.557051,3.598503,-1.457458,15.84554,0.01559734
初号机（完全体）,4,0.008333334,8.108334,-0.2521771,-0.4056603,1.553551,3.598503,-2.463684,16.58221,0.01559734
初号机（完全体）,4,0.008333334,8.116667,-0.3161348,-0.3617254,1.550071,3.598503,-3.35907,17.23504,0.01559734
初号机（完全体）,4,0.008333334,8.125,-0.3730496,-0.3218928,1.546926,3.598503,-4.155884,17.81373,0.01559734
初号机（完全体）,4,0.008333334,8.133334,-0.4236971,-0.2864466,1.544127,3.598503,-4.864929,18.32684,0.01559734
初号机（完全体）,4,0.008333334,8.141667,-0.4687674,-0.2520724,1.54182,3.598503,-5.495911,18.78192,0.01559734
初号机（完全体）,4,0.008333334,8.150001,-0.5088746,-0.213281,1.540301,3.598503,-6.057404,19.18563,0.01559734
初号机（完全体）,4,0.008333334,8.158334,-0.5445653,-0.1660312,1.539776,3.598503,-6.557068,19.54387,0.01559734
初号机（完全体）,4,0.008333334,8.166667,-0.5763257,-0.1080358,1.540346,3.598503,-7.001709,19.86184,0.01559734
初号机（完全体）,4,0.008333334,8.175,-0.6040459,-0.03889989,1.541992,3.598503,-7.389801,20.1387,0.01559734
初号机（完全体）,4,0.008333334,8.183333,-0.6205579,0.03992555,1.544582,3.598503,-7.620972,20.30333,0.01559734
初号机（完全体）,4,0.008333334,8.191668,-0.6189811,0.1253699,1.547881,3.598503,-7.598877,20.28762,0.01559734
初号机（完全体）,4,0.008333334,8.200001,-0.5953543,0.2131273,1.551578,3.598503,-7.268097,20.05196,0.01559734
初号机（完全体）,4,0.008333334,8.208334,-0.5483141,0.2981604,1.55532,3.598503,-6.609558,19.58144,0.01559734
初号机（完全体）,4,0.008333334,8.216667,-0.4788088,0.3752731,1.558743,3.598503,-5.636475,18.8831,0.01559734
初号机（完全体）,4,0.008333334,8.225,-0.3898434,0.4396929,1.561516,3.598503,-4.390991,17.98407,0.01559734
初号机（完全体）,4,0.008333334,8.233334,-0.2862544,0.4876049,1.563372,3.598503,-2.940735,16.93037,0.01559734
初号机（完全体）,4,0.008333334,8.241667,-0.174507,0.5165825,1.564136,3.598503,-1.376282,15.78597,0.01559734
初号机（完全体）,4,0.008333334,8.25,-0.06251581,0.5258711,1.563743,3.598503,0.1915685,14.6317,0.01559734
初号机（完全体）,4,0.008333334,8.258334,0.04068169,0.5164956,1.562247,3.598503,1.636322,13.56207,0.01559734
初号机（完全体）,4,0.008333334,8.266667,0.1325153,0.4911826,1.559812,3.598503,2.921983,12.60579,0.01559734
初号机（完全体）,4,0.008333334,8.275001,0.2142363,0.4541035,1.5567,3.598503,4.066068,11.7516,0.01559734
初号机（完全体）,4,0.008333334,8.283334,0.2869583,0.4104671,1.553239,3.598503,5.084168,10.98911,0.01559734
初号机（完全体）,4,0.008333334,8.291667,0.3516724,0.3660029,1.549793,3.598503,5.990159,10.30884,0.01559734
初号机（完全体）,4,0.008333334,8.3,0.4092602,0.3256993,1.546678,3.598503,6.79638,9.702204,0.01559734
初号机（完全体）,4,0.008333334,8.308333,0.4605066,0.2870027,1.544091,3.598503,7.513824,9.161422,0.01559734
初号机（完全体）,4,0.008333334,8.316668,0.5061098,0.2443648,1.542321,3.598503,8.152264,8.67948,0.01559734
初号机（完全体）,4,0.008333334,8.325001,0.5466912,0.1936921,1.541574,3.598503,8.7204,8.250085,0.01559734
初号机（完全体）,4,0.008333334,8.333334,0.582804,0.1326508,1.541946,3.598503,9.225974,7.867576,0.01559734
初号机（完全体）,4,0.008333334,8.341667,0.614397,0.06080431,1.543416,3.598503,9.668274,7.532644,0.01559734
初号机（完全体）,4,0.008333334,8.35,0.6343555,-0.02043321,1.545849,3.598503,9.947689,7.320923,0.01559734
初号机（完全体）,4,0.008333334,8.358334,0.6358457,-0.108024,1.549008,3.598503,9.968553,7.305111,0.01559734
初号机（完全体）,4,0.008333334,8.366667,0.6149482,-0.1976915,1.552581,3.598503,9.675988,7.526799,0.01559734
初号机（完全体）,4,0.008333334,8.375,0.5703367,-0.2844244,1.556212,3.598503,9.051433,7.999669,0.01559734
初号机（完全体）,4,0.008333334,8.383334,0.5029926,-0.3630497,1.559537,3.598503,8.108624,8.71244,0.01559734
初号机（完全体）,4,0.008333334,8.391667,0.4159506,-0.4288154,1.562223,3.598503,6.890046,9.631653,0.01559734
初号机（完全体）,4,0.008333334,8.400001,0.3140731,-0.4779252,1.564001,3.598503,5.463771,10.70427,0.01559734
初号机（完全体）,4,0.008333334,8.408334,0.2038487,-0.5079688,1.564696,3.598503,3.920642,11.86033,0.01559734
初号机（完全体）,4,0.008333334,8.416667,0.09321275,-0.5182059,1.564241,3.598503,2.371751,13.01554,0.01559734
初号机（完全体）,4,0.008333334,8.425,-0.008778694,-0.5096745,1.56269,3.598503,0.9438821,14.0754,0.01559734
初号机（完全体）,4,0.008333334,8.433333,-0.09953902,-0.4851126,1.560207,3.598503,-0.3267517,15.01407,0.01559734
初号机（完全体）,4,0.008333334,8.441668,-0.180305,-0.4487019,1.557051,3.598503,-1.457458,15.84554,0.01559734
初号机（完全体）,4,0.008333334,8.450001,-0.2521771,-0.4056603,1.553551,3.598503,-2.463684,16.58221,0.01559734
初号机（完全体）,4,0.008333334,8.458334,-0.3161348,-0.3617254,1.550071,3.598503,-3.35907,17.23504,0.01559734
初号机（完全体）,4,0.008333334,8.466667,-0.3730496,-0.3218928,1.546926,3.598503,-4.155884,17.81373,0.01559734
初号机（完全体）,4,0.008333334,8.475,-0.4236971,-0.2864466,1.544127,3.598503,-4.864929,18.32684,0.01559734
初号机（完全体）,4,0.008333334,8.483334,-0.4687674,-0.2520724,1.54182,3.598503,-5.495911,18.78192,0.01559734
初号机（完全体）,4,0.008333334,8.491667,-0.5088746,-0.213281,1.540301,3.598503,-6.057404,19.18563,0.01559734
初号机（完全体）,4,0.008333334,8.5,-0.5445653,-0.1660312,1.539776,3.598503,-6.557068,19.54387,0.01559734
初号机（完全体）,4,0.008333334,8.508334,-0.5763257,-0.1080358,1.540346,3.598503,-7.001709,19.86184,0.01559734
初号机（完全体）,4,0.008333334,8.516667,-0.6040459,-0.03889989,1.541992,3.598503,-7.389801,20.1387,0.01559734
初号机（完全体）,4,0.008333334,8.525001,-0.6205579,0.03992555,1.544582,3.598503,-7.620972,20.30333,0.01559734
初号机（完全体）,4,0.008333334,8.533334,-0.6189811,0.1253699,1.547881,3.598503,-7.598877,20.28762,0.01559734
初号机（完全体）,4,0.008333334,8.541667,-0.5953543,0.2131273,1.551578,3.598503,-7.268127,20.05196,0.01559734
初号机（完全体）,4,0.008333334,8.55,-0.5483141,0.2981604,1.55532,3.598503,-6.609558,19.58144,0.01559734
初号机（完全体）,4,0.008333334,8.558333,-0.4788088,0.3752731,1.558743,3.598503,-5.636475,18.8831,0.01559734
初号机（完全体）,4,0.008333334,8.566668,-0.3898434,0.4396929,1.561516,3.598503,-4.390991,17.98407,0.01559734
初号机（完全体）,4,0.008333334,8.575001,-0.2862544,0.4876049,1.563372,3.598503,-2.940735,16.93037,0.01559734
初号机（完全体）,4,0.008333334,8.583334,-0.174507,0.5165825,1.564136,3.598503,-1.376282,15.78597,0.01559734
初号机（完全体）,4,0.008333334,8.591667,-0.06251581,0.5258711,1.563743,3.598503,0.1915685,14.6317,0.01559734
初号机（完全体）,4,0.008333334,8.6,0.04068169,0.5164956,1.562247,3.598503,1.636322,13.56207,0.01559734
初号机（完全体）,4,0.008333334,8.608334,0.1325153,0.4911826,1.559812,3.598503,2.921982,12.60579,0.01559734
初号机（完全体）,4,0.008333334,8.616667,0.2142363,0.4541035,1.5567,3.598503,4.066068,11.7516,0.01559734
初号机（完全体）,4,0.008333334,8.625,0.2869583,0.4104671,1.553239,3.598503,5.084168,10.98911,0.01559734
初号机（完全体）,4,0.008333334,8.633334,0.3516724,0.3660029,1.549793,3.598503,5.990159,10.30884,0.01559734
初号机（完全体）,4,0.008333334,8.641667,0.4092602,0.3256993,1.546678,3.598503,6.79638,9.702204,0.01559734
初号机（完全体）,4,0.008333334,8.650001,0.4605066,0.2870027,1.544091,3.598503,7.513824,9.161422,0.01559734
初号机（完全体）,4,0.008333334,8.658334,0.5061098,0.2443648,1.542321,3.598503,8.152264,8.67948,0.01559734
初号机（完全体）,4,0.008333334,8.666667,0.5466912,0.1936921,1.541574,3.598503,8.7204,8.250085,0.01559734
初号机（完全体）,4,0.008333334,8.675,0.582804,0.1326508,1.541946,3.598503,9.225973,7.867576,0.01559734
初号机（完全体）,4,0.008333334,8.683333,0.614397,0.06080431,1.543416,3.598503,9.668274,7.532644,0.01559734
初号机（完全体）,4,0.008333334,8.691668,0.6343555,-0.02043321,1.545849,3.598503,9.947689,7.320923,0.01559734
初号机（完全体）,4,0.008333334,8.700001,0.6358457,-0.108024,1.549008,3.598503,9.968553,7.305111,0.01559734
初号机（完全体）,4,0.008333334,8.708334,0.6149482,-0.1976915,1.552581,3.598503,9.675988,7.526799,0.01559734
初号机（完全体）,4,0.008333334,8.716667,0.5703367,-0.2844244,1.556212,3.598503,9.051433,7.999669,0.01559734
初号机（完全体）,4,0.008333334,8.725,0.5029926,-0.3630497,1.559537,3.598503,8.108624,8.71244,0.01559734
初号机（完全体）,4,0.008333334,8.733334,0.4159506,-0.4288154,1.562223,3.598503,6.890046,9.631653,0.01559734
初号机（完全体）,4,0.008333334,8.741667,0.3140731,-0.4779252,1.564001,3.598503,5.463771,10.70427,0.01559734
初号机（完全体）,4,0.008333334,8.75,0.2038487,-0.5079688,1.564696,3.598503,3.920642,11.86033,0.01559734
初号机（完全体）,4,0.008333334,8.758334,0.09321275,-0.5182059,1.564241,3.598503,2.371751,13.01554,0.01559734
初号机（完全体）,4,0.008333334,8.766667,-0.008778694,-0.5096745,1.56269,3.598503,0.9438821,14.0754,0.01559734
初号机（完全体）,4,0.008333334,8.775001,-0.09953902,-0.4851126,1.560207,3.598503,-0.3267517,15.01407,0.01559734
初号机（完全体）,4,0.008333334,8.783334,-0.180305,-0.4487019,1.557051,3.598503,-1.457458,15.84554,0.01559734
初号机（完全体）,4,0.008333334,8.791667,-0.2521771,-0.4056603,1.553551,3.598503,-2.463684,16.58221,0.01559734
初号机（完全体）,4,0.008333334,8.8,-0.3161348,-0.3617254,1.550071,3.598503,-3.35907,17.23504,0.01559734
初号机（完全体）,4,0.008333334,8.808333,-0.3730496,-0.3218928,1.546926,3.598503,-4.155884,17.81373,0.01559734
初号机（完全体）,4,0.008333334,8.816668,-0.4236971,-0.2864466,1.544127,3.598503,-4.864929,18.32684,0.01559734
初号机（完全体）,4,0.008333334,8.825001,-0.4687674,-0.2520724,1.54182,3.598503,-5.495911,18.78192,0.01559734
初号机（完全体）,4,0.008333334,8.833334,-0.5088746,-0.213281,1.540301,3.598503,-6.057404,19.18563,0.01559734
初号机（完全体）,4,0.008333334,8.841667,-0.5445653,-0.1660312,1.539776,3.598503,-6.557068,19.54387,0.01559734
初号机（完全体）,4,0.008333334,8.85,-0.5763257,-0.1080358,1.540346,3.598503,-7.001709,19.86184,0.01559734
初号机（完全体）,4,0.008333334,8.858334,-0.6040459,-0.03889989,1.541992,3.598503,-7.389801,20.1387,0.01559734
初号机（完全体）,4,0.008333334,8.866667,-0.6205579,0.03992555,1.544582,3.598503,-7.620972,20.30333,0.01559734
初号机（完全体）,4,0.008333334,8.875,-0.6189811,0.1253699,1.547881,3.598503,-7.598877,20.28762,0.01559734
初号机（完全体）,4,0.008333334,8.883334,-0.5953546,0.2131273,1.551578,3.598503,-7.268127,20.05196,0.01559734
初号机（完全体）,4,0.008333334,8.891667,-0.5483144,0.2981604,1.55532,3.598503,-6.609558,19.58144,0.01559734
初号机（完全体）,4,0.008333334,8.900001,-0.478809,0.3752731,1.558743,3.598503,-5.636505,18.88311,0.01559734
初号机（完全体）,4,0.008333334,8.908334,-0.3898439,0.4396929,1.561516,3.598503,-4.390991,17.98407,0.01559734
初号机（完全体）,4,0.008333334,8.916667,-0.2862552,0.4876049,1.563372,3.598503,-2.940765,16.93037,0.01559734
初号机（完全体）,4,0.008333334,8.925,-0.1745077,0.5165825,1.564136,3.598503,-1.376312,15.78598,0.01559734
初号机（完全体）,4,0.008333334,8.933333,-0.06251664,0.5258711,1.563743,3.598503,0.1915565,14.63171,0.01559734
初号机（完全体）,4,0.008333334,8.941668,0.04068068,0.5164956,1.562247,3.598503,1.636308,13.56208,0.01559734
初号机（完全体）,4,0.008333334,8.950001,0.1325141,0.4911826,1.559812,3.598503,2.921966,12.60581,0.01559734
初号机（完全体）,4,0.008333334,8.958334,0.214235,0.4541035,1.5567,3.598503,4.066049,11.75161,0.01559734
初号机（完全体）,4,0.008333334,8.966667,0.2869569,0.4104671,1.553239,3.598503,5.084148,10.98912,0.01559734
初号机（完全体）,4,0.008333334,8.975,0.3516709,0.3660029,1.549793,3.598503,5.990137,10.30886,0.01559734
初号机（完全体）,4,0.008333334,8.983334,0.4092586,0.3256993,1.546678,3.598503,6.79636,9.702219,0.01559734
初号机（完全体）,4,0.008333334,8.991667,0.4605049,0.2870027,1.544091,3.598503,7.513801,9.161439,0.01559734
初号机（完全体）,4,0.008333334,9,0.506108,0.2443648,1.542321,3.598503,8.15224,8.679499,0.01559734
初号机（完全体）,4,0.008333334,9.008334,0.5466895,0.1936921,1.541574,3.598503,8.720374,8.250102,0.01559734
初号机（完全体）,4,0.008333334,9.016667,0.5828021,0.1326508,1.541946,3.598503,9.225948,7.867592,0.01559734
初号机（完全体）,4,0.008333334,9.025001,0.6143951,0.06080431,1.543416,3.598503,9.668246,7.532665,0.01559734
初号机（完全体）,4,0.008333334,9.033334,0.6343536,-0.02043321,1.545849,3.598386,9.947588,7.32089,0.01559734
初号机（完全体）,4,0.008333334,9.041667,0.6358437,-0.108024,1.549008,3.598291,9.968388,7.305034,0.01559734
初号机（完全体）,4,0.008333334,9.05,0.6149463,-0.1976915,1.552581,3.598216,9.675776,7.526688,0.01559734
初号机（完全体）,4,0.008333334,9.058333,0.5703348,-0.2844244,1.556212,3.598156,9.051183,7.99953,0.01559734
初号机（完全体）,4,0.008333334,9.066668,0.5029907,-0.3630497,1.559537,3.598109,8.10834,8.712285,0.01559734
初号机（完全体）,4,0.008333334,9.075001,0.4159486,-0.4288154,1.562223,3.598075,6.889738,9.631478,0.01559734
初号机（完全体）,4,0.008333334,9.083334,0.3140713,-0.4779252,1.564001,3.598049,5.463451,10.70408,0.01559734
初号机（完全体）,4,0.008333334,9.091667,0.2038468,-0.5079688,1.564696,3.598031,3.92031,11.86014,0.01559734
初号机（完全体）,4,0.008333334,9.1,0.09321111,-0.5182059,1.564241,3.59802,2.371415,13.01534,0.01559734
初号机（完全体）,4,0.008333334,9.108334,-0.008780153,-0.5096745,1.56269,3.598014,0.943544,14.0752,0.01559734
初号机（完全体）,4,0.008333334,9.116667,-0.09954032,-0.4851126,1.560207,3.598013,-0.3270874,15.01387,0.01559734
初号机（完全体）,4,0.008333334,9.125,-0.1803061,-0.4487019,1.557051,3.598015,-1.457794,15.84533,0.01559734
初号机（完全体）,4,0.008333334,9.133334,-0.2521782,-0.4056603,1.553551,3.598019,-2.463989,16.582,0.01559734
初号机（完全体）,4,0.008333334,9.141667,-0.3161358,-0.3617254,1.550071,3.598026,-3.359406,17.23484,0.01559734
初号机（完全体）,4,0.008333334,9.150001,-0.3730505,-0.3218928,1.546926,3.598034,-4.156189,17.81354,0.01559734
初号机（完全体）,4,0.008333334,9.158334,-0.4236979,-0.2864466,1.544127,3.598043,-4.865234,18.32665,0.01559734
初号机（完全体）,4,0.008333334,9.166667,-0.468768,-0.2520724,1.54182,3.598053,-5.496216,18.78172,0.01559734
初号机（完全体）,4,0.008333334,9.175,-0.5088751,-0.213281,1.540301,3.598064,-6.057709,19.18545,0.01559734
初号机（完全体）,4,0.008333334,9.183333,-0.5445657,-0.1660312,1.539776,3.598076,-6.557343,19.54369,0.01559734
初号机（完全体）,4,0.008333334,9.191668,-0.5763261,-0.1080358,1.540346,3.598088,-7.001984,19.86166,0.01559734
初号机（完全体）,4,0.008333334,9.200001,-0.6040462,-0.03889989,1.541992,3.598099,-7.390076,20.13853,0.01559734
初号机（完全体）,4,0.008333334,9.208334,-0.6205582,0.03992555,1.544582,3.598111,-7.621216,20.30317,0.01559734
初号机（完全体）,4,0.008333334,9.216667,-0.6189822,0.1253699,1.547881,3.598123,-7.599152,20.28747,0.01559734
初号机（完全体）,4,0.008333334,9.225,-0.5953566,0.2131273,1.551578,3.598133,-7.268372,20.05182,0.01559734
初号机（完全体）,4,0.008333334,9.233334,-0.5483178,0.2981604,1.55532,3.598143,-6.609833,19.58132,0.01559734
初号机（完全体）,4,0.008333334,9.241667,-0.4788142,0.3752731,1.558743,3.598153,-5.63678,18.88301,0.01559734
初号机（完全体）,4,0.008333334,9.250001,-0.3898509,0.4396929,1.561516,3.598163,-4.391296,17.984,0.01559734
初号机（完全体）,4,0.008333334,9.258334,-0.2862644,0.4876049,1.563372,3.598172,-2.941101,16.93032,0.01559734
初号机（完全体）,4,0.008333334,9.266667,-0.1745196,0.5165825,1.564136,3.598181,-1.376678,15.78596,0.01559734
初号机（完全体）,4,0.008333334,9.275001,-0.06253095,0.5258711,1.563743,3.59819,0.1911527,14.63172,0.01559734
初号机（完全体）,4,0.008333334,9.283334,0.04066428,0.5164956,1.562247,3.598197,1.63588,13.56211,0.01559734
初号机（完全体）,4,0.008333334,9.291667,0.1324958,0.4911826,1.559812,3.598204,2.921516,12.60586,0.01559734
初号机（完全体）,4,0.008333334,9.3,0.2142151,0.4541035,1.5567,3.598212,4.065582,11.75169,0.01559734
初号机（完全体）,4,0.008333334,9.308333,0.2869355,0.4104671,1.553239,3.598218,5.083664,10.98921,0.01559734
初号机（完全体）,4,0.008333334,9.316668,0.3516481,0.3660029,1.549793,3.598224,5.989636,10.30897,0.01559734
初号机（完全体）,4,0.008333334,9.325001,0.4092347,0.3256993,1.546678,3.59823,6.795846,9.702346,0.01559734
初号机（完全体）,4,0.008333334,9.333334,0.4604799,0.2870027,1.544091,3.598236,7.513278,9.161578,0.01559734
初号机（完全体）,4,0.008333334,9.341667,0.5060822,0.2443648,1.542321,3.59824,8.151709,8.679652,0.01559734
初号机（完全体）,4,0.008333334,9.35,0.5466627,0.1936921,1.541574,3.598245,8.719832,8.250267,0.01559734
初号机（完全体）,4,0.008333334,9.358334,0.5827746,0.1326508,1.541946,3.598248,9.225398,7.867767,0.01559734
初号机（完全体）,4,0.008333334,9.366667,0.614367,0.06080431,1.543416,3.598253,9.667689,7.532848,0.01559734
初号机（完全体）,4,0.008333334,9.375001,0.6343254,-0.02043321,1.545849,3.598257,9.947108,7.321129,0.01559734
初号机（完全体）,4,0.008333334,9.383334,0.6358163,-0.108024,1.549008,3.59826,9.967984,7.305313,0.01559734
初号机（完全体）,4,0.008333334,9.391667,0.6149204,-0.1976915,1.552581,3.598263,9.675446,7.526984,0.01559734
初号机（完全体）,4,0.008333334,9.400001,0.5703118,-0.2844244,1.556212,3.598266,9.050931,7.999823,0.01559734
初号机（完全体）,4,0.008333334,9.408334,0.5029712,-0.3630497,1.559537,3.598268,8.108171,8.712563,0.01559734
初号机（完全体）,4,0.008333334,9.416667,0.4159339,-0.4288154,1.562223,3.59827,6.88966,9.631721,0.01559734
初号机（完全体）,4,0.008333334,9.425,0.3140619,-0.4779252,1.564001,3.598272,5.463465,10.70428,0.01559734
初号机（完全体）,4,0.008333334,9.433333,0.2038432,-0.5079688,1.564696,3.598274,3.920417,11.86029,0.01559734
初号机（完全体）,4,0.008333334,9.441668,0.09321315,-0.5182059,1.564241,3.598277,2.37161,13.01544,0.01559734
初号机（完全体）,4,0.008333334,9.450001,-0.008773085,-0.5096745,1.56269,3.598279,0.9438151,14.07524,0.01559734
初号机（完全体）,4,0.008333334,9.458334,-0.09952877,-0.4851126,1.560207,3.598281,-0.3267517,15.01387,0.01559734
初号机（完全体）,4,0.008333334,9.466667,-0.1802906,-0.4487019,1.557051,3.598283,-1.457397,15.84529,0.01559734
初号机（完全体）,4,0.008333334,9.475,-0.2521591,-0.4056603,1.553551,3.598285,-2.463562,16.58192,0.01559734
初号机（完全体）,4,0.008333334,9.483334,-0.3161136,-0.3617254,1.550071,3.598286,-3.358917,17.23473,0.01559734
初号机（完全体）,4,0.008333334,9.491667,-0.3730255,-0.3218928,1.546926,3.598287,-4.15567,17.81339,0.01559734
初号机（完全体）,4,0.008333334,9.500001,-0.4236704,-0.2864466,1.544127,3.598289,-4.864685,18.32648,0.01559734
初号机（完全体）,4,0.008333334,9.508334,-0.4687383,-0.2520724,1.54182,3.598289,-5.495636,18.78153,0.01559734
初号机（完全体）,4,0.008333334,9.516667,-0.5088434,-0.213281,1.540301,3.59829,-6.057098,19.18523,0.01559734
初号机（完全体）,4,0.008333334,9.525001,-0.5445322,-0.1660312,1.539776,3.598291,-6.556732,19.54345,0.01559734
初号机（完全体）,4,0.008333334,9.533334,-0.5762911,-0.1080358,1.540346,3.598292,-7.001373,19.8614,0.01559734
初号机（完全体）,4,0.008333334,9.541667,-0.6040097,-0.03889989,1.541992,3.598293,-7.389435,20.13825,0.01559734
初号机（完全体）,4,0.008333334,9.55,-0.620521,0.03992555,1.544582,3.598293,-7.620575,20.30287,0.01559734
初号机（完全体）,4,0.008333334,9.558333,-0.6189443,0.1253699,1.547881,3.598294,-7.598511,20.28717,0.01559734
初号机（完全体）,4,0.008333334,9.566668,-0.5953192,0.2131273,1.551578,3.598294,-7.267761,20.05152,0.01559734
初号机（完全体）,4,0.008333334,9.575001,-0.5482819,0.2981604,1.55532,3.598294,-6.609253,19.58103,0.01559734
初号机（完全体）,4,0.008333334,9.583334,-0.4787806,0.3752731,1.558743,3.598295,-5.63623,18.88273,0.01559734
初号机（完全体）,4,0.008333334,9.591667,-0.3898205,0.4396929,1.561516,3.598295,-4.390808,17.98374,0.01559734
初号机（完全体）,4,0.008333334,9.6,-0.2862374,0.4876049,1.563372,3.598295,-2.940643,16.93011,0.01559734
初号机（完全体）,4,0.008333334,9.608334,-0.1744967,0.5165825,1.564136,3.598295,-1.376282,15.78577,0.01559734
初号机（完全体）,4,0.008333334,9.616667,-0.06251208,0.5258711,1.563743,3.598296,0.191486,14.63157,0.01559734
初号机（完全体）,4,0.008333334,9.625001,0.0406795,0.5164956,1.562247,3.598296,1.636157,13.562,0.01559734
初号机（完全体）,4,0.008333334,9.633334,0.1325078,0.4911826,1.559812,3.598296,2.921744,12.60578,0.01562757
初号机（完全体）,4,0.008333334,9.641667,0.2142241,0.4541035,1.5567,3.598296,4.065763,11.75163,0.01562757
初号机（完全体）,4,0.008333334,9.650001,0.286942,0.4104671,1.553239,3.598297,5.083806,10.98918,0.01562757
初号机（完全体）,4,0.008333334,9.658334,0.3516523,0.3660029,1.549793,3.598297,5.989743,10.30896,0.01562757
初号机（完全体）,4,0.008333334,9.666667,0.4092368,0.3256993,1.546678,3.598297,6.795919,9.702353,0.01562757
初号机（完全体）,4,0.008333334,9.675,0.4604803,0.2870027,1.544091,3.598297,7.513322,9.161602,0.01562757
初号机（完全体）,4,0.008333334,9.683333,0.5060809,0.2443648,1.542321,3.598297,8.151726,8.679693,0.01562757
初号机（完全体）,4,0.008333334,9.691668,0.54666,0.1936921,1.541574,3.598297,8.719829,8.25032,0.01562757
初号机（完全体）,4,0.008333334,9.700001,0.5827706,0.1326508,1.541946,3.598297,9.225372,7.867833,0.01562757
初号机（完全体）,4,0.008333334,9.708334,0.6143619,0.06080431,1.543416,3.598297,9.667646,7.532922,0.01562757
初号机（完全体）,4,0.008333334,9.716667,0.6343193,-0.02043321,1.545849,3.598297,9.94705,7.321213,0.01562757
初号机（完全体）,4,0.008333334,9.725,0.6358093,-0.108024,1.549008,3.598297,9.967909,7.305402,0.01562757
初号机（完全体）,4,0.008333334,9.733334,0.6149131,-0.1976915,1.552581,3.598297,9.675364,7.527075,0.01562757
初号机（完全体）,4,0.008333334,9.741667,0.5703042,-0.2844244,1.556212,3.598297,9.050845,7.999918,0.01562757
初号机（完全体）,4,0.008333334,9.750001,0.502964,-0.3630497,1.559537,3.598297,8.108088,8.71265,0.01562757
初号机（完全体）,4,0.008333334,9.758334,0.4159269,-0.4288154,1.562223,3.598297,6.889579,9.631805,0.01562757
初号机（完全体）,4,0.008333334,9.766667,0.3140551,-0.4779252,1.564001,3.598297,5.463387,10.70436,0.01562757
初号机（完全体）,4,0.008333334,9.775001,0.2038372,-0.5079688,1.564696,3.598297,3.920348,11.86036,0.01562757
初号机（完全体）,4,0.008333334,9.783334,0.09320779,-0.5182059,1.564241,3.598297,2.371547,13.0155,0.01562757
初号机（完全体）,4,0.008333334,9.791667,-0.008777852,-0.5096745,1.56269,3.598297,0.9437596,14.0753,0.01562757
初号机（完全体）,4,0.008333334,9.8,-0.09953302,-0.4851126,1.560207,3.598297,-0.3268127,15.01392,0.01562757
初号机（完全体）,4,0.008333334,9.808333,-0.1802944,-0.4487019,1.557051,3.598297,-1.457458,15.84534,0.01562757
初号机（完全体）,4,0.008333334,9.816668,-0.2521625,-0.4056603,1.553551,3.598297,-2.463593,16.58196,0.01562757
初号机（完全体）,4,0.008333334,9.825001,-0.3161165,-0.3617254,1.550071,3.598297,-3.358948,17.23476,0.01562757
初号机（完全体）,4,0.008333334,9.833334,-0.3730281,-0.3218928,1.546926,3.598297,-4.155701,17.81342,0.01562757
初号机（完全体）,4,0.008333334,9.841667,-0.4236727,-0.2864466,1.544127,3.598297,-4.864716,18.3265,0.01562757
初号机（完全体）,4,0.008333334,9.85,-0.4687404,-0.2520724,1.54182,3.598297,-5.495667,18.78155,0.01562757
初号机（完全体）,4,0.008333334,9.858334,-0.5088453,-0.213281,1.540301,3.598297,-6.057129,19.18525,0.01562757
初号机（完全体）,4,0.008333334,9.866667,-0.544534,-0.1660312,1.539776,3.598297,-6.556763,19.54347,0.01562757
初号机（完全体）,4,0.008333334,9.875001,-0.5762926,-0.1080358,1.540346,3.598297,-7.001373,19.86142,0.01562757
初号机（完全体）,4,0.008333334,9.883334,-0.6040112,-0.03889989,1.541992,3.598297,-7.389435,20.13827,0.01562757
初号机（完全体）,4,0.008333334,9.891667,-0.6205223,0.03992555,1.544582,3.598297,-7.620605,20.30289,0.01562757
初号机（完全体）,4,0.008333334,9.900001,-0.6189455,0.1253699,1.547881,3.598297,-7.598511,20.28718,0.01562757
初号机（完全体）,4,0.008333334,9.908334,-0.5953203,0.2131273,1.551578,3.598297,-7.267761,20.05153,0.01562757
初号机（完全体）,4,0.008333334,9.916667,-0.5482829,0.2981604,1.55532,3.598297,-6.609253,19.58104,0.01562757
初号机（完全体）,4,0.008333334,9.925,-0.4787815,0.3752731,1.558743,3.598297,-5.63623,18.88274,0.01562757
初号机（完全体）,4,0.008333334,9.933333,-0.3898213,0.4396929,1.561516,3.598297,-4.390808,17.98375,0.01562757
初号机（完全体）,4,0.008333334,9.941668,-0.2862381,0.4876049,1.563372,3.598297,-2.940643,16.93011,0.01562757
初号机（完全体）,4,0.008333334,9.950001,-0.1744973,0.5165825,1.564136,3.598297,-1.376282,15.78578,0.01562757
初号机（完全体）,4,0.008333334,9.958334,-0.06251262,0.5258711,1.563743,3.598297,0.1914789,14.63157,0.01562757
初号机（完全体）,4,0.008333334,9.966667,0.04067902,0.5164956,1.562247,3.598297,1.63615,13.562,0.01562757
初号机（完全体）,4,0.008333334,9.975,0.1325074,0.4911826,1.559812,3.598297,2.921738,12.60578,0.01562757
初号机（完全体）,4,0.008333334,9.983334,0.2142238,0.4541035,1.5567,3.598297,4.065757,11.75163,0.01562757
初号机（完全体）,4,0.008333334,9.991667,0.2869417,0.4104671,1.553239,3.598297,5.083801,10.98918,0.01562757
